# Exported from Mixamo Fuse 1.3.0

mtllib bitti.mtl

v 3.522004 4.278572 -9.751864
v 7.372015 4.957478 -9.944507
v 8.845363 6.977712 -7.891898
v 9.267340 7.662762 -5.829926
v 9.288248 7.667188 -4.137709
v 9.220675 7.255142 -2.606512
v 8.272644 6.875776 -1.698329
v 7.669102 6.495362 -0.992069
v 7.094061 6.106675 -0.193211
v 6.465064 5.793492 0.629552
v 5.813666 5.520184 1.357239
v 5.073562 5.133337 2.123737
v 4.103063 4.825036 2.715627
v 2.894851 4.543409 3.097648
v 1.447908 4.412884 3.342973
v 0.003227 4.079400 2.862148
v -1.447974 4.414024 3.345034
v -2.895355 4.544489 3.098192
v -4.103318 4.826830 2.716850
v -5.073321 5.133580 2.123237
v -5.813570 5.520184 1.356831
v -6.464727 5.793492 0.628869
v -7.094146 6.106614 -0.193624
v -7.670006 6.495666 -0.991826
v -8.273755 6.876734 -1.698702
v -9.221401 7.255613 -2.607626
v -9.285801 7.666458 -4.138167
v -9.267729 7.660420 -5.829907
v -8.845803 6.976876 -7.892014
v -7.372429 4.958573 -9.946238
v -3.523688 4.278556 -9.753291
v 0.001180 4.141948 -9.512074
v 5.610825 3.437113 2.442430
v -7.279170 5.041697 -0.630751
v 6.178566 4.656872 1.879091
v 7.278362 5.046228 -0.631579
v -7.637829 5.942358 -0.406069
v -5.610713 3.435926 2.444105
v 7.637912 5.942890 -0.406092
v -6.178616 4.656720 1.879372
v 4.435831 3.640239 3.186942
v -4.434256 3.638338 3.188593
v 4.552505 4.374576 2.848594
v 5.491521 4.448864 2.394171
v 3.178838 3.756834 3.469340
v 5.312297 3.683078 2.763263
v 2.215993 1.539739 3.532906
v 3.722062 2.571809 3.448853
v -4.552938 4.374318 2.849196
v -3.177782 3.757351 3.470838
v -5.490302 4.446431 2.396187
v -5.310031 3.679991 2.765797
v -2.190253 1.524471 3.533293
v -4.037896 2.461494 3.217137
v 1.951314 3.687944 3.536323
v -1.952108 3.689070 3.538083
v -2.625113 2.568402 3.769652
v 2.080292 2.616853 3.830664
v -0.448744 3.472637 3.500198
v 0.088248 2.522977 3.774073
v -1.176977 2.725677 3.836734
v 0.056145 3.256980 3.319149
v 0.480763 3.380754 3.548782
v 0.846836 2.680557 3.831134
v 0.828068 1.699646 3.951578
v 0.015247 0.545005 2.687666
v -0.432344 1.568269 3.965914
v 0.874875 1.004361 3.517324
v -1.355050 1.976361 3.923173
v 2.198041 0.746960 1.200557
v -0.155184 0.993214 3.646860
v 1.239123 0.642256 2.417464
v 0.260778 0.064160 -0.911017
v -9.096007 6.634921 -3.092105
v -6.867810 4.705186 1.116228
v -7.299374 5.642604 0.224269
v -6.811507 5.075655 1.133573
v 8.506227 6.684056 -1.728223
v 6.869255 4.706342 1.114486
v 7.300429 5.642589 0.223916
v 6.812224 5.074788 1.133810
v 4.008880 2.034149 2.623440
v -3.872769 2.885082 3.451421
v 3.353088 2.975049 3.609222
v -3.412945 1.257079 -0.944972
v -8.520745 6.732400 -1.696422
v -9.637262 7.272950 -3.754450
v -9.559655 7.192030 -5.176729
v -7.921638 5.937750 -1.227018
v -7.233200 5.185407 0.317331
v 9.270314 7.265817 -3.339724
v 9.392678 6.637080 -5.207823
v 9.482525 6.918920 -3.536171
v 8.290888 5.761602 -3.128742
v 7.234133 5.187095 0.316393
v 4.593006 2.716949 2.964444
v 5.471169 2.916562 0.439337
v 6.565801 4.136382 0.517349
v 6.047174 3.595301 1.628245
v 5.930925 3.409967 -3.122515
v 4.982097 2.558928 1.751736
v 3.646174 1.422809 -0.448982
v 6.031900 3.493137 -0.823862
v 4.398237 2.041844 -2.765544
v 2.649394 1.251239 2.668246
v -4.385061 2.112635 1.928217
v -6.729702 4.071385 -7.339289
v -9.136917 6.460643 -7.598593
v 7.960268 5.971176 -1.301475
v 7.175971 4.649390 -2.622582
v 7.448719 4.618960 -6.842254
v 6.562988 3.960918 -5.214672
v 2.666157 2.178452 -10.095048
v 4.579230 2.791526 -8.501613
v 3.513266 1.462166 1.475001
v 1.746356 0.344464 -2.736547
v -3.329013 1.675375 2.822863
v -1.648805 0.756191 2.390810
v -8.798309 5.916034 -5.403731
v -8.004608 5.471976 -2.975920
v -5.527829 3.050189 -3.653631
v -6.852500 4.321472 -2.346965
v -6.072308 3.534714 0.362370
v -6.492559 3.894051 -5.148016
v -3.197999 1.887640 -8.845581
v -4.924553 2.843779 -7.522231
v -3.484864 3.056014 -9.928726
v -4.789819 3.067085 -9.037579
v -7.561538 4.543425 -9.304499
v -9.843569 7.304520 -6.184599
v 8.502954 5.653340 -5.271254
v 6.648038 3.928861 -9.993688
v 2.871473 1.411966 -7.908215
v 4.620926 2.486708 -6.353899
v 3.842173 1.793111 -5.488249
v 2.195498 0.701870 -5.969739
v 1.374360 0.292911 -0.513871
v 2.540156 0.761711 -0.574703
v -1.166023 1.006505 3.406116
v -0.664716 0.283467 1.035370
v -1.378956 0.204768 -2.774215
v -9.386928 6.675951 -4.521819
v 6.182676 3.798275 -9.039843
v 3.176714 1.937673 -9.023213
v 2.804216 0.895415 -3.029762
v 0.121879 1.506800 -10.244814
v 0.130862 0.000030 -6.294853
v 8.858981 5.886410 -8.055541
v 3.127860 3.134606 -9.997912
v 1.247001 0.859419 -9.333056
v 2.094538 1.467109 -9.837750
v 2.499655 2.641641 -10.375759
v 2.427471 2.104788 -10.399270
v 3.044276 3.185384 -10.195317
v 0.970857 1.894818 -10.336633
v -0.588321 3.035894 -9.941065
v 0.634707 0.004593 -3.605798
v 1.103871 0.196055 -6.166296
v 7.957911 4.949813 -8.089444
v 3.467271 2.651937 -9.725519
v 2.011403 0.879599 -8.033787
v 2.625440 2.807402 -10.205647
v 2.518024 4.013749 -9.754478
v -0.255982 2.154820 -10.268083
v 4.257374 3.725142 -10.013084
v 7.448957 4.059341 -10.468456
v 0.336615 3.016414 -9.937879
v 8.354744 5.462107 -9.180927
v 0.055806 1.799240 -10.261544
v 8.226063 5.095759 -9.194855
v 8.936479 6.377504 -8.560222
v 9.701894 7.107295 -6.420056
v 9.552168 7.307820 -5.991292
v 6.976573 4.429825 -10.236968
v -0.194323 2.278077 -10.182485
v -1.101549 0.646286 -8.904430
v -0.007135 0.588346 -9.480916
v -0.448303 1.212962 -10.112423
v -2.006063 1.654875 -10.199613
v -0.212556 2.372378 3.853111
v -2.917156 1.093933 1.263819
v -6.118174 3.681694 1.638058
v -4.857179 2.354388 0.304910
v -4.277497 1.939102 -2.782620
v -5.484015 2.945653 -1.405939
v -3.773537 1.812470 -6.203164
v -2.353145 0.768311 -5.698345
v -2.257780 1.118493 -8.475354
v -1.064374 0.205544 -6.467845
v -0.494030 0.340571 -8.547722
v -8.516988 5.460814 -7.650703
v -9.442638 6.538034 -6.428884
v -6.546967 3.912908 -10.335752
v -9.001122 6.007902 -8.775215
v -7.280740 4.213134 -10.138809
v -7.406495 4.242773 -10.395302
v 9.738023 7.394701 -3.869550
v 0.602708 0.420349 -8.740720
v -3.308644 2.880505 -10.361128
v -0.218616 3.337930 -9.944998
v -2.668767 2.291429 -10.150691
v -2.661469 2.316293 -10.401355
v -1.750626 0.453030 0.018158
v -2.373133 0.646286 -3.185006
v -5.670873 3.684599 -10.018730
v -2.669353 3.425753 -10.040299
v -2.999330 3.748531 -9.885979
vt 0.047202 0.966382
vt 0.047494 0.957300
vt 0.040921 0.953850
vt 0.034279 0.952623
vt 0.028577 0.952500
vt 0.023284 0.952765
vt 0.020140 0.955109
vt 0.017695 0.956630
vt 0.014953 0.958060
vt 0.012148 0.959583
vt 0.009663 0.961140
vt 0.006999 0.962884
vt 0.004897 0.965167
vt 0.003447 0.968021
vt 0.002506 0.971495
vt 0.003714 0.974995
vt 0.002500 0.978511
vt 0.003446 0.981986
vt 0.004893 0.984839
vt 0.007001 0.987121
vt 0.009664 0.988866
vt 0.012150 0.990422
vt 0.014954 0.991947
vt 0.017694 0.993379
vt 0.020141 0.994900
vt 0.023288 0.997243
vt 0.028579 0.997500
vt 0.034278 0.997383
vt 0.040921 0.996157
vt 0.047500 0.992706
vt 0.047206 0.983628
vt 0.046652 0.975000
vt 0.016793 0.965130
vt 0.024673 0.989444
vt 0.013748 0.962664
vt 0.024670 0.960561
vt 0.021696 0.991872
vt 0.016793 0.984874
vt 0.021695 0.958134
vt 0.013749 0.987341
vt 0.010594 0.966197
vt 0.010595 0.983802
vt 0.007994 0.964982
vt 0.010894 0.963852
vt 0.007329 0.967723
vt 0.013539 0.965206
vt 0.015424 0.970766
vt 0.013673 0.968125
vt 0.007995 0.985021
vt 0.007327 0.982281
vt 0.010898 0.986148
vt 0.013539 0.984791
vt 0.015447 0.979192
vt 0.015301 0.982131
vt 0.005731 0.970136
vt 0.005726 0.979868
vt 0.011247 0.980550
vt 0.010220 0.970170
vt 0.005749 0.977216
vt 0.009129 0.974062
vt 0.008888 0.978556
vt 0.006654 0.975212
vt 0.006101 0.972683
vt 0.008848 0.971998
vt 0.012651 0.972777
vt 0.018616 0.974975
vt 0.012914 0.976236
vt 0.016109 0.973221
vt 0.012020 0.978381
vt 0.021355 0.971202
vt 0.015650 0.975340
vt 0.019169 0.972787
vt 0.023872 0.974520
vt 0.027402 0.993281
vt 0.019414 0.988313
vt 0.018250 0.990793
vt 0.016209 0.988928
vt 0.024343 0.955728
vt 0.019414 0.961692
vt 0.018245 0.959214
vt 0.016210 0.961080
vt 0.018224 0.968209
vt 0.012507 0.982338
vt 0.010846 0.968204
vt 0.024540 0.981157
vt 0.023968 0.994536
vt 0.026867 0.995549
vt 0.031327 0.994917
vt 0.024949 0.991755
vt 0.021685 0.989725
vt 0.026050 0.953841
vt 0.031242 0.956928
vt 0.027897 0.956024
vt 0.028228 0.958994
vt 0.021683 0.960280
vt 0.015990 0.967028
vt 0.023112 0.965348
vt 0.022731 0.962767
vt 0.020018 0.964275
vt 0.028184 0.963664
vt 0.020386 0.966535
vt 0.023979 0.968541
vt 0.025241 0.963884
vt 0.027123 0.966558
vt 0.018473 0.970404
vt 0.020075 0.982390
vt 0.033963 0.988502
vt 0.036547 0.993877
vt 0.025062 0.958178
vt 0.027794 0.961327
vt 0.033395 0.960670
vt 0.030884 0.962250
vt 0.038078 0.966249
vt 0.035005 0.963771
vt 0.021025 0.969050
vt 0.026021 0.971550
vt 0.017852 0.980724
vt 0.019214 0.977915
vt 0.031520 0.991475
vt 0.028132 0.990398
vt 0.028673 0.985746
vt 0.027439 0.988015
vt 0.023268 0.985989
vt 0.030793 0.987636
vt 0.034617 0.983912
vt 0.033414 0.986144
vt 0.039783 0.986604
vt 0.036511 0.986990
vt 0.038991 0.990427
vt 0.034275 0.995256
vt 0.031278 0.959103
vt 0.041111 0.960399
vt 0.032659 0.967453
vt 0.031532 0.964893
vt 0.030007 0.966640
vt 0.029680 0.969781
vt 0.023521 0.972512
vt 0.023824 0.970450
vt 0.016487 0.977291
vt 0.021488 0.976180
vt 0.025970 0.977748
vt 0.030136 0.993160
vt 0.037313 0.961400
vt 0.034990 0.965986
vt 0.026701 0.969459
vt 0.037831 0.972944
vt 0.029381 0.974663
vt 0.036639 0.957537
vt 0.040609 0.963591
vt 0.034300 0.970650
vt 0.036147 0.968431
vt 0.042318 0.969678
vt 0.039490 0.968408
vt 0.042983 0.966694
vt 0.039346 0.970803
vt 0.042890 0.972998
vt 0.026674 0.973669
vt 0.029436 0.972219
vt 0.035894 0.959564
vt 0.037840 0.964193
vt 0.032308 0.969357
vt 0.040692 0.965571
vt 0.044723 0.964006
vt 0.040246 0.978315
vt 0.042991 0.962165
vt 0.045069 0.959651
vt 0.042727 0.975949
vt 0.042004 0.957110
vt 0.038775 0.975690
vt 0.039502 0.958471
vt 0.039095 0.955879
vt 0.035642 0.955036
vt 0.032271 0.954600
vt 0.044718 0.957657
vt 0.040339 0.973961
vt 0.033305 0.978767
vt 0.034105 0.975049
vt 0.036681 0.977807
vt 0.037584 0.981191
vt 0.009687 0.976327
vt 0.021336 0.979987
vt 0.019867 0.985911
vt 0.023239 0.983484
vt 0.027093 0.983229
vt 0.025904 0.985118
vt 0.030860 0.983539
vt 0.029448 0.980468
vt 0.033186 0.981440
vt 0.029771 0.977770
vt 0.032375 0.976763
vt 0.035347 0.991281
vt 0.033606 0.993104
vt 0.044568 0.989061
vt 0.040624 0.993178
vt 0.042397 0.991022
vt 0.045424 0.991132
vt 0.029489 0.954385
vt 0.032747 0.972817
vt 0.042808 0.981582
vt 0.044532 0.978752
vt 0.038573 0.983921
vt 0.040078 0.982188
vt 0.022936 0.978114
vt 0.026703 0.979761
vt 0.041283 0.988715
vt 0.043129 0.984653
vt 0.043329 0.986943
vn -0.097494 0.421178 -0.901723
vn -0.043957 0.551639 -0.832924
vn 0.094309 0.829954 -0.549803
vn 0.235072 0.949783 -0.206529
vn 0.275492 0.957088 0.089924
vn 0.231070 0.876391 0.422546
vn 0.261353 0.756265 0.599799
vn 0.281709 0.733533 0.618522
vn 0.317317 0.737708 0.595901
vn 0.334651 0.721713 0.605920
vn 0.310232 0.676793 0.667613
vn 0.260430 0.633791 0.728345
vn 0.209892 0.596013 0.775057
vn 0.142399 0.538649 0.830410
vn -0.099802 0.466807 0.878710
vn -0.000183 0.436098 0.899899
vn 0.098792 0.466867 0.878792
vn -0.142975 0.538653 0.830308
vn -0.210024 0.595595 0.775342
vn -0.260884 0.633550 0.728391
vn -0.310414 0.676887 0.667433
vn -0.334661 0.721870 0.605728
vn -0.316727 0.737661 0.596272
vn -0.280791 0.733588 0.618874
vn -0.260749 0.756430 0.599853
vn -0.232040 0.875628 0.423596
vn -0.281476 0.955082 0.092683
vn -0.241432 0.947927 -0.207712
vn -0.096076 0.828339 -0.551927
vn 0.043802 0.551791 -0.832831
vn 0.097712 0.421767 -0.901424
vn 0.000163 0.351674 -0.936122
vn 0.758067 -0.326968 0.564293
vn -0.809778 -0.575279 0.115387
vn 0.573547 0.355079 0.738216
vn 0.807493 -0.580727 0.103494
vn -0.774895 0.241609 0.584092
vn -0.747821 -0.329528 0.576346
vn 0.790565 0.216144 0.572965
vn -0.573323 0.355483 0.738195
vn 0.352073 0.196318 0.915152
vn -0.319263 0.227050 0.920065
vn 0.294811 0.445877 0.845151
vn 0.414813 0.434838 0.799279
vn 0.144525 0.348860 0.925964
vn 0.547298 0.003298 0.836932
vn 0.340058 -0.568351 0.749224
vn 0.400397 -0.305649 0.863864
vn -0.295882 0.445271 0.845096
vn -0.138104 0.338905 0.930629
vn -0.414864 0.434750 0.799300
vn -0.548862 0.000661 0.835913
vn -0.335783 -0.619905 0.709202
vn -0.509569 -0.506326 0.695682
vn 0.016728 0.315242 0.948864
vn -0.012388 0.323843 0.946030
vn -0.215124 -0.051215 0.975243
vn 0.126634 0.031257 0.991457
vn 0.259917 0.380830 0.887362
vn -0.102797 0.290531 0.951328
vn 0.005626 0.233440 0.972355
vn -0.038639 0.481395 0.875651
vn -0.285458 0.380047 0.879817
vn -0.055965 0.234445 0.970517
vn 0.078405 -0.192753 0.978110
vn -0.009941 -0.957099 0.289589
vn -0.031918 -0.195135 0.980257
vn 0.201231 -0.793439 0.574422
vn -0.118550 -0.161732 0.979688
vn 0.382448 -0.914940 0.128907
vn -0.015727 -0.702765 0.711249
vn 0.226768 -0.947654 0.224784
vn 0.045215 -0.995420 0.084229
vn -0.807961 -0.532394 0.252499
vn -0.888721 -0.259174 0.378157
vn -0.721465 0.370691 0.584873
vn -0.628813 0.379888 0.678439
vn 0.849322 -0.072308 0.522900
vn 0.886550 -0.252376 0.387732
vn 0.721752 0.370599 0.584577
vn 0.629107 0.379215 0.678543
vn 0.524658 -0.754160 0.394938
vn -0.380511 -0.111078 0.918081
vn 0.239600 0.054703 0.969329
vn -0.536212 -0.843796 0.022033
vn -0.835000 -0.096004 0.541810
vn -0.978259 -0.084478 0.189400
vn -0.985848 0.151228 0.072348
vn -0.849703 -0.463092 0.252093
vn -0.906735 -0.338551 0.251426
vn 0.891541 0.129115 0.434146
vn 0.869284 -0.489468 0.069038
vn 0.870506 -0.352022 0.343949
vn 0.748078 -0.649692 0.135204
vn 0.912152 -0.320009 0.256072
vn 0.598322 -0.540634 0.591376
vn 0.690117 -0.723489 0.017374
vn 0.800964 -0.596070 0.056185
vn 0.766776 -0.621387 0.161035
vn 0.664419 -0.747127 -0.018670
vn 0.644661 -0.746757 0.163604
vn 0.577604 -0.816100 0.018840
vn 0.727161 -0.686388 0.010428
vn 0.636466 -0.770779 -0.028455
vn 0.401224 -0.859078 0.317811
vn -0.605758 -0.773199 0.187672
vn -0.586663 -0.809822 -0.003840
vn -0.929010 -0.299898 -0.216796
vn 0.847548 -0.461772 0.261592
vn 0.716064 -0.695536 0.059014
vn 0.588975 -0.807954 0.017853
vn 0.639564 -0.768678 -0.009578
vn 0.670915 -0.462435 -0.579679
vn 0.558133 -0.811438 -0.173365
vn 0.513717 -0.849472 0.120387
vn 0.383925 -0.923355 -0.004229
vn -0.474452 -0.807874 0.349620
vn -0.308508 -0.915075 0.259730
vn -0.691962 -0.718877 0.066366
vn -0.736714 -0.665882 0.117703
vn -0.653040 -0.756643 -0.032089
vn -0.723056 -0.690157 0.029546
vn -0.766648 -0.640521 0.044548
vn -0.649292 -0.760443 0.012113
vn -0.570388 -0.771353 -0.282262
vn -0.585425 -0.804511 -0.100197
vn -0.263852 -0.210745 -0.941259
vn -0.502733 -0.807291 -0.309097
vn -0.601366 -0.798347 0.031639
vn -0.954118 0.242788 -0.175254
vn 0.698880 -0.712372 0.063970
vn 0.416050 -0.857728 -0.302001
vn 0.565669 -0.806691 -0.171077
vn 0.612134 -0.784264 -0.101105
vn 0.592844 -0.801783 -0.075374
vn 0.491981 -0.867343 -0.075304
vn 0.273138 -0.959313 0.071513
vn 0.450264 -0.891917 0.041790
vn -0.220950 -0.740408 0.634805
vn -0.147009 -0.981881 0.119576
vn -0.217311 -0.975973 0.015909
vn -0.837579 -0.540240 0.081253
vn 0.493247 -0.854260 -0.164156
vn 0.591155 -0.741915 -0.316381
vn 0.529167 -0.848094 -0.026811
vn 0.115972 -0.624033 -0.772744
vn 0.012690 -0.995762 -0.091091
vn 0.819189 -0.571391 -0.049415
vn 0.219311 -0.185397 -0.957878
vn 0.240718 -0.814241 -0.528268
vn 0.441286 -0.776364 -0.450030
vn -0.021039 0.247232 -0.968728
vn 0.539496 -0.438678 -0.718683
vn 0.613618 -0.467979 0.635979
vn 0.004374 -0.232916 -0.972487
vn -0.241248 0.199841 -0.949665
vn 0.131635 -0.991267 0.007920
vn 0.327535 -0.941309 -0.081599
vn 0.637008 -0.769820 0.039984
vn 0.523183 -0.498235 -0.691405
vn 0.475373 -0.863091 -0.170572
vn 0.836306 -0.216929 -0.503521
vn 0.067784 0.172062 -0.982751
vn 0.069107 0.043649 -0.996654
vn -0.049631 -0.257704 -0.964948
vn 0.110536 -0.257443 -0.959950
vn 0.988789 -0.066429 0.133732
vn 0.500070 0.209159 -0.840347
vn 0.040651 -0.468970 -0.882278
vn 0.768218 -0.599352 -0.224988
vn 0.839811 0.066541 -0.538786
vn 0.956313 0.246843 -0.156637
vn 0.904216 0.426548 0.021201
vn 0.851555 0.106034 -0.513431
vn 0.367266 -0.046493 0.928953
vn -0.351995 -0.887187 -0.298326
vn -0.065705 -0.840053 -0.538511
vn -0.106341 -0.615323 -0.781069
vn -0.405238 -0.691900 -0.597542
vn 0.131209 0.262583 0.955947
vn -0.461255 -0.878238 0.126259
vn -0.751752 -0.639503 0.160949
vn -0.653154 -0.756688 0.028528
vn -0.610641 -0.791067 -0.036479
vn -0.683902 -0.729486 -0.011316
vn -0.593590 -0.798583 -0.099580
vn -0.504271 -0.858671 -0.091617
vn -0.512218 -0.832515 -0.211071
vn -0.332512 -0.939155 -0.086163
vn -0.205155 -0.935818 -0.286629
vn -0.744983 -0.666010 -0.037840
vn -0.857170 -0.514973 -0.007969
vn -0.037830 -0.392943 -0.918785
vn -0.910046 -0.175098 -0.375710
vn -0.474701 -0.864801 0.163642
vn -0.544578 -0.366523 -0.754385
vn 0.923907 0.272509 0.268577
vn 0.266140 -0.906275 -0.328384
vn -0.091127 0.092714 -0.991514
vn 0.128555 0.358947 -0.924462
vn -0.699498 -0.461607 -0.545547
vn -0.745733 -0.468760 -0.473441
vn -0.362568 -0.929280 0.070589
vn -0.471374 -0.881760 -0.017513
vn -0.257313 -0.900053 -0.351703
vn -0.910532 -0.404809 -0.084029
vn -0.188124 -0.214385 -0.958462

usemtl fuse_material
f 12/12/12 13/13/13 43/43/43
f 52/52/52 38/38/38 54/54/54
f 90/90/90 37/37/37 89/89/89
f 13/13/13 14/14/14 45/45/45
f 35/35/35 46/46/46 33/33/33
f 33/33/33 46/46/46 96/96/96
f 8/8/8 9/9/9 80/80/80
f 23/23/23 24/24/24 76/76/76
f 11/11/11 35/35/35 10/10/10
f 46/46/46 44/44/44 41/41/41
f 35/35/35 11/11/11 44/44/44
f 48/48/48 82/82/82 96/96/96
f 99/99/99 33/33/33 101/101/101
f 54/54/54 106/106/106 117/117/117
f 16/16/16 59/59/59 62/62/62
f 40/40/40 52/52/52 51/51/51
f 6/6/6 7/7/7 78/78/78
f 21/21/21 51/51/51 20/20/20
f 57/57/57 54/54/54 53/53/53
f 63/63/63 64/64/64 55/55/55
f 49/49/49 20/20/20 51/51/51
f 34/34/34 90/90/90 89/89/89
f 140/140/140 203/203/203 141/141/141
f 49/49/49 19/19/19 20/20/20
f 21/21/21 22/22/22 40/40/40
f 93/93/93 109/109/109 94/94/94
f 129/129/129 108/108/108 194/194/194
f 109/109/109 39/39/39 95/95/95
f 80/80/80 95/95/95 39/39/39
f 45/45/45 55/55/55 58/58/58
f 109/109/109 36/36/36 94/94/94
f 41/41/41 84/84/84 48/48/48
f 7/7/7 39/39/39 78/78/78
f 40/40/40 77/77/77 38/38/38
f 91/91/91 78/78/78 93/93/93
f 46/46/46 35/35/35 44/44/44
f 36/36/36 109/109/109 95/95/95
f 44/44/44 43/43/43 41/41/41
f 80/80/80 9/9/9 81/81/81
f 160/160/160 162/162/162 149/149/149
f 45/45/45 41/41/41 43/43/43
f 81/81/81 9/9/9 10/10/10
f 12/12/12 43/43/43 44/44/44
f 72/72/72 68/68/68 66/66/66
f 40/40/40 22/22/22 77/77/77
f 86/86/86 89/89/89 37/37/37
f 13/13/13 45/45/45 43/43/43
f 86/86/86 26/26/26 87/87/87
f 26/26/26 86/86/86 25/25/25
f 46/46/46 41/41/41 48/48/48
f 27/27/27 28/28/28 88/88/88
f 15/15/15 55/55/55 14/14/14
f 50/50/50 49/49/49 42/42/42
f 130/130/130 28/28/28 29/29/29
f 72/72/72 66/66/66 73/73/73
f 25/25/25 37/37/37 24/24/24
f 106/106/106 54/54/54 38/38/38
f 50/50/50 19/19/19 49/49/49
f 44/44/44 11/11/11 12/12/12
f 7/7/7 8/8/8 39/39/39
f 55/55/55 45/45/45 14/14/14
f 38/38/38 77/77/77 75/75/75
f 18/18/18 19/19/19 50/50/50
f 42/42/42 49/49/49 51/51/51
f 18/18/18 56/56/56 17/17/17
f 56/56/56 18/18/18 50/50/50
f 42/42/42 51/51/51 52/52/52
f 40/40/40 51/51/51 21/21/21
f 54/54/54 57/57/57 83/83/83
f 38/38/38 52/52/52 40/40/40
f 50/50/50 42/42/42 57/57/57
f 71/71/71 67/67/67 139/139/139
f 42/42/42 52/52/52 83/83/83
f 53/53/53 117/117/117 118/118/118
f 41/41/41 45/45/45 84/84/84
f 58/58/58 55/55/55 64/64/64
f 17/17/17 59/59/59 16/16/16
f 57/57/57 61/61/61 50/50/50
f 50/50/50 61/61/61 56/56/56
f 17/17/17 56/56/56 59/59/59
f 58/58/58 47/47/47 48/48/48
f 61/61/61 57/57/57 69/69/69
f 60/60/60 63/63/63 62/62/62
f 61/61/61 59/59/59 56/56/56
f 65/65/65 58/58/58 64/64/64
f 65/65/65 64/64/64 60/60/60
f 62/62/62 59/59/59 180/180/180
f 69/69/69 67/67/67 180/180/180
f 63/63/63 15/15/15 16/16/16
f 180/180/180 60/60/60 62/62/62
f 62/62/62 63/63/63 16/16/16
f 63/63/63 55/55/55 15/15/15
f 47/47/47 58/58/58 65/65/65
f 64/64/64 63/63/63 60/60/60
f 47/47/47 65/65/65 68/68/68
f 65/65/65 71/71/71 68/68/68
f 47/47/47 82/82/82 48/48/48
f 122/122/122 185/185/185 123/123/123
f 69/69/69 57/57/57 53/53/53
f 67/67/67 65/65/65 60/60/60
f 68/68/68 72/72/72 105/105/105
f 66/66/66 68/68/68 71/71/71
f 61/61/61 69/69/69 180/180/180
f 139/139/139 67/67/67 69/69/69
f 98/98/98 97/97/97 103/103/103
f 135/135/135 104/104/104 145/145/145
f 139/139/139 118/118/118 66/66/66
f 67/67/67 71/71/71 65/65/65
f 47/47/47 68/68/68 105/105/105
f 137/137/137 70/70/70 72/72/72
f 103/103/103 97/97/97 104/104/104
f 179/179/179 188/188/188 125/125/125
f 142/142/142 87/87/87 88/88/88
f 27/27/27 88/88/88 87/87/87
f 37/37/37 76/76/76 24/24/24
f 106/106/106 182/182/182 183/183/183
f 77/77/77 22/22/22 23/23/23
f 90/90/90 75/75/75 76/76/76
f 77/77/77 76/76/76 75/75/75
f 23/23/23 76/76/76 77/77/77
f 78/78/78 91/91/91 6/6/6
f 197/197/197 92/92/92 173/173/173
f 95/95/95 79/79/79 98/98/98
f 35/35/35 33/33/33 81/81/81
f 8/8/8 80/80/80 39/39/39
f 79/79/79 80/80/80 81/81/81
f 79/79/79 81/81/81 33/33/33
f 35/35/35 81/81/81 10/10/10
f 79/79/79 99/99/99 98/98/98
f 115/115/115 82/82/82 105/105/105
f 54/54/54 83/83/83 52/52/52
f 83/83/83 57/57/57 42/42/42
f 84/84/84 58/58/58 48/48/48
f 58/58/58 84/84/84 45/45/45
f 198/198/198 161/161/161 158/158/158
f 126/126/126 124/124/124 107/107/107
f 25/25/25 86/86/86 37/37/37
f 74/74/74 86/86/86 87/87/87
f 87/87/87 142/142/142 74/74/74
f 27/27/27 87/87/87 26/26/26
f 119/119/119 120/120/120 142/142/142
f 130/130/130 88/88/88 28/28/28
f 120/120/120 34/34/34 89/89/89
f 74/74/74 89/89/89 86/86/86
f 37/37/37 90/90/90 76/76/76
f 75/75/75 90/90/90 123/123/123
f 91/91/91 5/5/5 6/6/6
f 172/172/172 4/4/4 173/173/173
f 171/171/171 3/3/3 172/172/172
f 166/166/166 2/2/2 174/174/174
f 5/5/5 91/91/91 197/197/197
f 94/94/94 92/92/92 93/93/93
f 94/94/94 110/110/110 131/131/131
f 138/138/138 102/102/102 115/115/115
f 99/99/99 97/97/97 98/98/98
f 79/79/79 95/95/95 80/80/80
f 48/48/48 96/96/96 46/46/46
f 33/33/33 96/96/96 101/101/101
f 94/94/94 36/36/36 110/110/110
f 101/101/101 115/115/115 102/102/102
f 98/98/98 36/36/36 95/95/95
f 103/103/103 110/110/110 36/36/36
f 97/97/97 99/99/99 101/101/101
f 33/33/33 99/99/99 79/79/79
f 112/112/112 131/131/131 110/110/110
f 161/161/161 135/135/135 136/136/136
f 102/102/102 97/97/97 101/101/101
f 96/96/96 82/82/82 101/101/101
f 102/102/102 104/104/104 97/97/97
f 70/70/70 138/138/138 115/115/115
f 98/98/98 103/103/103 36/36/36
f 104/104/104 100/100/100 103/103/103
f 112/112/112 110/110/110 100/100/100
f 157/157/157 116/116/116 137/137/137
f 70/70/70 105/105/105 72/72/72
f 105/105/105 82/82/82 47/47/47
f 53/53/53 54/54/54 117/117/117
f 183/183/183 185/185/185 184/184/184
f 107/107/107 128/128/128 126/126/126
f 120/120/120 124/124/124 122/122/122
f 108/108/108 191/191/191 192/192/192
f 107/107/107 129/129/129 128/128/128
f 109/109/109 78/78/78 39/39/39
f 78/78/78 109/109/109 93/93/93
f 92/92/92 94/94/94 131/131/131
f 100/100/100 110/110/110 103/103/103
f 143/143/143 170/170/170 159/159/159
f 112/112/112 114/114/114 111/111/111
f 143/143/143 160/160/160 149/149/149
f 144/144/144 114/114/114 134/134/134
f 152/152/152 155/155/155 156/156/156
f 134/134/134 112/112/112 100/100/100
f 111/111/111 114/114/114 143/143/143
f 160/160/160 114/114/114 144/144/144
f 70/70/70 115/115/115 105/105/105
f 82/82/82 115/115/115 101/101/101
f 135/135/135 134/134/134 100/100/100
f 136/136/136 145/145/145 116/116/116
f 118/118/118 139/139/139 53/53/53
f 181/181/181 118/118/118 117/117/117
f 66/66/66 118/118/118 140/140/140
f 85/85/85 181/181/181 106/106/106
f 120/120/120 89/89/89 74/74/74
f 191/191/191 129/129/129 107/107/107
f 34/34/34 120/120/120 122/122/122
f 124/124/124 120/120/120 119/119/119
f 34/34/34 122/122/122 123/123/123
f 181/181/181 85/85/85 203/203/203
f 123/123/123 90/90/90 34/34/34
f 121/121/121 122/122/122 124/124/124
f 75/75/75 123/123/123 182/182/182
f 106/106/106 183/183/183 85/85/85
f 126/126/126 186/186/186 121/121/121
f 119/119/119 107/107/107 124/124/124
f 184/184/184 185/185/185 121/121/121
f 201/201/201 206/206/206 202/202/202
f 124/124/124 126/126/126 121/121/121
f 128/128/128 201/201/201 125/125/125
f 195/195/195 194/194/194 196/196/196
f 129/129/129 191/191/191 108/108/108
f 126/126/126 128/128/128 125/125/125
f 128/128/128 205/205/205 127/127/127
f 205/205/205 128/128/128 129/129/129
f 29/29/29 194/194/194 108/108/108
f 192/192/192 142/142/142 88/88/88
f 108/108/108 130/130/130 29/29/29
f 111/111/111 131/131/131 112/112/112
f 92/92/92 131/131/131 148/148/148
f 111/111/111 143/143/143 159/159/159
f 166/166/166 163/163/163 1/1/1
f 155/155/155 153/153/153 151/151/151
f 135/135/135 145/145/145 136/136/136
f 112/112/112 134/134/134 114/114/114
f 133/133/133 134/134/134 135/135/135
f 135/135/135 161/161/161 133/133/133
f 104/104/104 135/135/135 100/100/100
f 151/151/151 150/150/150 155/155/155
f 187/187/187 176/176/176 189/189/189
f 73/73/73 137/137/137 72/72/72
f 70/70/70 137/137/137 138/138/138
f 102/102/102 138/138/138 145/145/145
f 116/116/116 138/138/138 137/137/137
f 69/69/69 53/53/53 139/139/139
f 71/71/71 139/139/139 66/66/66
f 140/140/140 73/73/73 66/66/66
f 141/141/141 73/73/73 140/140/140
f 73/73/73 157/157/157 137/137/137
f 176/176/176 187/187/187 188/188/188
f 74/74/74 142/142/142 120/120/120
f 119/119/119 142/142/142 192/192/192
f 159/159/159 148/148/148 131/131/131
f 149/149/149 132/132/132 143/143/143
f 113/113/113 144/144/144 151/151/151
f 133/133/133 144/144/144 134/134/134
f 116/116/116 145/145/145 138/138/138
f 102/102/102 145/145/145 104/104/104
f 167/167/167 175/175/175 169/169/169
f 157/157/157 73/73/73 141/141/141
f 158/158/158 116/116/116 157/157/157
f 146/146/146 169/169/169 175/175/175
f 172/172/172 173/173/173 92/92/92
f 170/170/170 168/168/168 171/171/171
f 163/163/163 154/154/154 1/1/1
f 153/153/153 152/152/152 154/154/154
f 151/151/151 144/144/144 133/133/133
f 198/198/198 177/177/177 146/146/146
f 153/153/153 113/113/113 151/151/151
f 161/161/161 150/150/150 151/151/151
f 152/152/152 1/1/1 154/154/154
f 1/1/1 152/152/152 32/32/32
f 162/162/162 160/160/160 113/113/113
f 152/152/152 153/153/153 155/155/155
f 113/113/113 153/153/153 162/162/162
f 163/163/163 162/162/162 154/154/154
f 32/32/32 152/152/152 156/156/156
f 150/150/150 146/146/146 155/155/155
f 32/32/32 156/156/156 167/167/167
f 175/175/175 156/156/156 155/155/155
f 136/136/136 116/116/116 158/158/158
f 147/147/147 157/157/157 141/141/141
f 161/161/161 136/136/136 158/158/158
f 158/158/158 157/157/157 147/147/147
f 111/111/111 159/159/159 131/131/131
f 170/170/170 148/148/148 159/159/159
f 113/113/113 160/160/160 144/144/144
f 114/114/114 160/160/160 143/143/143
f 198/198/198 150/150/150 161/161/161
f 133/133/133 161/161/161 151/151/151
f 149/149/149 162/162/162 163/163/163
f 154/154/154 162/162/162 153/153/153
f 149/149/149 165/165/165 132/132/132
f 165/165/165 149/149/149 163/163/163
f 32/32/32 167/167/167 200/200/200
f 190/190/190 178/178/178 177/177/177
f 165/165/165 166/166/166 132/132/132
f 166/166/166 165/165/165 163/163/163
f 132/132/132 166/166/166 168/168/168
f 1/1/1 2/2/2 166/166/166
f 164/164/164 199/199/199 200/200/200
f 169/169/169 164/164/164 167/167/167
f 132/132/132 168/168/168 170/170/170
f 2/2/2 3/3/3 174/174/174
f 164/164/164 169/169/169 178/178/178
f 198/198/198 158/158/158 147/147/147
f 143/143/143 132/132/132 170/170/170
f 148/148/148 170/170/170 171/171/171
f 148/148/148 171/171/171 172/172/172
f 171/171/171 168/168/168 3/3/3
f 148/148/148 172/172/172 92/92/92
f 4/4/4 172/172/172 3/3/3
f 93/93/93 92/92/92 197/197/197
f 173/173/173 4/4/4 5/5/5
f 174/174/174 168/168/168 166/166/166
f 168/168/168 174/174/174 3/3/3
f 146/146/146 175/175/175 155/155/155
f 156/156/156 175/175/175 167/167/167
f 179/179/179 178/178/178 176/176/176
f 126/126/126 125/125/125 186/186/186
f 177/177/177 169/169/169 146/146/146
f 178/178/178 169/169/169 177/177/177
f 179/179/179 164/164/164 178/178/178
f 190/190/190 176/176/176 178/178/178
f 199/199/199 164/164/164 202/202/202
f 127/127/127 201/201/201 128/128/128
f 59/59/59 61/61/61 180/180/180
f 180/180/180 67/67/67 60/60/60
f 106/106/106 181/181/181 117/117/117
f 203/203/203 140/140/140 118/118/118
f 182/182/182 38/38/38 75/75/75
f 38/38/38 182/182/182 106/106/106
f 184/184/184 85/85/85 183/183/183
f 123/123/123 183/183/183 182/182/182
f 85/85/85 204/204/204 203/203/203
f 186/186/186 184/184/184 121/121/121
f 121/121/121 185/185/185 122/122/122
f 123/123/123 185/185/185 183/183/183
f 184/184/184 186/186/186 187/187/187
f 187/187/187 186/186/186 188/188/188
f 85/85/85 184/184/184 204/204/204
f 189/189/189 204/204/204 187/187/187
f 176/176/176 188/188/188 179/179/179
f 188/188/188 186/186/186 125/125/125
f 189/189/189 147/147/147 141/141/141
f 177/177/177 147/147/147 190/190/190
f 190/190/190 189/189/189 176/176/176
f 189/189/189 190/190/190 147/147/147
f 130/130/130 108/108/108 192/192/192
f 119/119/119 191/191/191 107/107/107
f 130/130/130 192/192/192 88/88/88
f 192/192/192 191/191/191 119/119/119
f 207/207/207 205/205/205 193/193/193
f 193/193/193 30/30/30 31/31/31
f 129/129/129 194/194/194 195/195/195
f 194/194/194 29/29/29 30/30/30
f 129/129/129 195/195/195 205/205/205
f 193/193/193 195/195/195 196/196/196
f 196/196/196 30/30/30 193/193/193
f 30/30/30 196/196/196 194/194/194
f 93/93/93 197/197/197 91/91/91
f 197/197/197 173/173/173 5/5/5
f 150/150/150 198/198/198 146/146/146
f 177/177/177 198/198/198 147/147/147
f 167/167/167 164/164/164 200/200/200
f 31/31/31 199/199/199 206/206/206
f 200/200/200 31/31/31 32/32/32
f 200/200/200 199/199/199 31/31/31
f 179/179/179 201/201/201 202/202/202
f 201/201/201 179/179/179 125/125/125
f 179/179/179 202/202/202 164/164/164
f 206/206/206 199/199/199 202/202/202
f 204/204/204 141/141/141 203/203/203
f 181/181/181 203/203/203 118/118/118
f 141/141/141 204/204/204 189/189/189
f 187/187/187 204/204/204 184/184/184
f 206/206/206 127/127/127 207/207/207
f 193/193/193 205/205/205 195/195/195
f 193/193/193 31/31/31 207/207/207
f 201/201/201 127/127/127 206/206/206
f 205/205/205 207/207/207 127/127/127
f 206/206/206 207/207/207 31/31/31

g Body

v 0.002092 7.962562 -7.521111
v 0.000608 6.900884 2.177432
v 0.002061 8.606719 2.279647
v 0.003812 9.341543 2.422592
v 0.000836 33.590939 -0.048117
v -0.000119 33.069458 -3.891720
v 0.002878 33.469097 1.614308
v 0.004764 33.154819 3.130722
v 0.006867 32.156586 5.760102
v 0.003230 30.264900 7.712746
v -0.010186 27.426369 9.330092
v 0.002097 28.932364 -8.876728
v 0.001784 22.604435 -9.641203
v -0.004878 11.218660 3.239645
v -0.057620 12.437522 7.947353
v -0.054128 12.528493 6.417527
v -0.077541 13.904860 9.713791
v -0.060721 12.649803 8.831709
v -0.065151 14.458349 9.637888
v -0.072101 15.400831 9.650328
v -0.078493 16.675734 9.990487
v -0.056799 15.950687 10.293569
v -0.014391 16.911585 10.534439
v -0.056272 16.584717 10.125183
v -0.011033 17.389038 10.493149
v 0.011523 18.118298 10.263788
v 0.052195 18.489496 10.365183
v -0.009751 20.539627 11.266029
v 0.025015 19.285667 11.750044
v -0.031138 21.083385 10.857638
v -0.020518 20.810671 11.067899
v -0.033226 21.350901 10.641261
v -0.055118 22.217558 10.027801
v -0.046841 15.565087 10.068424
v -0.018787 17.179434 10.608097
v 0.011588 18.655865 10.677079
v 0.013755 18.829458 11.056534
v 0.016433 18.939333 11.365880
v 0.023435 19.129244 11.656806
v -0.046411 24.551567 9.916189
v -0.017169 12.615724 4.986998
v 0.000994 19.095224 -7.925945
v 0.002021 14.083729 -5.302949
v -0.014753 10.789962 -5.704762
v -0.015064 9.847556 -6.063888
v -0.002421 12.169902 3.993684
v -0.033833 22.900995 9.740393
v -0.076601 16.839212 9.793128
v 0.001180 4.141948 -9.512074
v 0.001368 6.418732 -8.633685
v 0.006253 5.610212 2.308645
v -0.000910 17.717474 -6.780543
v -0.033188 23.287949 9.755589
v -0.049397 24.010515 9.852712
v 0.000032 32.157196 -5.960461
v 0.001223 30.727877 -7.690668
v -0.022455 25.489092 9.814095
v -0.012575 26.388794 9.634650
v 0.003519 24.724644 -9.927503
v -0.034807 21.625835 10.428218
v -0.006752 10.012511 2.593185
v 0.003227 4.079400 2.862148
v 6.221562 20.759756 2.520001
v 6.114848 19.499498 2.068690
v 6.025667 19.058544 1.155024
v 6.152103 19.632883 1.562525
v 3.392136 10.251284 -0.110693
v 4.770713 7.587075 -0.067082
v 4.202233 7.357016 0.528587
v 5.295521 7.860277 -0.684997
v 6.181389 8.457002 -1.921281
v 6.534514 8.970572 -3.764340
v 5.512506 8.686649 -6.103902
v 4.167415 8.203950 -6.936007
v 2.259395 7.970089 -7.409315
v 1.855972 7.038405 2.042552
v 4.887764 9.639640 -2.210299
v 4.318592 9.364947 -1.144531
v 3.908843 9.274935 -0.574559
v 1.667564 8.896452 1.773494
v 2.926929 9.206577 0.652241
v 1.426798 9.619566 1.909959
v 3.037696 10.193267 0.411134
v 3.293620 32.401852 -3.537339
v 2.836596 32.933567 0.112818
v 3.970500 32.224564 0.272150
v 4.519521 31.622698 -3.065900
v 1.491820 33.414196 -0.003126
v 1.730455 32.904049 -3.807602
v 1.425759 33.306057 1.629133
v 3.762626 32.183990 1.694668
v 2.693192 32.845394 1.659861
v 5.610772 30.475403 0.594394
v 5.449377 30.496008 1.748217
v 5.822408 30.269737 -0.662328
v 1.376735 32.995033 3.107913
v 3.624637 31.977686 2.945323
v 2.596406 32.565956 3.043593
v 2.469060 31.557884 5.612435
v 3.517029 31.123848 5.164514
v 1.247874 32.006107 5.728687
v 1.834601 30.157019 7.492730
v 4.059727 29.587044 6.404367
v 0.917306 30.234972 7.661077
v 0.586981 27.455339 9.292683
v 2.818868 27.792231 8.499949
v 6.590246 27.372519 0.734881
v 6.482487 27.332355 1.764422
v 5.572464 27.351868 5.260957
v 6.894129 23.645157 1.026767
v 1.902061 28.770311 -8.688018
v 4.877312 27.745968 -7.380709
v 3.561580 28.335136 -8.153544
v 6.339180 26.353514 -5.258113
v 5.574043 21.681053 -6.055506
v 6.900433 25.019608 -2.674069
v 6.211884 21.179876 -3.540112
v 4.337213 22.094027 -8.388269
v 3.008021 22.363899 -9.094579
v 1.536461 22.540670 -9.506543
v 4.966465 18.332966 -3.041694
v 4.594945 19.014669 -5.013394
v 3.603657 19.055866 -6.699829
v 2.630796 19.074238 -7.369852
v 1.347582 19.085764 -7.805152
v 6.961174 21.783005 -1.945959
v 6.925831 24.010775 -0.895311
v 1.499022 11.737402 2.913709
v 2.306420 13.204540 5.604402
v 3.094654 13.602277 5.225047
v 3.254484 13.777086 6.194958
v 2.608238 13.320999 6.602964
v 1.497642 12.864852 6.087139
v 1.887466 12.921880 7.133810
v 2.156780 13.225512 8.106207
v 1.865511 14.396896 9.066780
v 2.387880 14.657476 8.627933
v 2.785966 14.909920 8.172806
v 2.549162 15.304097 8.560669
v 2.159162 15.107601 8.890315
v 2.752764 13.654331 7.500946
v 3.194862 14.119040 7.051966
v 4.538849 15.170590 5.044555
v 4.770084 15.166043 4.185337
v 4.295554 15.220471 5.784315
v 4.549404 16.095097 5.790553
v 4.368268 14.352795 0.204995
v 4.130313 14.167994 0.862243
v 6.285419 22.205299 2.624716
v 6.152579 22.184450 3.444792
v 6.078756 24.022804 3.592651
v 6.045934 19.312508 2.770314
v 5.203086 18.625282 6.094099
v 5.790167 18.979876 4.398578
v 5.942987 19.126110 3.557307
v 3.407591 15.586926 7.578885
v 4.014454 15.305055 6.439104
v 3.593705 16.010027 7.500329
v 3.306607 16.116798 7.924037
v 3.120285 15.840479 8.044475
v 2.590878 16.388981 8.606881
v 2.135891 16.087950 9.008167
v 1.854550 15.894192 9.208441
v 1.701229 14.859933 9.177908
v 1.468607 15.670718 9.423697
v 1.671851 16.794960 9.252745
v 1.910563 16.523932 9.228718
v 1.629212 16.393225 9.550673
v 1.381142 16.760666 9.504559
v 1.288612 16.232071 9.853156
v 1.048907 16.758036 9.753788
v 1.537284 16.688446 9.369626
v 1.683487 16.915266 9.605890
v 1.351297 16.952950 9.886871
v 1.271974 16.703289 9.597433
v 2.549634 16.907890 8.637691
v 2.068166 16.849052 8.848069
v 2.261473 16.715607 8.826730
v 2.368692 16.860199 8.686860
v 2.515108 16.941133 8.698824
v 2.785553 17.133219 8.688771
v 1.723200 17.352602 9.632199
v 1.398600 17.404627 9.936380
v 4.695302 18.377722 6.977647
v 3.537937 17.298767 8.009583
v 4.172836 17.836061 7.390279
v 3.299632 17.149796 8.233969
v 2.885852 16.960371 8.553717
v 3.149724 17.452986 8.429284
v 3.348962 17.637680 8.276104
v 3.909481 18.202105 7.926247
v 1.664839 18.048328 9.623946
v 1.282189 18.054029 9.913087
v 2.022899 18.414614 9.218466
v 2.444385 19.440905 8.944839
v 2.176297 19.051867 9.045141
v 1.152988 19.871777 9.645205
v 1.274807 19.254141 9.432778
v 1.300481 20.136234 9.470282
v 1.037018 18.801310 9.735152
v 1.237689 19.786251 9.823792
v 1.199000 19.012936 10.231646
v 0.868251 18.343351 10.147721
v 0.960298 18.769176 9.831318
v 0.837238 18.793234 10.065291
v 1.073072 18.976576 10.278609
v 0.984916 19.064201 10.283717
v 0.727369 19.141804 11.274338
v 0.708810 19.211788 11.110095
v 0.896364 19.342482 10.944185
v 0.945277 19.245611 10.994599
v 0.773179 19.281317 11.314470
v 0.766697 20.244314 10.823512
v 1.033286 19.285652 11.025254
v 0.846065 20.099113 10.551444
v 1.686948 19.643423 9.233965
v 1.516621 20.431381 9.308520
v 0.886019 20.858742 9.996950
v 0.737601 21.024410 10.238392
v 0.738842 20.456671 10.637291
v 0.828852 20.255341 10.419908
v 0.847561 20.499556 10.236818
v 0.738858 20.716688 10.443758
v 4.789197 21.750263 7.633619
v 5.271062 22.452831 6.955672
v 4.339716 21.598188 7.923484
v 2.865714 21.527884 8.355338
v 4.822111 24.824009 8.026259
v 5.240183 24.548252 7.374308
v 3.400345 24.957363 9.168548
v 0.589709 22.146051 9.571931
v 0.748825 22.021351 9.136075
v 5.637889 23.795742 6.290189
v 5.480240 24.233929 6.781900
v 2.770480 24.793488 9.465286
v 4.071872 21.961647 8.013317
v 4.452713 22.108093 7.783894
v 3.388245 24.422745 9.235974
v 2.727068 24.224697 9.431499
v 4.757691 24.314102 8.251543
v 5.183506 24.079954 7.707748
v 5.419517 23.829624 7.196875
v 3.303855 23.990807 9.116423
v 4.982083 23.639301 7.826163
v 4.561415 23.892429 8.312051
v 5.196956 23.459368 7.477084
v 4.914811 23.193800 7.582561
v 4.706979 23.375803 7.872676
v 4.392380 23.612917 8.209354
v 3.202766 23.676287 8.867270
v 4.313075 22.920856 7.936183
v 4.535625 22.792368 7.698441
v 4.048587 23.125198 8.252273
v 3.136716 23.305954 8.651458
v 2.763182 23.191093 8.599506
v 2.664628 23.818386 9.194864
v 2.671928 23.549259 8.847039
v 2.057153 22.611750 8.294476
v 1.375315 15.967872 9.746022
v 1.716926 16.195223 9.448302
v 2.015427 16.343998 9.128891
v 2.539659 16.711515 8.609032
v 2.404340 16.581598 8.742326
v 2.698308 16.928360 8.618488
v 2.631102 17.018845 8.717514
v 1.717055 17.123213 9.641632
v 1.397401 17.187038 9.953016
v 1.044664 17.011696 10.142536
v 0.978171 16.696354 9.780744
v 1.044852 17.281902 10.267271
v 1.052201 17.456255 10.200931
v 0.938464 18.070606 10.136328
v 0.459530 18.406143 10.331491
v 0.373442 18.701153 10.684409
v 1.583673 23.436207 9.139946
v 1.717818 23.211273 8.679955
v 1.561337 23.782526 9.583765
v 0.899544 22.846355 8.919677
v 1.388572 23.011341 8.588573
v 1.100744 23.171505 9.112240
v 0.729042 22.968927 9.375343
v 2.869046 21.855118 8.349016
v 4.970377 22.579372 7.253087
v 2.497154 21.895676 8.367645
v 5.328506 23.221750 7.126485
v 1.269427 20.587364 9.506660
v 1.112155 20.280949 9.709648
v 0.441802 18.847570 10.945891
v 0.542373 18.960562 11.190595
v 0.540742 19.044735 11.036813
v 0.739047 18.572239 10.212239
v 0.461302 18.675240 10.500392
v 0.451007 18.950327 10.861782
v 0.483568 18.789188 10.532332
v 0.710075 18.823330 10.166409
v 0.372402 19.063608 10.693630
v 0.414967 19.241095 10.821846
v 0.760687 18.926239 10.062712
v 0.507551 19.477934 10.972590
v 0.734435 19.605844 10.751893
v 0.936151 19.161863 10.242018
v 1.741682 21.360085 8.694266
v 2.465160 21.572731 8.419861
v 0.660128 24.653776 9.861722
v 1.015510 12.699972 5.106351
v 1.936487 13.039814 4.699203
v 2.729556 13.571223 4.356376
v 2.253147 13.113843 3.445465
v 3.986957 10.420116 -1.207416
v 3.702713 10.336552 -0.652489
v 4.568007 14.568771 -0.399407
v 4.679747 13.844531 -1.943165
v 4.238239 14.099073 -3.403711
v 3.068714 14.186121 -4.715092
v 2.238510 14.145122 -5.226333
v 1.185299 14.084033 -5.429616
v 4.433820 10.658569 -2.266824
v 4.460377 10.896369 -3.509250
v 3.530332 11.010576 -4.988037
v 2.602637 10.975949 -5.569631
v 1.383039 10.875504 -5.762325
v 4.808226 9.957020 -3.571803
v 3.897668 10.117474 -5.144968
v 2.915805 10.056978 -5.781578
v 1.580039 9.939272 -6.095711
v 1.630050 12.622415 3.791095
v 0.848839 12.342841 4.007676
v 4.759912 27.563662 6.686568
v 5.193346 27.419556 6.025676
v 0.561734 22.983223 9.562698
v 3.405141 27.872053 8.065798
v 4.710168 22.670845 7.519520
v 4.323190 22.356417 7.939066
v 4.001452 22.199810 8.140044
v 2.875154 22.124533 8.397621
v 2.570118 22.216904 8.378606
v 1.885743 21.883389 8.336948
v 2.018103 22.358652 8.153299
v 1.785033 22.372673 8.134165
v 0.936730 22.186991 8.653649
v 5.025151 22.983435 7.337633
v 5.530573 23.500078 6.775045
v 1.786754 21.619919 8.472054
v 1.471122 21.728912 8.491838
v 1.416558 21.502062 8.779800
v 3.963495 22.416866 8.164474
v 4.220204 22.557474 7.997120
v 3.123628 23.267708 8.522337
v 4.263484 22.892830 7.796372
v 4.514565 22.740465 7.670997
v 3.979964 23.140133 8.132477
v 2.066894 22.615278 8.059172
v 2.790937 23.156815 8.485911
v 2.948911 22.363306 8.412332
v 2.061342 22.386709 8.001225
v 1.920456 22.431679 7.991290
v 0.505657 18.992893 10.089416
v 0.336635 18.981426 10.395909
v 0.286474 19.095573 10.527898
v 0.275666 19.360275 10.583573
v 0.651091 19.104668 9.986608
v 0.488872 19.551874 10.627180
v 0.624233 19.558868 10.532888
v 0.847809 19.506418 10.393385
v 0.891517 19.272102 10.170262
v 0.471458 19.528028 10.238091
v 0.965872 16.868320 9.629044
v 1.284031 16.848322 9.431518
v 1.599655 16.859211 9.199833
v 2.092350 16.834118 8.778344
v 6.472413 8.771203 -2.707165
v 4.924093 9.813004 -2.852940
v 4.530867 10.791012 -2.840435
v 4.567327 13.993793 -2.681105
v 4.920820 18.794861 -3.859273
v 5.896537 21.413418 -4.727781
v 6.669297 25.677010 -4.041074
v 6.261315 29.264418 -0.415290
v 6.109458 29.451014 0.701088
v 5.996403 29.491997 1.774647
v 6.268116 8.964794 -4.934021
v 4.489234 10.071425 -4.357722
v 4.125653 10.971706 -4.247261
v 3.728698 14.169180 -4.087834
v 4.208362 19.069492 -5.899487
v 5.188253 21.878750 -7.377382
v 5.824571 27.082664 -6.415275
v 5.416795 30.713551 -2.521085
v 4.884086 31.394192 0.444954
v 4.681128 31.391651 1.721236
v 4.548753 31.260988 2.849898
v 4.425074 30.586416 4.718796
v 4.478887 30.035147 5.374982
v 4.323256 27.741390 7.208920
v 4.345105 24.942688 8.505883
v 4.313075 24.421513 8.658237
v 4.186930 23.981819 8.636624
v 4.043150 23.718351 8.504366
v 3.792597 23.281897 8.431357
v 3.743331 23.241018 8.324841
v 3.606735 22.328039 8.277863
v 3.631060 22.121508 8.294205
v 3.671690 21.864866 8.193783
v 3.834982 21.520950 8.106493
v 3.752833 18.928778 8.340187
v 3.482653 18.509342 8.407620
v 3.035358 17.940416 8.559579
v 2.493228 17.879539 8.964283
v 2.324193 17.342838 9.077249
v 2.247899 17.115351 9.095092
v 2.210232 16.909836 9.077185
v 2.059248 16.719973 8.936955
v 1.858564 16.848383 8.964653
v 1.884128 16.827869 9.026515
v 2.096816 16.625048 9.008779
v 2.231238 16.460714 8.930507
v 2.391010 16.224970 8.795371
v 2.861859 15.558016 8.261524
v 3.125575 15.218327 7.820665
v 3.640282 14.695662 6.737246
v 3.850933 14.412605 5.930839
v 3.910192 14.204963 5.002216
v 3.719846 14.184205 3.901138
v 3.523880 7.151275 1.078427
v 7.417519 8.129357 -2.730056
v 7.040654 7.734344 -1.889662
v 9.288248 7.667188 -4.137709
v 9.267340 7.662762 -5.829926
v 8.845363 6.977712 -7.891898
v 7.501456 8.395488 -5.272064
v 6.847157 7.912514 -6.850159
v 7.609437 8.405068 -3.884497
v 7.372016 4.957478 -9.944507
v 5.345014 6.954947 -7.995632
v 5.813666 5.520184 1.357239
v 9.220675 7.255142 -2.606512
v 6.465064 5.793492 0.629552
v 7.094061 6.106675 -0.193211
v 7.669102 6.495362 -0.992069
v 8.272644 6.875776 -1.698329
v 3.522004 4.278572 -9.751864
v 2.834299 6.495940 -8.476779
v 4.103063 4.825036 2.715627
v 5.073562 5.133337 2.123737
v 2.894851 4.543409 3.097648
v 5.468062 6.718592 0.196511
v 4.832750 6.465951 0.861938
v 2.168126 5.884540 2.312834
v 6.054611 6.989863 -0.536914
v 4.103271 6.156646 1.416287
v 3.468505 9.233464 0.007760
v 5.844642 18.787350 0.607660
v 4.376472 17.801237 -3.854733
v 5.192340 18.067245 -1.678065
v 3.899758 18.068188 -5.202017
v 4.189092 18.070166 -4.585999
v 2.531986 17.721306 -6.391456
v 3.399555 17.844929 -5.744641
v 1.316649 17.694618 -6.757787
v 5.202965 18.033287 -1.165662
v 5.543253 17.270725 1.070641
v 0.983951 23.483335 9.539258
v 0.632514 23.471838 9.672860
v 1.609783 24.325083 9.757260
v 0.660765 24.035730 9.796661
v 3.968206 21.084251 8.190193
v 4.540039 21.112614 7.922973
v 6.254318 21.425751 2.593707
v 6.168303 21.419851 3.353690
v 5.517742 22.372004 6.541376
v 2.911472 21.142588 8.478182
v 2.472928 21.204285 8.561080
v 1.831609 31.985731 -5.835080
v 3.493930 31.479399 -5.453445
v 4.763887 30.720470 -4.804254
v 5.663536 29.841221 -4.064137
v 6.264433 28.969833 -3.306890
v 1.893952 30.555880 -7.521356
v 3.578150 30.064604 -7.039398
v 4.874935 29.375935 -6.292908
v 5.798331 28.603456 -5.400370
v 6.367778 27.799454 -4.415338
v 6.917180 25.186401 -1.354768
v 6.874481 24.045660 0.504158
v 5.858304 24.863304 4.933445
v 5.598584 25.444534 5.856665
v 5.238621 25.708565 6.671449
v 4.792381 25.909790 7.385052
v 4.317797 26.048208 7.920484
v 3.372197 26.108278 8.725013
v 2.818503 26.084053 9.077568
v 0.585919 25.380404 9.796075
v 2.397131 16.790670 8.682818
v 6.350217 21.442738 1.959695
v 6.447896 22.245874 1.817294
v 6.177937 19.273714 1.267298
v 6.444573 21.428032 1.597476
v 6.028240 18.835617 0.850737
v 6.889550 19.379633 -0.805983
v 7.380971 20.773792 -1.713941
v 7.689229 20.744473 -1.658827
v 7.623238 24.256725 -0.890725
v 7.829986 24.118610 -0.720710
v 7.157769 24.026272 0.558122
v 7.386134 23.848009 0.555940
v 7.091154 23.369173 0.993360
v 6.555499 22.084385 1.512033
v 6.241835 19.749418 1.472964
v 6.617942 19.453831 -0.921240
v 0.590536 26.404459 9.597303
v 2.827477 26.837976 8.834515
v 3.387026 26.900738 8.453992
v 4.352765 26.831667 7.607251
v 4.807570 26.698298 7.040596
v 5.255764 26.475233 6.360236
v 5.651715 26.339933 5.522233
v 6.190557 25.037840 3.697230
v 6.474277 22.959986 1.850950
v 6.685838 23.050409 1.469980
v 6.850086 22.798649 1.305630
v 8.128410 23.222771 -1.559838
v 7.838109 23.283052 -1.770186
v 6.915713 23.038548 -1.603425
v 6.578857 22.401857 -3.379041
v 6.269793 22.808048 -4.788016
v 5.961856 23.217707 -6.165810
v 5.514611 23.608204 -7.485451
v 4.536143 23.978352 -8.441058
v 3.183261 24.369139 -9.195138
v 1.668316 24.630919 -9.727444
v 0.707318 21.353182 10.016055
v 0.887551 21.208588 9.756413
v 1.361600 20.909063 9.299221
v 1.644755 20.754068 9.128708
v 2.354545 20.443335 8.862714
v 2.847372 20.299456 8.729181
v 4.038298 19.990364 8.304919
v 4.622877 19.883015 7.866929
v 5.111992 19.867746 7.309679
v 5.990644 20.475269 4.867355
v 6.076380 20.610054 4.007930
v 6.142416 20.706104 3.211683
v 6.292688 20.800390 1.943894
v 6.367591 20.804998 1.611750
v 6.373209 19.264650 0.634689
v 6.187893 18.746471 0.321600
v 5.820461 18.865454 -0.019334
v 5.172349 17.982145 -0.715294
v 2.750923 16.530350 8.495310
v 4.208737 16.013510 6.429871
v 4.852309 16.178890 5.110422
v 5.134373 16.250305 4.376457
v 3.207160 11.100102 0.425977
v 1.381620 10.286184 2.092600
v 3.125793 5.957839 1.795555
v 2.744859 7.015092 1.577507
v 2.364147 8.891905 1.274315
v 2.334630 10.102479 1.212758
v 2.419899 10.788639 1.312183
v 3.419855 13.819135 2.249561
v 4.575550 13.664597 -1.282251
v 4.241988 10.549562 -1.735990
v 4.657618 9.496112 -1.668533
v 5.762237 8.158038 -1.282707
v 6.559048 7.364681 -1.234656
v 0.977671 6.962915 2.214914
v 0.831108 8.684429 2.146993
v 0.764518 9.428317 2.253690
v 0.739766 10.096213 2.434075
v 1.114936 5.786497 2.553046
v 0.794349 11.364181 3.153776
v 1.447908 4.412884 3.342973
v 2.330454 16.873779 8.642791
v 2.024540 16.803642 8.834951
v 1.498920 16.740911 9.203688
v 1.245805 16.739786 9.421382
v 0.978386 16.756758 9.577493
v -0.055992 16.638567 9.872156
v -0.040348 14.564269 6.280134
v -0.039338 18.512703 7.776283
v 1.216564 18.472677 7.589008
v 1.119100 14.819800 6.112427
v 1.681381 15.042179 5.956877
v 1.809465 18.281366 7.247364
v 2.176634 15.374477 5.672905
v 2.231326 17.981277 6.852032
v 2.798034 17.242577 6.342939
v 2.559593 15.776791 5.388222
v 2.808222 16.227554 5.343409
v 2.901687 16.702620 5.623267
v 1.528502 16.852171 9.086934
v 1.184774 16.875422 9.256001
v 0.867952 16.901884 9.401369
v -0.073441 16.880943 9.535843
v -0.054669 16.738129 9.731934
v 0.987883 16.879953 9.403355
v 1.252224 16.860823 9.230886
v 1.523994 16.864138 9.043503
v 2.202472 17.032881 8.549173
v 2.379258 16.945711 8.448733
v 2.140352 16.763845 8.557571
v 1.887887 16.764393 8.817799
v -0.002387 14.378099 1.747053
v -0.007445 15.927344 1.725761
v 0.826804 15.918828 1.756912
v 0.839963 14.661734 1.795098
v 1.566094 15.329463 1.647376
v 1.530176 16.025736 1.607811
v 2.088505 15.757827 1.808751
v 2.099089 16.056211 1.783122
v 1.146009 17.408823 9.042530
v 1.485548 17.446402 8.886956
v 1.760617 17.469183 8.717538
v 2.439144 17.274328 7.903027
v 2.614942 16.761305 7.202638
v 2.493233 16.483131 7.285794
v 2.263663 16.194265 7.492015
v 1.921654 15.999047 7.875759
v 1.394875 15.885281 8.309996
v 0.902441 15.834335 8.507872
v -0.074837 16.113621 8.876998
v -0.034174 17.365831 9.273380
v -0.028949 18.341070 4.387254
v 0.998592 18.085297 4.362617
v 1.532958 17.874857 4.265266
v 2.023839 17.665678 4.091053
v 2.594417 17.497057 4.243950
v 2.868520 16.939323 3.301935
v 2.764339 16.201290 3.029396
v 2.411140 15.590590 3.063939
v 1.992495 15.094767 3.155545
v 1.505467 14.704087 3.295364
v 0.879789 14.420194 3.375500
v -0.009204 14.228428 3.417381
v 3.860484 22.464252 7.970697
v 3.536873 22.381721 8.144617
v 4.122576 22.600071 7.811011
v 3.206910 23.615152 8.130148
v 3.649904 23.623350 8.010848
v 4.324441 22.933935 7.657428
v 4.345774 22.763641 7.626055
v 3.994583 23.491379 7.860350
v 2.030424 22.867615 7.748267
v 2.855448 23.520395 8.086679
v 2.944149 22.409552 8.278461
v 2.132573 22.328861 7.691750
v 3.776550 22.446201 7.516414
v 3.432012 22.309547 7.642943
v 4.029941 22.584925 7.482661
v 3.199546 23.414612 7.510622
v 3.493138 23.459185 7.467167
v 4.283782 22.976576 7.410054
v 4.352805 22.767246 7.358113
v 3.867412 23.345251 7.429157
v 2.247682 22.834646 7.473543
v 2.858074 23.268148 7.473628
v 2.762385 22.208311 7.748644
v 2.334518 22.564804 7.317184
v 3.746058 22.647928 7.147635
v 3.419541 22.538830 7.198964
v 4.028040 22.707008 7.217466
v 3.299621 23.031490 7.026303
v 3.721265 23.124271 7.048374
v 4.210940 22.861410 7.255534
v 4.180854 22.773876 7.287450
v 4.031550 23.021940 7.116563
v 2.647180 22.760250 7.182936
v 2.919089 22.894503 7.096802
v 3.060719 22.446886 7.223567
v 2.771192 22.396017 7.269048
v 6.867459 22.657949 0.948226
v 6.698458 22.072205 0.990726
v 6.555397 20.846226 0.962405
v 7.339892 20.000341 -1.255787
v 7.076659 20.011549 -1.368818
v 6.528145 20.200518 -1.514539
v 7.008990 23.188265 0.769221
v 7.164014 23.660896 0.400403
v 7.648725 23.808470 -0.635412
v 8.046382 23.031080 -1.209234
v 6.998334 19.714912 -0.399047
v 7.396616 20.189901 -0.778722
v 7.711390 20.839838 -1.174933
v 6.303429 18.861790 0.516747
v 7.012535 19.428358 -0.674031
v 7.414282 19.983477 -1.056085
v 7.752877 20.776407 -1.449408
v 8.133124 23.119329 -1.323557
v 7.822002 23.914968 -0.609113
v 7.351101 23.729467 0.480090
v 7.095558 23.261580 0.876771
v 6.892880 22.695299 1.098118
v 6.646339 21.978769 1.176809
v 6.553884 21.309124 1.247449
v 7.876972 21.732105 -1.364325
v 7.957519 21.723680 -1.572963
v 7.919470 21.732485 -1.791427
v 7.632633 21.737291 -1.907920
v 6.864227 21.486261 -0.019950
v 7.223280 21.536659 -0.124997
v 6.400529 21.562435 0.274494
v 6.145241 20.995380 0.235258
v 6.810217 20.938900 0.040551
v 7.259484 20.949591 -0.130158
v 7.016934 22.172756 0.390704
v 6.686490 22.063795 0.813936
v 6.487510 20.911951 0.771478
v 6.459739 20.694790 1.292109
v 6.485457 20.578163 1.040721
v 6.387500 19.724417 1.090956
v 6.242243 19.004770 0.931360
v 6.364757 19.442106 0.885984
v 6.319795 19.465799 1.224506
v 7.273940 22.293974 0.294801
v 6.396888 20.600807 0.836252
v 6.383046 20.029236 1.122155
v 6.332215 19.891045 1.383847
v 6.351451 20.092255 0.895452
v 6.183278 20.576111 0.728414
v 6.728188 20.451546 0.154541
v 7.130498 20.453432 -0.004783
v 6.223426 20.162027 0.847541
v 6.392755 19.989574 0.864736
v 6.257782 20.146120 0.768560
v 6.440033 19.881191 0.772910
v 6.363264 20.066965 0.632459
v 6.810410 20.002623 0.189934
v 6.516959 20.219603 0.250250
v 6.489560 19.789778 0.662346
v 6.008447 20.317629 0.267860
v 6.327640 20.954973 0.653602
v 6.519021 21.660387 0.601673
v 5.847565 20.186602 -3.454767
v 5.461744 20.037752 -4.279318
v 5.089375 20.250336 -5.625086
v 4.677434 20.352560 -6.749990
v 3.982382 20.417330 -7.708944
v 2.828012 20.565313 -8.409328
v 1.437076 20.644955 -8.855274
v 0.002296 20.665895 -9.037612
v 6.203534 19.562580 -1.114401
v -0.003130 17.686436 10.338223
v 1.004742 17.731632 10.142350
v 1.350393 17.716030 9.914896
v 1.708079 17.672962 9.632802
v 2.407658 17.579725 9.039913
v 2.960849 17.285006 8.578294
v 3.086699 17.042202 8.415885
v 3.009365 16.315544 8.272182
v 2.831481 16.171682 8.406304
v 2.585860 15.944605 8.607326
v 2.307027 15.705528 8.841990
v 1.993434 15.523160 9.055168
v 1.574979 15.295003 9.247974
v -0.063532 14.900491 9.495733
v -0.067715 16.523947 10.154950
v 1.127277 16.634020 9.822721
v 1.461286 16.671612 9.541892
v 1.742526 16.728868 9.272655
v 1.929058 16.791416 9.046181
v 2.091488 16.836050 8.870348
v 3.090119 22.208387 7.694671
v 3.255181 22.355276 8.241789
v 3.279356 22.297503 8.384084
v 3.273974 22.107653 8.377384
v 3.298097 21.840397 8.298764
v 3.313224 21.518106 8.245363
v 3.413668 21.101299 8.367614
v 3.426973 20.158209 8.597344
v 3.107495 19.206678 8.702056
v 2.885235 18.810038 8.757807
v 2.585723 18.191263 8.858877
v 2.074714 18.009047 9.292282
v 2.053342 17.637392 9.324811
v 2.019347 17.355125 9.333961
v 1.994056 17.114376 9.348628
v 1.973067 16.883194 9.343994
v 1.786056 16.692142 9.135270
v 1.766003 16.760256 9.001952
v 1.820093 16.886280 8.874726
v 2.154525 17.401402 8.343128
v 2.572817 17.700275 6.579246
v 2.403823 16.871574 8.626387
v 2.229946 16.861902 8.740005
v 2.227350 16.871134 8.716306
v 2.379643 16.882158 8.591521
v 2.256635 16.874130 8.639690
v 2.299870 16.840460 8.437854
v 2.373779 16.941757 8.543849
v 2.331945 16.920801 8.575285
v 2.077705 16.910627 8.734919
v 2.351706 16.986177 8.455517
v 1.949081 17.043282 8.737774
v -0.044062 16.874054 9.597328
v 0.991150 17.081619 9.241591
v 1.293192 17.045351 9.085073
v 1.623667 17.072283 8.907875
v -0.001706 20.289829 11.461364
v 0.812858 20.047165 10.973942
v 0.921804 19.945351 10.679141
v 1.325396 19.638510 9.936189
v 1.043061 18.855616 9.778728
v 0.947010 18.835115 9.997231
v 0.892593 18.903519 10.059200
v 0.843439 19.003752 10.055417
v 1.274263 19.335167 9.493234
v 1.260058 19.507757 9.502453
v 1.256479 19.521368 9.436743
v 0.823737 19.112453 9.978183
v 0.678469 19.489340 10.181825
v 4.275662 18.665751 7.780389
v 5.548576 18.879354 5.275237
v 5.105872 17.893242 5.646491
v 4.672832 17.604437 6.397071
v 4.263862 17.282434 6.957369
v 3.642898 16.914505 7.777790
v 3.375131 16.819977 8.069635
v 3.131348 16.777304 8.296902
v 2.907246 16.788921 8.474172
v 2.687237 16.845692 8.578853
v 2.539261 16.884531 8.618590
v 2.414749 16.875271 8.592925
v 2.394761 16.895145 8.573878
v 2.367929 16.942669 8.534788
v 5.426088 18.071398 4.880113
v 5.673872 18.185787 4.096633
v 5.847682 18.369738 3.272901
v 5.970723 18.594124 2.466312
v 6.031769 18.866930 1.702780
v 5.693812 16.907312 1.837766
v 5.408461 16.405497 3.574664
v 5.613261 16.629076 2.723656
v 5.133235 16.017069 1.579162
v 5.096807 15.689469 2.401002
v 4.980709 15.383693 3.251284
v 3.817094 13.988713 1.570854
v 3.525481 11.210737 -0.074993
v 3.801289 11.333644 -0.587489
v 4.050635 11.443016 -1.114742
v 4.280873 11.542670 -1.648683
v 4.460163 11.637549 -2.192152
v 4.516495 11.738558 -2.802495
v 4.341291 11.836007 -3.486711
v 3.923251 11.916257 -4.186413
v 3.315628 11.974456 -4.889907
v 2.426560 11.975626 -5.479877
v 1.255018 11.881751 -5.619173
v -0.009495 11.752807 -5.522096
v 4.357020 14.924641 2.091845
v 4.122516 14.617465 2.924641
v 4.494585 15.177009 1.276962
v 4.613366 15.388696 0.542841
v 5.004431 16.364740 0.902633
v 5.249508 17.679304 0.535702
v 2.903331 13.580789 2.934786
v 2.639099 12.503873 2.059508
v 3.568573 12.969783 1.012901
v 4.174741 13.317441 -0.148091
v 3.909415 13.138860 0.415541
v 4.395341 13.492235 -0.702570
v 3.149022 12.771539 1.547882
v 2.077945 12.176639 2.560322
v 1.909540 9.909146 1.572539
v 1.929401 10.538233 1.708351
v 2.709737 10.229233 0.829240
v 2.846375 10.985256 0.890828
v 1.962291 9.422995 1.521228
v 2.317237 9.499944 1.212876
v 2.640683 9.637967 0.881954
v 5.131451 17.900846 -0.115038
v 4.909749 16.913122 -0.404469
v 4.994992 17.131332 -0.979374
v 4.977279 17.293461 -1.932093
v 3.091597 15.436037 -4.771095
v 2.248402 15.333508 -5.349592
v 1.184893 15.267432 -5.565780
v 0.004821 15.275629 -5.445625
v 3.750640 15.422426 -4.058325
v 5.868749 23.768215 4.584031
v 4.726274 14.810965 -1.034437
v 4.263901 15.318225 -3.310265
v 4.639619 15.224152 -2.524064
v 4.784282 15.065765 -1.740892
v 5.022287 17.211964 -1.374585
v 6.687027 24.888731 1.639626
v 6.637539 26.200922 1.715251
v 6.799376 25.006771 0.590433
v 6.741470 26.281826 0.627499
v 6.673000 27.091835 -3.424927
v 6.575747 28.166880 -2.544087
v 6.434755 28.869951 -1.530272
v 6.059817 29.799660 -2.000560
v 0.000433 33.482555 -1.874483
v 1.596779 33.319256 -1.811662
v 3.043620 32.828300 -1.625769
v 4.234136 32.078815 -1.327895
v 5.147576 31.211033 -0.981115
v 6.856392 20.986103 -1.773766
v 4.724575 23.053434 7.661824
v 4.524823 23.271784 7.899440
v 4.255498 23.456234 8.163779
v 3.922300 23.548271 8.389820
v 3.129794 23.539845 8.644022
v 2.687791 23.429195 8.609306
v 1.886046 23.059534 8.469686
v 1.600684 22.861563 8.378665
v 0.847760 22.513844 8.712131
v 0.673920 22.521296 9.179896
v 0.560423 22.548548 9.485203
v -0.053076 22.547606 9.854138
v 4.842580 22.890625 7.468571
v -0.062763 16.256767 10.303517
v 1.218694 16.454464 9.855150
v 1.555548 16.551336 9.554085
v 1.822147 16.644968 9.264358
v 2.001611 16.731165 9.042764
v 2.156573 16.798944 8.867010
v 2.287200 16.839867 8.730744
v 2.446858 16.885733 8.614475
v 2.459190 16.887695 8.634356
v 2.434251 16.890066 8.698075
v 2.143893 16.749945 9.005628
v 1.877285 16.726252 9.251115
v 1.619015 16.758066 9.505757
v 1.327615 16.797895 9.771497
v 1.024655 16.807962 9.992471
v -0.049974 16.732731 10.385530
v 0.402869 18.181240 10.283496
v 0.416770 17.725777 10.353200
v 0.425348 17.462444 10.508877
v 0.457567 17.291088 10.567888
v 0.444145 17.006390 10.483917
v 0.473240 16.777958 10.315168
v 0.444336 16.634155 10.020260
v 0.442865 16.701221 9.816010
v 0.452191 16.799461 9.659883
v 0.504383 16.948677 9.509381
v 0.538578 17.449671 9.205557
v 0.602230 18.510117 7.715330
v 0.542096 14.661643 6.472956
v 0.520138 16.161295 8.874555
v 0.585074 16.916771 9.523273
v 0.647191 16.862040 9.737351
v 0.686482 16.734251 9.894876
v 0.739824 16.578815 10.023810
v 0.816867 16.360878 10.096560
v 0.879511 16.087479 10.081646
v 0.956289 15.751789 9.924342
v 0.960616 15.501124 9.610810
v 0.997223 15.100849 9.404059
v 1.116294 14.628324 9.452907
v 1.257437 14.137001 9.430870
v 1.378009 12.895799 8.625605
v 1.174469 12.590464 7.689523
v 0.751678 12.571789 6.612125
v 5.540802 20.011412 6.659174
v 5.871084 20.295929 5.773446
v 6.023160 21.216816 5.022007
v 6.106132 21.348513 4.178585
v 2.566540 23.055260 7.455741
v 2.528176 23.382280 7.967207
v 2.460246 22.958723 8.357026
v 2.405558 22.970860 8.470261
v 2.278700 23.230389 8.550624
v 2.195137 23.385216 8.789201
v 2.133759 23.626862 9.161395
v 2.102691 23.993971 9.542876
v 2.134708 24.529167 9.659557
v 5.075285 21.262346 7.510437
v 3.405064 25.501501 8.929899
v 4.304866 25.483570 8.187928
v 4.780205 25.372541 7.676320
v 5.218092 25.100967 6.981538
v 5.511194 24.742496 6.309011
v 5.709790 24.195576 5.710733
v 1.610177 24.953911 9.701373
v 2.213095 25.216574 9.516056
v 2.768340 25.416689 9.284607
v 5.726130 22.444712 5.913890
v 5.855186 22.629574 5.191987
v 6.101216 23.067684 3.486575
v 6.308556 23.044098 2.632397
v 1.213749 22.276320 8.311054
v 1.152991 22.488417 8.374895
v 1.168609 22.787533 8.517007
v 1.665709 22.512733 8.225906
v 1.984064 22.772188 8.294586
v 2.359707 23.070240 8.451168
v 2.720846 23.261412 8.603343
v 3.105359 23.374510 8.627281
v 3.829906 23.373096 8.396233
v 4.135299 23.251801 8.224876
v 4.396814 23.071653 7.985421
v 4.601251 22.909269 7.724590
v 4.763770 22.727175 7.482674
v 4.985946 22.697338 7.253937
v 5.325369 22.884876 6.937622
v 5.532138 22.982447 6.511199
v 1.569586 21.922396 8.320581
v 1.739202 22.078075 8.257920
v 1.467730 22.294842 8.249430
v 1.401730 22.432743 8.255956
v 1.436506 22.717062 8.337747
v 5.669090 23.133699 5.980136
v 5.774210 23.419706 5.348302
v 6.371913 23.991127 2.640914
v 6.575146 23.852951 1.788003
v 5.193450 20.575928 7.417811
v 5.907146 21.038082 5.904680
v 4.634017 20.512300 7.911049
v 4.050391 20.557816 8.261246
v 3.454921 20.648254 8.491621
v 2.914766 20.729477 8.606754
v 2.448461 20.827778 8.712265
v 1.710892 21.068497 8.923015
v 1.402186 21.220100 9.060231
v 0.853480 21.580502 9.487130
v 0.658826 21.717567 9.793236
v -0.043075 21.916861 10.225299
v 5.639937 20.773960 6.792530
v 4.240691 22.686373 7.722852
v 4.374519 22.650026 7.846719
v 4.532357 22.504446 7.708257
v 4.713219 22.296637 7.513486
v 5.141722 22.014400 7.218378
v 5.502763 21.643568 6.874721
v 5.805894 21.739845 5.976635
v 2.302615 16.994467 8.513272
v 2.240594 16.913927 8.642416
v 2.222313 16.837038 8.726317
v 2.264583 16.803780 8.789351
v 2.337246 16.850315 8.814376
v 2.397247 16.954044 8.854213
v 2.480318 17.096310 8.883121
v 2.597475 17.281872 8.867983
v 2.726925 17.467859 8.794229
v 2.868194 17.701401 8.675536
v 5.955893 21.890263 5.121140
v 6.058613 22.068419 4.290065
v 5.951110 22.895628 4.404219
v 6.983737 22.480661 -1.804947
v 7.824800 22.612190 -1.906986
v 8.083384 22.597105 -1.761857
v 8.096596 22.532503 -1.551669
v 8.003489 22.442400 -1.372017
v 7.267000 21.942013 0.063467
v 6.955203 21.880058 0.143760
v 6.825890 23.527285 -1.356432
v 7.741881 23.850975 -1.426677
v 8.016534 23.769310 -1.209741
v 8.005995 23.630907 -1.034075
v 7.930937 23.519270 -0.955420
v 7.428744 23.908688 -0.119136
v 7.567858 23.997879 -0.090502
v 7.586545 24.196398 -0.073097
v 7.331596 24.333538 -0.140572
v 6.877757 24.249472 -0.231145
v 6.468002 25.037825 2.659050
v 6.677694 23.841728 1.343675
v 6.733084 23.999369 0.935896
v 6.440327 21.458158 -0.106367
v 6.364852 20.993935 -0.176654
v 6.258393 20.556843 -0.032363
v 6.864097 22.572226 0.740014
v 6.982216 22.991009 0.589310
v 7.015471 23.418489 0.246088
v 7.280276 23.672501 -0.190692
v 7.712515 22.952185 -1.286423
v 7.584618 22.428606 -1.383197
v 7.588316 21.764648 -1.256044
v 7.519316 20.889368 -0.950492
v 7.244430 20.267187 -0.567191
v 7.648635 23.424192 -1.023120
v 6.617178 21.793983 0.105908
v 7.457034 23.679405 -0.681634
v 7.427023 22.605074 -0.350993
v 7.440789 22.144030 -0.486000
v 7.440409 21.608515 -0.558218
v 7.353156 20.965679 -0.381648
v 7.167399 20.389454 -0.284202
v 7.046488 19.991688 -0.376592
v 7.017590 20.128889 -0.190250
v 7.326029 23.131693 -0.273392
v 7.117790 22.662741 0.438890
v 6.943787 22.401537 0.574509
v 7.090872 22.919670 0.089632
v 7.320338 22.420881 -0.007278
v 7.433320 22.019648 -0.180638
v 7.380389 21.539518 -0.319742
v 6.471053 26.155878 2.758008
v 6.223865 26.103001 3.761023
v 6.725780 24.179913 0.482276
v 5.957301 26.081482 4.699621
v 6.179199 20.079647 -2.382800
v 5.111948 18.153654 -2.255528
v 6.506396 20.942900 -2.492581
v 6.752031 21.884819 -2.465292
v 2.631637 22.442324 8.379782
v 1.994789 22.214577 8.211727
v 1.914825 22.321987 7.998111
v 1.833835 22.248505 8.096168
v 4.867528 17.369923 -2.388939
v 4.620329 17.508570 -3.092990
v 4.733059 15.628746 -0.094835
v 4.836074 15.945928 -0.733725
v 4.907146 16.386351 -1.422002
v 4.778251 16.548462 -2.308619
v 4.376631 16.533072 -3.188061
v 1.675442 25.719986 9.554436
v 1.707388 26.500433 9.373096
v 1.782976 27.517401 9.062456
v 2.224755 25.851393 9.373306
v 2.253899 26.663837 9.159699
v 2.319305 27.614424 8.834026
v 5.890399 27.222755 4.523817
v 6.150901 27.244822 3.702592
v 6.353343 27.295128 2.782168
v 0.000568 12.811078 -5.384919
v 1.181733 12.954104 -5.510643
v 2.297769 13.034157 -5.336989
v 3.160260 13.034643 -4.786953
v 3.790869 12.998297 -4.130170
v 4.257077 12.931810 -3.457875
v 4.532310 12.833889 -2.760311
v 4.564160 12.707257 -2.077132
v 4.412171 12.581096 -1.480281
v 4.210743 12.450464 -0.936773
v 3.984245 12.310738 -0.410439
v 3.721567 12.162040 0.105938
v 3.400671 12.010862 0.624456
v 3.002697 11.830167 1.113299
v 2.535098 11.582909 1.559447
v 2.000603 11.281239 1.996531
v 1.420283 10.955328 2.381948
v 0.757151 10.721011 2.717653
v -0.006631 10.629402 2.852259
v -0.005217 16.459650 -5.901096
v 1.236109 16.446131 -6.014279
v 2.386113 16.538517 -5.748934
v 3.306962 16.811247 -5.028296
v 3.904927 16.800282 -4.086511
v 0.832621 28.986425 8.573242
v -0.003834 29.054327 8.576700
v 1.766602 29.239948 8.219182
v 2.647002 29.005632 7.980966
v 3.412527 29.018194 7.456845
v 4.951294 29.142302 5.395726
v 5.656333 29.320669 3.603238
v 5.043941 29.956919 4.437876
v 4.940093 29.595575 5.035985
v 5.312842 30.408915 2.776784
v 5.858521 29.437159 2.750458
v 6.828781 25.179544 -0.366172
v 6.811361 26.340952 -0.375707
v 6.669738 27.380291 -0.240084
v 6.683399 24.355103 -0.263618
v 6.726241 24.288357 -1.039013
v 6.852043 26.396322 -1.335251
v 6.719075 27.379545 -1.141223
v 6.143681 28.394323 2.765230
v 5.943673 28.325951 3.625939
v 5.696298 28.274305 4.389474
v 0.003890 26.947989 -9.682908
v 1.822296 26.788218 -9.450621
v 3.404704 26.403028 -8.857996
v 4.743733 25.902157 -8.085727
v 5.706569 25.374458 -7.150980
v 6.209657 24.797867 -5.890193
v 6.523169 24.243860 -4.583130
v 6.757438 23.732235 -3.311738
v 6.839309 24.002638 -1.826082
v 6.828926 23.314852 -2.219311
v 6.811058 22.518406 -2.392533
v 6.818727 26.542831 -2.401359
v 6.294171 28.427826 1.791650
v 4.208736 28.800392 6.778152
v 4.622809 28.664469 6.289993
v 4.556174 29.395521 5.883845
v 5.062317 28.450651 5.668633
v 5.403110 28.305937 5.062474
v 6.405128 28.408010 0.746773
v 6.504027 28.300980 -0.265463
v 6.702065 27.577835 -1.822543
v 6.607224 28.073126 -1.178641
v 7.404515 23.266735 -0.731886
v 7.488008 22.799654 -0.876952
v 7.512086 22.294689 -0.971442
v 7.492425 21.691090 -0.941238
v 7.412127 20.905138 -0.734728
v 6.573144 21.646624 0.799977
v 6.615461 21.691563 0.963427
v 6.634491 22.046793 0.635638
v 6.618194 21.994616 0.312844
v 6.600666 21.228222 0.910824
v 6.514543 21.235186 0.732919
v 6.400307 21.235170 0.644595
v 0.571559 12.666866 5.781268
v -0.051310 12.645819 5.757345
v 3.370605 29.859682 6.872346
v 2.651894 30.004002 7.252492
v 0.005158 31.314199 6.800003
v 1.070459 31.210409 6.764459
v 2.018181 30.976397 6.650307
v 3.287397 30.537159 6.253695
v 2.684371 30.713520 6.538866
v 3.862429 30.376068 5.818044
v 5.202807 29.071421 4.948536
v 5.429316 29.182480 4.341841
v 3.169992 30.972275 5.808248
v 2.802821 31.097752 5.985341
v 5.184499 30.236341 3.661794
v 4.470213 31.002827 3.839610
v 3.549305 31.636278 4.067884
v 2.535951 32.156891 4.330342
v 1.339196 32.565758 4.477268
v 0.004081 32.717484 4.523511
v 2.596087 17.042021 7.536652
v 2.463021 16.941347 8.070162
v 2.463058 17.027102 8.068247
v 2.409794 17.096052 8.145988
v 4.801569 22.802740 7.469969
v 4.644171 22.984575 7.709392
v 4.438251 23.168114 7.945843
v 4.183683 23.337404 8.182891
v 3.875463 23.441986 8.371931
v 3.109682 23.457756 8.592923
v 2.697867 23.344856 8.535317
v 2.296988 23.152786 8.432419
v 1.925204 22.934589 8.338638
v 1.634233 22.714977 8.244247
v 1.391611 22.536488 8.271225
v 3.918787 17.438509 -4.479345
v 3.709775 17.432577 -4.873308
v 1.078265 24.125454 9.774881
v 1.086813 24.783953 9.803740
v 1.099826 25.494444 9.705551
v 1.099492 26.419802 9.520281
v 1.184726 27.440390 9.218998
v 0.246044 16.210066 8.944554
v 0.294023 16.897503 9.571426
v 0.319229 16.848764 9.782605
v 0.319723 16.696705 9.969756
v 0.340436 16.534121 10.136434
v 0.393171 16.277115 10.251887
v 0.426368 15.984920 10.241141
v 0.455051 15.606452 10.029011
v 0.371276 15.414989 9.663541
v 0.464076 14.957899 9.481688
v 0.529374 14.529429 9.600057
v 0.612247 13.989701 9.643512
v 0.646633 12.716899 8.824446
v 0.526266 12.454874 7.978747
v -0.056250 12.458631 7.112078
v 0.391795 12.464424 7.251476
v 0.320708 24.567915 9.901195
v 0.281117 23.930145 9.825812
v 0.351020 23.419159 9.748996
v 0.362085 22.966980 9.669908
v 0.361478 22.546144 9.725430
v 0.414365 22.168940 9.872543
v 0.469999 21.813070 10.050684
v 0.517697 21.484283 10.246364
v 0.550776 21.182264 10.451779
v 0.570501 20.896456 10.657551
v 0.588509 20.629292 10.868386
v 0.615324 20.388952 11.082165
v 0.662379 20.150059 11.260188
v 0.520981 19.264345 11.558911
v 0.431099 19.089962 11.494629
v 0.292355 18.953566 11.356957
v 0.259123 18.810221 11.030385
v -0.036820 24.963886 9.893557
v 0.315573 24.958427 9.881999
v 1.257020 28.357824 8.849764
v 1.782851 28.453754 8.678277
v 2.279136 28.429285 8.494074
v 6.710793 24.329918 1.318678
v 6.749199 24.437206 0.918996
v 2.416772 22.374239 7.324485
v 2.499561 22.249477 7.729526
v 2.642882 22.487080 8.232436
v 0.431452 19.295582 10.121865
v 0.621962 19.386385 10.061524
v 0.749105 19.340368 10.026122
v 0.814360 19.420876 10.123276
v 0.447180 18.807165 10.680731
v 0.397492 18.937309 10.632573
v 0.413960 18.590778 10.422675
v 0.227763 18.611034 10.583942
v 0.341597 18.514740 10.374357
v 1.006949 20.037645 9.900682
v 1.130836 19.934614 10.034868
v 1.261488 19.777157 10.160254
v 1.229432 19.130991 10.464069
v 1.105271 19.081400 10.474155
v 1.016479 19.141926 10.468695
v 0.953617 19.241383 10.406480
v 0.910578 19.328598 10.328456
v 0.912348 20.136600 10.139627
v 0.968044 20.013222 10.286401
v 1.091940 19.865862 10.422209
v 1.170975 19.226967 10.739979
v 1.091145 19.187746 10.727154
v 1.025306 19.226448 10.689161
v 0.915060 19.357979 10.568517
v 0.974626 20.389879 9.974175
v 1.060983 20.724611 9.743782
v 1.108660 21.059448 9.510349
v 0.509332 18.586519 10.388773
v 0.549440 18.738533 10.436404
v 1.116477 21.393709 9.242954
v 1.098834 21.711819 8.912937
v 1.175295 21.937361 8.529647
v 1.362057 22.099913 8.286762
v 1.578574 22.169533 8.243954
v 1.764084 22.293961 8.100722
v 1.856828 22.341940 7.998849
v 2.009868 22.446978 7.852175
v 2.056390 22.531790 7.712098
v -5.760121 8.158281 -1.283513
v -6.176029 8.456150 -1.918923
v -4.884028 9.637282 -2.205021
v -4.656687 9.496020 -1.664646
v -4.801635 9.957384 -3.571733
v -6.538717 8.966802 -3.746437
v -6.270275 8.964961 -4.930273
v -4.485310 10.074968 -4.358006
v -6.470363 8.768602 -2.706079
v -4.919326 9.808260 -2.849000
v -5.507569 8.690421 -6.103896
v -4.165407 8.214580 -6.946150
v -2.920218 10.077523 -5.795171
v -3.899704 10.132195 -5.152089
v -2.259718 7.973815 -7.406435
v -1.588524 9.956898 -6.109000
v -4.424226 10.643423 -2.261924
v -4.231827 10.532682 -1.727693
v -3.294131 32.401169 -3.537675
v -3.047657 32.822567 -1.627572
v -4.243107 32.069691 -1.333488
v -4.520888 31.617071 -3.066176
v -1.597211 33.319134 -1.811794
v -1.729306 32.903576 -3.806709
v -1.426951 33.304749 1.628721
v -1.492314 33.412296 -0.003106
v -3.777811 32.174000 1.684314
v -3.982671 32.214741 0.262951
v -2.845158 32.928272 0.108614
v -2.701230 32.841209 1.655528
v -5.616356 30.467752 0.581285
v -4.894097 31.383759 0.432957
v -4.695309 31.377539 1.706619
v -5.457620 30.482975 1.733564
v -4.763600 30.720211 -4.803821
v -3.493164 31.477665 -5.452256
v -1.831300 31.984741 -5.834649
v -1.378254 32.994198 3.107915
v -3.642541 31.967922 2.935497
v -2.603834 32.560982 3.039650
v -2.479186 31.557566 5.599914
v -3.531445 31.118860 5.147862
v -3.565558 31.626394 4.054988
v -2.545146 32.152359 4.322755
v -1.250528 32.007538 5.723950
v -1.341359 32.565376 4.474831
v -5.660647 29.841022 -4.062575
v -6.262546 28.974047 -3.305807
v -6.364830 27.804077 -4.414088
v -5.793728 28.602209 -5.396594
v -4.874109 29.374990 -6.291783
v -3.577312 30.062885 -7.037467
v -1.893619 30.554724 -7.519968
v -1.901726 28.769962 -8.686830
v -4.879325 27.746607 -7.381960
v -3.562479 28.335075 -8.153660
v -6.337349 26.357178 -5.257782
v -5.820032 27.081432 -6.411439
v -5.515867 23.608097 -7.486792
v -5.707241 25.374838 -7.152668
v -6.208953 24.800102 -5.891072
v -5.962167 23.219074 -6.167339
v -4.536324 23.978336 -8.440190
v -3.182981 24.369062 -9.192525
v -3.403789 26.402420 -8.854670
v -4.744411 25.902020 -8.085105
v -3.008371 22.364096 -9.093467
v -4.337187 22.094286 -8.386408
v -3.984175 20.417376 -7.709115
v -2.828876 20.565617 -8.409237
v -1.536092 22.540777 -9.505499
v -1.437033 20.645380 -8.853829
v -1.667992 24.630768 -9.725675
v -1.822042 26.787230 -9.447647
v -5.581338 21.680597 -6.069590
v -5.088811 20.251265 -5.623951
v -4.678539 20.352180 -6.751015
v -5.192377 21.877563 -7.382886
v -2.312064 13.218851 5.566989
v -3.079105 13.611477 5.192394
v -3.261538 13.783078 6.149491
v -2.629658 13.337515 6.555399
v -1.529114 12.881763 6.062606
v -1.929877 12.948386 7.096024
v -1.263063 12.626809 7.662737
v -0.818476 12.588958 6.594828
v -1.489609 12.967791 8.621726
v -2.207894 13.265568 8.065189
v -1.937334 14.418612 9.014902
v -1.341306 14.164040 9.385968
v -2.437668 14.657232 8.564444
v -2.826584 14.901221 8.106831
v -2.603719 15.278594 8.493291
v -2.216672 15.087376 8.838651
v -2.782909 13.671865 7.446324
v -3.218228 14.125595 7.007937
v -3.853590 14.411100 5.894104
v -3.665682 14.696453 6.684650
v -3.170900 15.220881 7.761849
v -2.912779 15.546884 8.199293
v -2.365781 15.676542 8.786180
v -2.648530 15.909627 8.547400
v -2.046623 15.509625 9.016979
v -1.763149 14.874045 9.145263
v -1.213159 14.649644 9.419679
v -1.627258 15.299915 9.226887
v -1.093580 15.127112 9.392530
v -1.060808 15.743608 9.877052
v -1.068918 15.504182 9.569021
v -1.528031 15.673243 9.390579
v -1.392129 15.970503 9.756642
v -1.899012 15.890284 9.178965
v -2.180753 16.060562 8.975504
v -2.036796 16.349047 9.104252
v -1.796307 16.202599 9.351362
v -2.437981 16.197201 8.753516
v -2.271812 16.441675 8.900805
v -1.510952 16.691534 9.470797
v -1.773833 16.753794 9.230194
v -1.726099 16.822638 9.200750
v -1.459613 16.775784 9.421129
v -1.201367 16.641760 9.757305
v -1.152099 16.745626 9.681587
v -0.821522 16.728138 9.865707
v -0.851546 16.592260 9.979033
v -0.537593 16.772240 10.269513
v -0.524667 16.651264 9.977573
v -1.053035 16.699699 9.710029
v -1.066033 16.770582 9.905661
v -1.620456 16.701555 9.291383
v -1.673493 16.768103 9.433647
v -1.375249 16.764057 9.670094
v -1.342681 16.702026 9.495845
v -1.950260 16.768818 9.205476
v -1.889518 16.719500 9.094687
v -2.144029 16.769564 8.892251
v -2.211359 16.813238 8.976529
v -2.377226 16.887938 8.788040
v -2.323391 16.850117 8.759826
v -2.539764 17.116810 8.851256
v -2.665454 17.288883 8.829793
v -2.398216 17.345942 9.031647
v -2.315136 17.144169 9.048203
v -1.777542 17.324041 9.567964
v -1.440641 17.373785 9.890364
v -1.449321 17.155148 9.887509
v -1.769654 17.121540 9.570666
v -1.092420 17.445459 10.165219
v -0.447178 17.484360 10.481924
v -0.500411 17.285978 10.549170
v -1.124418 17.190020 10.178614
v -3.569451 17.333836 7.980239
v -4.191216 17.878885 7.388553
v -3.942015 18.240185 7.909349
v -3.389482 17.665951 8.245966
v -3.339589 17.185457 8.203667
v -3.193476 17.481789 8.396444
v -2.555121 17.861914 8.916905
v -2.477374 17.554831 8.994478
v -2.795600 17.477135 8.743909
v -2.924012 17.713718 8.634154
v -0.375070 18.160528 10.285824
v -0.416137 17.704533 10.355703
v -1.024829 17.697279 10.129420
v -0.940385 18.023661 10.127782
v -1.767392 17.627005 9.572777
v -1.724426 18.004044 9.571472
v -1.322365 18.000713 9.877651
v -1.392959 17.684017 9.874678
v -3.555445 18.524807 8.362045
v -3.102890 17.952263 8.516210
v -0.759038 18.721760 10.043925
v -0.955714 18.736952 9.824904
v -0.870846 18.780035 9.922558
v -0.792339 18.771336 10.062212
v -0.643612 19.082525 11.303219
v -0.657011 19.110279 11.162200
v -0.837640 19.179138 11.025339
v -0.900141 19.182348 11.081305
v -0.773596 20.095890 10.875995
v -0.744737 20.246748 10.713755
v -0.600960 20.395279 10.985741
v -0.627532 20.169067 11.184375
v -0.867365 19.981804 10.614487
v -0.816881 20.131079 10.460668
v -2.495328 19.445482 8.976801
v -1.811153 19.642252 9.164389
v -1.252010 19.344549 9.414506
v -2.238834 19.064459 9.028633
v -0.913316 20.880823 9.905062
v -0.759841 21.039452 10.146285
v -0.743946 20.738754 10.349205
v -0.866318 20.546198 10.129545
v -0.718549 20.479954 10.550105
v -0.814620 20.302788 10.339189
v -0.584116 20.891117 10.575080
v -0.581617 20.624409 10.785906
v -0.577954 21.177717 10.368711
v -0.506552 21.800280 9.965066
v -0.550069 21.477274 10.163601
v -0.734839 21.355295 9.933342
v -0.677588 21.709810 9.711093
v -5.221834 25.780148 6.676665
v -4.761684 25.987560 7.395386
v -4.733676 25.450054 7.689395
v -5.189321 25.186890 6.996285
v -0.417530 22.549141 9.650571
v -0.455376 22.154051 9.780327
v -0.590036 22.141354 9.487662
v -0.565446 22.584681 9.423899
v -5.159060 24.168112 7.742836
v -5.203039 24.636942 7.393925
v -4.777195 24.890982 8.041740
v -4.728402 24.387676 8.277882
v -3.410927 24.444902 9.227266
v -3.337808 24.029572 9.117671
v -4.183589 24.037632 8.658031
v -4.294978 24.472883 8.669973
v -4.974083 23.740812 7.884413
v -4.576385 23.941992 8.318883
v -5.200934 23.546263 7.524952
v -5.404953 23.906315 7.223556
v -4.899498 23.262659 7.640643
v -4.683683 23.430702 7.935848
v -4.357594 23.602682 8.263279
v -3.248665 23.715172 8.880974
v -4.028747 23.706139 8.545979
v -4.352580 23.091560 8.037804
v -4.549977 22.922970 7.800756
v -4.584835 23.068916 7.788439
v -4.391538 23.213799 8.001401
v -4.133277 23.250418 8.251276
v -4.142371 23.380699 8.193568
v -3.159684 23.513338 8.594825
v -3.160827 23.418673 8.604285
v -3.846692 23.370268 8.416412
v -3.883629 23.495546 8.374936
v -2.776091 23.301544 8.525781
v -2.760234 23.402903 8.541908
v -2.763625 23.853088 9.198079
v -2.735405 23.560892 8.869659
v -2.022324 22.814920 8.292235
v -2.393927 23.084854 8.417279
v -2.314408 23.184265 8.401466
v -1.965021 22.948048 8.289124
v -1.313726 16.258152 9.840484
v -0.965207 16.098961 10.046932
v -1.922632 16.543110 9.199190
v -1.682477 16.431501 9.479471
v -2.132034 16.626583 8.985627
v -2.261992 16.961071 9.038610
v -2.446192 16.983107 8.824655
v -1.412271 16.939339 9.820163
v -1.734215 16.919844 9.536158
v -0.502821 16.999727 10.452920
v -1.084394 16.954897 10.067370
v -2.271435 23.402994 8.783607
v -2.226750 23.668196 9.154406
v -1.684575 23.470591 9.130162
v -1.803652 23.223774 8.683165
v -0.938072 19.274323 11.112212
v -0.723033 19.241352 11.329607
v -0.952853 19.173328 10.744493
v -1.018512 19.152555 10.779245
v -1.109570 19.196430 10.769430
v -0.951963 20.029282 10.226157
v -0.906766 20.143885 10.093703
v -1.517228 20.415581 9.235651
v -1.266972 20.575108 9.425610
v -1.111614 20.267931 9.639702
v -1.313139 20.110731 9.393153
v -1.123226 19.925901 10.012192
v -1.191614 19.812939 9.780190
v -1.075584 19.936302 9.596233
v -0.994888 20.044077 9.803651
v -1.301965 19.623455 9.948905
v -1.237393 19.765203 10.162184
v -1.048833 18.957748 10.262450
v -1.171565 19.008024 10.241781
v -1.175243 19.110401 10.505050
v -1.060503 19.095938 10.557306
v -0.962746 19.004982 10.281955
v -0.999837 19.116955 10.544390
v -0.489846 18.944822 11.227192
v -0.505076 19.018000 11.077456
v -0.829554 18.269367 10.152311
v -0.610997 18.569853 10.229967
v -0.247285 18.945538 11.373920
v -0.228430 18.801249 11.028734
v -0.394674 18.820805 10.971687
v -0.383289 19.077021 11.505370
v -0.474459 19.250082 11.559112
v -0.676145 18.769024 10.196228
v -0.640591 18.721424 10.219860
v -0.428319 19.087605 10.912809
v -0.552406 19.188126 11.082638
v -0.751083 19.258871 10.960103
v -0.948815 19.202801 10.474327
v -0.936100 19.081173 10.264744
v -0.732868 18.818205 10.171699
v -0.914851 21.212557 9.684131
v -0.871867 21.585384 9.416670
v -4.295710 15.195196 5.747891
v -4.030937 15.304721 6.401221
v -3.449636 15.599547 7.529517
v -3.166999 15.843901 7.991108
v -2.883328 16.135412 8.354704
v -3.672682 16.950867 7.750008
v -3.416859 16.857220 8.037804
v -3.354438 16.144369 7.878534
v -3.632424 16.033035 7.453444
v -4.225640 16.012384 6.393505
v -4.271082 17.311100 6.958562
v -4.665655 17.612984 6.414823
v -4.546709 16.055801 5.765079
v -4.281997 26.105618 7.935093
v -4.264636 25.547276 8.189444
v -4.307559 24.995884 8.508488
v -4.514299 11.739774 -2.799718
v -4.530133 12.834939 -2.759537
v -4.561018 12.705158 -2.069803
v -4.454760 11.634584 -2.187417
v -3.919954 11.921944 -4.187433
v -3.787538 13.004730 -4.130987
v -4.254390 12.936251 -3.457842
v -4.339283 11.839125 -3.485626
v -2.425361 11.988035 -5.488794
v -2.301774 13.042383 -5.339017
v -3.158129 13.043813 -4.788380
v -3.314009 11.983838 -4.895432
v -1.186677 12.960734 -5.518706
v -1.257256 11.892015 -5.628678
v -4.526872 10.788426 -2.840035
v -4.457713 10.904018 -3.511213
v -4.121817 10.978702 -4.248246
v -3.531901 11.023808 -4.995006
v -2.607213 10.991796 -5.578919
v -1.390127 10.892293 -5.775167
v -4.785809 26.739981 7.051114
v -4.759820 27.580770 6.674864
v -4.322043 27.759413 7.196367
v -4.333282 26.875677 7.607710
v -5.194729 27.433090 6.010887
v -5.244937 26.496372 6.367005
v -5.574597 27.358849 5.246263
v -5.649867 26.362881 5.512663
v -4.160618 21.917210 7.937517
v -4.592296 22.080660 7.660605
v -4.336961 22.341635 7.909035
v -4.025718 22.181820 8.128871
v -3.602588 22.099806 8.310116
v -3.672399 21.799946 8.150964
v -5.335279 23.282352 7.159618
v -5.528090 23.556330 6.792406
v -4.548424 22.475050 7.671988
v -4.790871 22.311935 7.440437
v -4.932896 22.566370 7.292993
v -4.681608 22.665554 7.515877
v -1.124632 21.054081 9.439317
v -1.129679 21.396629 9.178874
v -3.937003 22.423618 8.174006
v -3.555362 22.309547 8.325452
v -4.205184 22.545536 7.974513
v -3.795606 23.250265 8.408937
v -3.179086 23.317345 8.620018
v -3.165977 23.309650 8.490992
v -3.733664 23.252760 8.315556
v -4.494528 22.805706 7.710357
v -4.274372 22.977839 8.016228
v -4.209772 22.960625 7.920233
v -4.501982 22.744207 7.638105
v -4.070176 23.124880 8.231544
v -3.985636 23.129610 8.148435
v -2.441424 22.967224 8.379662
v -2.055133 22.614214 8.252225
v -2.044366 22.567345 8.059452
v -2.448934 22.985594 8.241568
v -2.800936 23.197495 8.521588
v -2.818261 23.210619 8.374111
v -4.384953 22.650225 7.806603
v -0.633480 18.876434 10.196858
v -0.528852 18.913891 10.215806
v -0.318786 19.162457 10.755094
v -0.359924 19.356989 10.861457
v -0.502854 19.462013 10.870785
v -0.824136 19.476839 10.246225
v -0.833970 19.321192 10.034821
v -0.826769 15.921429 1.761078
v -0.873272 14.660229 1.797529
v -1.563233 15.321494 1.656237
v -1.531825 16.030558 1.611917
v -1.685357 16.876684 9.150463
v -1.404138 16.855988 9.350677
v -1.080579 16.835487 9.585520
v -0.786375 16.841236 9.735968
v -5.895367 21.415501 -4.727283
v -5.460221 20.038725 -4.278507
v -6.520021 24.249334 -4.580103
v -6.268040 22.811621 -4.785185
v -6.110836 29.451668 0.688464
v -6.256585 29.269299 -0.425462
v -5.823247 30.266695 -0.671899
v -5.998399 29.486309 1.760816
v -5.420531 30.710251 -2.522690
v -5.153422 31.201786 -0.988858
v -4.568026 31.245462 2.834467
v -4.444480 30.577307 4.698124
v -4.491067 30.990114 3.821534
v -3.403707 27.878836 8.062179
v -3.377489 26.907841 8.456785
v -3.363135 26.123713 8.724465
v -3.404862 25.519201 8.921236
v -3.409127 24.978365 9.155227
v -3.137084 22.093069 8.394084
v -3.133464 22.319508 8.414168
v -3.130032 21.743587 8.281313
v -2.085670 17.348921 9.273043
v -2.055107 17.132215 9.289509
v -2.021514 16.927113 9.293320
v -3.885779 14.195519 4.978142
v -9.285801 7.666458 -4.138167
v -9.267729 7.660420 -5.829907
v -8.845803 6.976876 -7.892014
v -7.518143 8.433932 -5.275992
v -6.850514 7.920574 -6.849267
v -7.620002 8.425568 -3.880729
v -7.417174 8.132247 -2.729031
v -9.221401 7.255613 -2.607626
v -8.273755 6.876734 -1.698702
v -5.349203 6.957562 -7.992719
v -7.372429 4.958573 -9.946238
v -2.838699 6.492944 -8.477015
v -3.523688 4.278556 -9.753291
v -7.040547 7.733963 -1.890438
v -5.073321 5.133580 2.123237
v -4.103318 4.826830 2.716850
v -5.467745 6.717406 0.195307
v -6.053982 6.988874 -0.538145
v -5.292824 7.862649 -0.686316
v -4.771442 7.586877 -0.068542
v -7.670006 6.495666 -0.991826
v -6.464727 5.793492 0.628869
v -7.094146 6.106614 -0.193624
v -5.813570 5.520184 1.356831
v -6.559098 7.363799 -1.235527
v -2.895355 4.544489 3.098192
v -4.832671 6.465540 0.860831
v -4.204507 7.357183 0.525672
v -4.826653 16.085121 5.091602
v -5.085917 17.876802 5.676502
v -4.518013 15.102537 5.006288
v -3.656460 14.162200 3.880655
v -4.712761 15.055987 4.168818
v -3.522832 7.153358 1.076857
v -4.101707 6.158274 1.415204
v -4.186673 18.071169 -4.584163
v -3.897799 18.069679 -5.198729
v -4.220236 19.058331 -5.904043
v -4.594717 19.014366 -5.012351
v -3.396490 17.849474 -5.747958
v -2.540107 17.718979 -6.384173
v -2.650629 19.040903 -7.409011
v -3.626939 19.033634 -6.720357
v -1.318059 17.695408 -6.755023
v -1.353845 19.060217 -7.835963
v -4.373666 17.801876 -3.857003
v -4.909836 18.800001 -3.854911
v -1.704947 22.534739 8.226885
v -1.679554 22.725912 8.191464
v -1.838015 22.409384 8.189801
v -1.948880 22.433701 7.978681
v -1.837340 22.262724 8.059963
v -2.037874 22.351292 8.115449
v -2.057960 22.381067 7.983542
v -1.983722 22.340693 7.980875
v -1.196629 23.213053 9.082665
v -1.469462 23.032814 8.587155
v -0.333188 18.694660 10.673116
v -0.394261 18.756006 10.679374
v -0.422936 18.889786 10.895383
v -0.433545 18.726748 10.522345
v -0.381886 18.651106 10.490778
v -0.420394 18.559694 10.372232
v -0.459567 18.706917 10.446202
v -0.411534 18.833595 10.651691
v -0.387438 18.951012 10.741722
v -0.424029 18.882244 10.472852
v -0.313251 18.999477 10.583341
v -5.022884 23.033178 7.379691
v -0.746218 22.047613 9.068103
v -0.943544 22.224583 8.609933
v -0.865149 22.581745 8.693922
v -0.669165 22.585197 9.125881
v -2.406666 21.817556 8.363403
v -2.766733 21.769758 8.341989
v -2.779963 22.135103 8.417187
v -2.483763 22.189636 8.368636
v -2.788417 24.255159 9.421106
v -2.195258 24.032825 9.532752
v -1.661425 23.822065 9.577293
v -2.818804 24.813774 9.443554
v -0.613647 23.031294 9.526669
v -0.708848 23.499348 9.664652
v -0.438026 23.435204 9.732136
v -0.426643 22.988058 9.663520
v -2.213663 24.549604 9.640780
v -1.701838 24.347042 9.743264
v -1.041753 23.523010 9.556441
v -0.781057 23.047504 9.340749
v -0.945665 22.912447 8.902944
v -0.755516 24.024052 9.828405
v -0.377525 23.932137 9.828110
v -0.741283 24.660345 9.857353
v -0.412851 24.577724 9.895247
v -3.871765 21.458006 8.110863
v -4.416904 21.588470 7.883369
v -4.837224 21.800264 7.571826
v -1.366859 20.897551 9.229129
v -1.653958 20.744457 9.067032
v -1.716732 21.061806 8.870804
v -1.402331 21.213728 8.999380
v -5.140814 22.062304 7.196716
v -5.261282 22.503351 6.965640
v -1.098270 21.721552 8.850258
v -1.173718 21.960552 8.490799
v -2.375908 20.444139 8.852882
v -2.879918 20.306284 8.754764
v -2.934677 20.721052 8.628356
v -2.463332 20.820707 8.708894
v -2.443742 21.462614 8.442654
v -2.836250 21.412308 8.386733
v -3.416278 21.051662 8.383409
v -4.013571 21.029978 8.183002
v -3.278525 21.410406 8.284674
v -2.467420 21.164715 8.560410
v -2.909907 21.097330 8.499345
v -1.477917 21.746355 8.466044
v -1.413649 21.503887 8.724984
v -1.745730 21.354094 8.654876
v -1.790120 21.614582 8.469832
v -1.862541 21.931383 8.330720
v -4.077268 19.984814 8.278509
v -4.078657 20.535141 8.246039
v -3.480917 20.625519 8.491553
v -3.462495 20.147808 8.588930
v -2.818644 27.787090 8.500360
v -2.828757 26.835133 8.832354
v -0.618302 26.396854 9.594817
v -0.608854 27.448936 9.292220
v -5.858455 24.892624 4.933248
v -5.594171 25.490444 5.855528
v -5.498195 24.805105 6.315088
v -5.703151 24.234537 5.716029
v -5.460539 24.306225 6.794755
v -5.632555 23.844238 6.297131
v -1.937499 16.859697 9.001564
v -1.975117 16.815353 9.027363
v -3.135809 17.078032 8.381952
v -3.027477 17.330322 8.527807
v -2.752290 16.938122 8.608053
v -2.938935 16.987516 8.528198
v -2.845123 17.156912 8.655995
v -2.685279 17.034082 8.700905
v -2.449605 16.545435 8.708138
v -2.640405 16.357107 8.570381
v -2.307817 16.699366 8.807014
v -3.180619 16.815170 8.265420
v -3.065782 16.326099 8.226462
v -1.917291 16.867409 8.911150
v -7.460104 20.720917 -1.755329
v -7.671990 20.709814 -1.576410
v -7.329638 19.992586 -1.251972
v -7.095890 20.063179 -1.415430
v -7.747738 23.835768 -1.397479
v -7.979502 23.740644 -1.180422
v -8.073151 23.219896 -1.522605
v -7.825937 23.274338 -1.735487
v -7.199502 24.028309 0.536025
v -7.392950 23.853498 0.537544
v -7.579407 24.195864 -0.097511
v -7.359827 24.333918 -0.169400
v -6.891185 24.263643 -0.233170
v -6.875369 24.062405 0.496976
v -6.846952 22.805386 1.318964
v -7.100711 23.380547 0.988564
v -6.897345 23.653933 1.024341
v -6.629100 23.046104 1.528468
v -6.451031 22.247774 1.828032
v -6.353743 21.434814 1.961279
v -6.468105 21.416962 1.603589
v -6.559910 22.121735 1.557906
v -6.705653 19.473661 -0.971560
v -6.942930 19.412148 -0.794477
v -6.100317 18.743111 0.375786
v -5.805714 18.861973 -0.014409
v -2.831606 26.085239 9.068478
v -7.794604 22.605606 -1.870582
v -8.022254 22.591509 -1.718117
v -7.853833 21.653862 -1.750877
v -7.608780 21.716898 -1.872964
v -3.468444 9.231928 0.009072
v -3.909271 9.274342 -0.572358
v -2.925894 9.201240 0.653763
v -3.802292 18.939970 8.306619
v -3.181835 19.200308 8.713615
v -5.096806 16.133390 4.375909
v -4.404811 12.572458 -1.471205
v -4.271748 11.533926 -1.641773
v -4.310196 9.363747 -1.130998
v -3.981033 10.408438 -1.200837
v -3.697526 10.327503 -0.647084
v -3.387287 10.241399 -0.106487
v -3.031698 10.185116 0.416689
v -6.077007 20.670746 4.030556
v -5.999542 20.578285 4.872884
v -5.787086 19.008816 4.424674
v -5.932924 19.112530 3.596948
v -6.032926 19.270657 2.838592
v -6.139109 20.733021 3.249725
v -6.163214 21.453156 3.375549
v -6.233082 21.440716 2.613259
v -6.264218 22.214151 2.629361
v -6.148233 22.204311 3.454104
v -5.958322 18.971041 1.342641
v -6.140780 19.269821 1.291130
v -6.232799 19.747578 1.491368
v -6.130612 19.623241 1.715867
v -5.811840 18.799301 0.727264
v -6.007708 18.841503 0.874637
v -6.291019 20.791128 1.972279
v -6.381878 20.785898 1.623082
v -6.204949 20.770052 2.559404
v -6.107612 19.451944 2.165258
v -3.123969 5.959527 1.793969
v -2.741923 7.019684 1.576042
v -2.361760 8.885107 1.276990
v -2.404681 10.773173 1.321896
v -2.328794 10.085006 1.215858
v -2.703212 10.217538 0.834065
v -2.828988 10.967570 0.904020
v -6.752388 23.741528 -3.302121
v -6.576683 22.408274 -3.368497
v -6.209869 21.183451 -3.536343
v -5.846071 20.188534 -3.451982
v -6.957715 23.550749 -1.219301
v -6.998060 23.044052 -1.477840
v -7.044698 22.498987 -1.693430
v -7.014642 21.789742 -1.868641
v -2.558202 16.959154 8.685692
v -2.595832 16.915676 8.632848
v -2.107972 16.880562 8.829258
v -2.141667 16.850422 8.864997
v -2.591362 16.680569 8.588035
v -2.745445 16.842484 8.566181
v -2.582300 16.879391 8.612938
v -2.441153 16.779297 8.661780
v -2.808739 16.509546 8.460542
v -2.961264 16.808905 8.447632
v -2.094996 15.765521 1.820158
v -2.104658 16.063938 1.787410
v -2.129390 16.846117 8.739178
v -0.979110 6.965394 2.215523
v -0.830752 8.674255 2.147546
v -0.767666 9.415999 2.251774
v -0.744232 10.082466 2.428196
v -1.854213 7.041720 2.040730
v -2.167835 5.883201 2.309052
v -1.113942 5.786619 2.554246
v -1.663714 8.884529 1.777390
v -1.378245 10.263176 2.085733
v -1.424642 9.598945 1.910198
v -1.905292 9.887400 1.574624
v -1.921568 10.520136 1.706143
v -0.759163 10.720753 2.714309
v -1.407439 10.949838 2.379500
v -1.447974 4.414024 3.345034
v -2.702237 13.568455 4.339938
v -1.010498 12.712473 5.083463
v -1.928514 13.047022 4.673340
v -1.607645 12.629836 3.815386
v -2.225246 13.110832 3.482241
v -0.851709 12.343996 4.004274
v -2.295570 16.867773 8.688619
v -2.116968 16.835686 8.786591
v -1.875362 16.791294 8.931853
v -1.336139 16.737415 9.328929
v -1.601161 16.756060 9.118106
v -1.077863 16.753733 9.522366
v -0.535118 16.712353 9.785447
v -1.320747 16.907722 9.275636
v -1.030741 16.896971 9.410122
v -1.098814 16.858831 9.348462
v -1.361776 16.840445 9.156518
v -1.656253 16.876320 8.968836
v -1.640556 16.852703 9.014559
v -0.559283 16.811384 9.621264
v -0.734088 16.916985 9.529984
v -1.959198 16.775845 8.753769
v -2.179675 16.753763 8.459813
v -2.010579 16.013981 7.740270
v -1.520693 15.941229 8.274605
v -1.059499 16.079844 8.681365
v -0.679383 16.222885 8.900752
v -0.584507 16.990831 9.453618
v -1.106696 17.029716 9.177920
v -1.435448 17.022738 9.012503
v -1.796687 17.065926 8.827170
v -2.553459 16.443773 7.019235
v -2.313829 16.236982 7.410935
v -1.198941 14.839692 6.105973
v -1.738735 15.043167 5.923204
v -1.563354 14.781006 3.318352
v -0.920336 14.419039 3.389927
v -1.880271 18.242041 7.239379
v -1.303047 18.463902 7.586227
v -1.007690 18.087730 4.370595
v -1.574474 17.868149 4.271544
v -2.273593 17.944826 6.853428
v -2.043607 17.665115 4.103303
v -2.206634 15.369762 5.622670
v -2.034337 15.226159 3.176957
v -0.693158 18.514284 7.710420
v -0.634392 14.678052 6.461707
v -2.808664 17.200497 6.322602
v -2.618653 17.645618 6.559590
v -2.592548 17.503824 4.297480
v -2.553520 15.762708 5.346238
v -2.402812 15.637749 3.086251
v -2.793144 16.202965 5.325922
v -2.899960 16.678061 5.609874
v -2.909933 16.917227 3.453970
v -2.763773 16.205687 3.127687
v -1.634889 17.489531 8.780984
v -1.163685 17.451769 9.022722
v -1.980619 17.423651 8.534457
v -2.525134 17.182749 7.746284
v -2.330096 17.339600 8.072828
v -2.608532 16.733765 7.190091
v -0.622028 17.460377 9.165250
v -3.863160 22.431997 8.026552
v -3.508327 22.373449 8.213083
v -4.107192 22.563086 7.885208
v -3.179481 23.574215 8.153689
v -3.666819 23.563066 7.958340
v -4.000733 23.401398 7.772257
v -4.267105 23.084564 7.611386
v -1.995929 22.784521 7.758290
v -2.512146 23.396940 7.902838
v -2.789280 23.496201 8.083875
v -4.359022 22.748055 7.580855
v -4.257590 22.666344 7.719456
v -2.045758 22.461729 7.990092
v -2.067840 22.525097 7.650606
v -3.127219 22.378330 8.305681
v -3.770904 22.465849 7.482287
v -3.450230 22.334929 7.551198
v -3.999171 22.585928 7.442370
v -3.025030 23.378769 7.634716
v -3.350523 23.443491 7.621182
v -4.256879 23.062468 7.370801
v -4.333776 22.798407 7.388772
v -3.740708 23.327930 7.622294
v -2.192435 22.801889 7.487909
v -2.502983 23.054180 7.515778
v -2.797864 23.256241 7.562579
v -3.070649 22.323462 7.636638
v -3.744171 22.691164 7.119608
v -3.422774 22.579311 7.159434
v -4.026629 22.776659 7.154266
v -3.278174 23.056202 7.045161
v -3.667859 23.164129 7.073366
v -4.090602 23.028496 7.279283
v -4.159359 22.856682 7.200235
v -3.950848 23.110920 7.139934
v -2.941941 22.919579 7.107659
v -3.072024 22.455433 7.215046
v -2.681397 22.760874 7.157484
v -2.780522 22.404167 7.252290
v -6.878036 22.671181 0.951948
v -6.908084 22.715738 1.110425
v -6.677386 21.980885 1.185334
v -6.722704 22.077070 0.996927
v -7.124072 23.292936 0.887152
v -7.020605 23.213310 0.774799
v -7.180782 23.681152 0.389442
v -7.369343 23.743809 0.471911
v -7.444983 23.923864 -0.120716
v -7.564976 24.003689 -0.107089
v -7.970973 23.634178 -1.040451
v -7.934767 23.521885 -0.955187
v -8.019923 23.027445 -1.186967
v -8.069367 23.123329 -1.301798
v -6.373981 19.276573 0.621108
v -6.308560 18.861652 0.488824
v -7.025262 19.448097 -0.595700
v -6.858693 19.618755 -0.301610
v -7.423748 20.014317 -1.074815
v -7.349345 20.082933 -0.742624
v -7.729406 20.749809 -1.340326
v -7.680041 20.834211 -1.118796
v -7.862717 21.644905 -1.356235
v -7.904823 21.639006 -1.536040
v -8.040645 22.524170 -1.525870
v -7.986325 22.445320 -1.368457
v -6.581622 21.298023 1.256568
v -6.327333 20.836615 -0.145029
v -6.839119 20.910599 0.054603
v -6.869550 21.489637 -0.019166
v -6.438022 21.463161 -0.105974
v -7.262837 20.947462 -0.129794
v -7.232529 21.539625 -0.125534
v -7.650928 21.659870 -1.207234
v -7.542570 20.885460 -0.946176
v -6.473347 20.672709 1.304092
v -6.226923 18.988148 0.929274
v -6.347313 19.402065 0.931551
v -6.305796 19.448006 1.234132
v -6.380622 19.700632 1.120530
v -7.627363 22.408152 -1.298638
v -7.273199 21.947853 0.060331
v -6.964876 21.881367 0.144838
v -6.482002 20.894205 0.779653
v -6.556684 20.829573 0.972550
v -6.487253 20.553102 1.053454
v -6.393539 20.584673 0.845336
v -6.390217 20.005011 1.161705
v -6.323677 19.876629 1.403951
v -6.350501 20.086035 0.905959
v -7.234825 20.229425 -0.568215
v -6.725366 20.450953 0.156537
v -7.125185 20.431807 -0.002508
v -6.167605 20.557800 0.730873
v -6.220865 20.159441 0.841541
v -6.390266 19.975964 0.875040
v -6.251379 20.143579 0.764890
v -6.431759 19.863749 0.791082
v -6.357127 20.065033 0.638406
v -6.528441 20.248222 0.236579
v -6.826507 20.034863 0.180977
v -6.478014 19.780334 0.674388
v -6.265833 20.421587 0.052533
v -5.992243 20.318359 0.273376
v -6.132194 20.997555 0.244040
v -6.324764 20.941774 0.653397
v -4.962662 18.328098 -3.042089
v -6.517043 20.252405 -1.572842
v -6.249763 19.697819 -1.240437
v -2.117460 17.608984 9.267719
v -1.266798 16.489532 9.805696
v -0.899564 16.385439 10.054098
v -1.582149 16.584959 9.493702
v -1.833393 16.669559 9.228962
v -2.038797 16.742479 9.025050
v -2.204700 16.793425 8.856119
v -2.983671 18.802588 8.737865
v -2.139247 17.972761 9.238677
v -2.665098 18.178989 8.807804
v -2.837687 22.422417 8.303885
v -2.784936 22.324572 7.695468
v -2.824000 22.377190 8.436540
v -2.108009 18.368536 9.163640
v -1.954925 16.905762 8.817966
v -2.092806 17.022022 8.658096
v -2.426767 16.891329 8.619708
v -2.484931 16.904165 8.632880
v -2.468523 16.910734 8.677113
v -2.422027 16.887695 8.657842
v -2.268290 16.877323 8.744248
v -2.333852 16.834089 8.723224
v -2.487828 16.916330 8.632260
v -2.425601 16.950943 8.628518
v -2.236820 16.894674 8.702850
v -2.382626 16.957787 8.599783
v -2.393251 16.891588 8.610583
v -2.412365 16.909716 8.574239
v -2.247217 16.852230 8.593130
v -2.301007 16.809513 8.327849
v -2.363234 16.935127 8.519959
v -2.377606 16.963398 8.530842
v -2.383238 16.945332 8.541220
v -2.382282 16.914156 8.374117
v -2.177801 16.915144 8.686561
v -2.318586 16.923843 8.599584
v -2.387262 16.982088 8.397051
v -2.349353 16.989981 8.467966
v -2.275211 17.012913 8.514105
v -1.103227 19.851490 10.366382
v -1.012164 18.848528 9.757107
v -1.059557 18.767244 9.715322
v -1.246829 19.396378 9.516987
v -1.227552 19.543859 9.508775
v -1.225197 19.554930 9.396820
v -0.701017 18.917995 10.144535
v -0.430765 19.498116 10.212468
v -0.269885 19.448904 10.636898
v -0.347432 19.169071 10.203672
v -0.542085 19.124239 10.063713
v -4.297637 18.705486 7.771962
v -4.641580 19.931376 7.857443
v -4.711138 18.435297 6.992854
v -5.401578 18.040298 4.913152
v -5.562053 18.959360 5.304513
v -5.215064 18.697639 6.128149
v -5.649431 18.132545 4.125956
v -5.823838 18.285746 3.314371
v -5.947078 18.494225 2.534798
v -6.030451 18.759808 1.823753
v -5.634171 16.749018 1.922198
v -5.528333 17.137644 1.131670
v -5.359672 16.270714 3.608289
v -5.551376 16.465050 2.779024
v -5.009697 15.566730 2.473662
v -5.068079 15.903696 1.649697
v -4.899811 15.277302 3.284935
v -3.511582 11.200929 -0.061723
v -3.789491 11.321021 -0.578472
v -4.042441 11.429497 -1.110172
v -3.190116 11.085291 0.442394
v -3.771837 13.948338 1.598402
v -4.282657 14.850307 2.145819
v -4.048411 14.570687 2.948171
v -3.374111 13.805357 2.274219
v -4.094625 14.117536 0.892352
v -4.444889 15.092394 1.326821
v -4.585441 15.320780 0.586601
v -4.979183 16.263870 0.951820
v -5.254606 17.591526 0.587150
v -2.865138 13.565125 2.968528
v -0.789551 11.364485 3.147858
v -1.976268 11.259720 1.996675
v -2.496200 11.560463 1.580591
v -2.963886 11.802809 1.141623
v -3.968392 12.295105 -0.393753
v -3.699015 12.144460 0.131472
v -4.199035 12.436381 -0.925308
v -3.368110 11.985679 0.656387
v -4.383246 13.473515 -0.683092
v -4.554158 14.541139 -0.377855
v -4.347290 14.316023 0.225616
v -4.158469 13.296987 -0.125422
v -3.886446 13.115243 0.443589
v -3.535900 12.940691 1.038095
v -1.475432 11.717495 2.905775
v -3.111338 12.741474 1.557098
v -2.600443 12.475966 2.070282
v -2.042786 12.150649 2.577606
v -1.957563 9.406297 1.526635
v -2.313556 9.488493 1.216900
v -2.638008 9.628903 0.884735
v -5.118044 17.863207 -0.084408
v -4.903347 16.880608 -0.379684
v -5.161462 17.955318 -0.690108
v -4.988000 17.107822 -0.960485
v -3.082437 15.442636 -4.777977
v -2.244030 15.337568 -5.348241
v -2.394285 16.533148 -5.737082
v -3.305183 16.812281 -5.026806
v -1.194767 15.262855 -5.567274
v -1.264469 16.426666 -6.006111
v -2.219909 14.163264 -5.231548
v -3.052697 14.203488 -4.724710
v -1.184327 14.092808 -5.434828
v -5.322625 22.930801 6.962110
v -5.532586 23.035870 6.522911
v -6.076486 24.044840 3.598572
v -6.190518 25.058355 3.698848
v -5.865933 23.798464 4.585533
v -4.568394 13.650970 -1.270599
v -4.717278 14.789355 -1.012094
v -3.715806 14.183444 -4.098390
v -3.742427 15.429665 -4.065298
v -4.258206 15.320688 -3.315275
v -4.231602 14.107088 -3.410205
v -4.637365 15.218600 -2.522837
v -4.564935 13.994629 -2.680879
v -4.781673 15.051805 -1.731012
v -4.676877 13.836927 -1.934584
v -6.633349 26.223080 1.713976
v -6.737105 26.305504 0.624489
v -6.587354 27.389414 0.727546
v -6.479312 27.345905 1.756801
v -6.684825 24.925610 1.645116
v -6.799798 25.039513 0.605259
v -6.826477 25.203297 -0.373035
v -6.805678 26.362045 -0.382388
v -6.668800 27.101278 -3.423863
v -6.664820 25.685266 -4.037952
v -6.664590 27.398357 -0.247316
v -6.570086 28.176643 -2.544703
v -6.056731 29.798412 -2.003538
v -6.427724 28.877691 -1.534805
v -5.017142 17.192406 -1.362073
v -5.193814 18.011631 -1.153822
v -5.185840 18.050533 -1.675218
v -4.972859 17.279514 -1.929460
v -6.797823 20.924513 -1.800946
v -4.467420 23.324036 7.959588
v -4.678251 23.131161 7.736830
v -4.226536 23.464371 8.203141
v -3.962818 23.584600 8.437587
v -3.179294 23.587217 8.687687
v -2.740481 23.465147 8.598050
v -1.963230 23.065115 8.391921
v -2.295770 23.290838 8.489379
v -1.695301 22.881987 8.314672
v -4.750343 22.890305 7.556427
v -4.731421 22.737545 7.522577
v -4.950691 22.731144 7.303551
v -4.797901 22.973337 7.553584
v -0.381772 16.218567 8.949221
v -0.438242 16.910278 9.567491
v -0.467986 16.845783 9.790979
v -0.466055 16.687565 9.977194
v -0.466512 16.537300 10.122434
v -0.488925 16.295441 10.225109
v -0.528938 16.005859 10.214451
v -0.554106 15.604946 9.996093
v -0.543956 15.420677 9.648106
v -0.585543 14.988786 9.468611
v -0.657211 14.562323 9.580287
v -0.726874 14.008300 9.611588
v -0.740543 12.746751 8.834885
v -0.641183 12.471191 7.987297
v -0.488448 12.472621 7.244594
v -0.640802 12.677511 5.767683
v -0.419868 18.369965 10.320886
v -5.155709 19.979355 7.297192
v -5.581980 20.143564 6.653121
v -5.891564 20.434454 5.765598
v -6.101227 21.401905 4.191418
v -6.018248 21.290632 5.023098
v -5.495880 21.696306 6.862327
v -5.514676 22.417870 6.535729
v -1.677039 24.961742 9.686318
v -2.268037 25.218002 9.500310
v -2.794677 25.421312 9.272336
v -6.303518 23.060051 2.639648
v -6.096485 23.086420 3.493140
v -6.465647 22.962053 1.871702
v -1.521375 22.345163 8.243033
v -1.458878 22.480738 8.247433
v -1.222476 22.483126 8.330963
v -1.291556 22.270754 8.303407
v -1.387085 22.155497 8.297528
v -1.620486 22.236506 8.226651
v -1.596804 21.970680 8.325729
v -1.457392 22.586308 8.255957
v -1.238363 22.819986 8.505547
v -1.536946 22.749954 8.292539
v -4.582903 21.104950 7.896854
v -5.102689 21.300365 7.477121
v -5.668984 23.173223 5.982287
v -5.722425 22.482563 5.906641
v -5.849898 22.658209 5.188299
v -5.771192 23.450533 5.349196
v -6.371321 24.012508 2.643182
v -6.574063 23.873209 1.791962
v -5.900994 21.142422 5.889733
v -4.654496 20.534107 7.894162
v -5.212909 20.646460 7.398845
v -5.664333 20.878527 6.754317
v -5.798165 21.797300 5.965250
v -5.949811 21.924389 5.116103
v -6.053328 22.096399 4.291834
v -5.945883 22.920689 4.405237
v -7.677538 22.954390 -1.240079
v -7.266156 22.294462 0.289661
v -7.032608 22.173683 0.393949
v -6.912085 24.029024 -0.888213
v -7.629487 24.239313 -0.876466
v -7.793421 24.114414 -0.722492
v -7.815996 23.944227 -0.633666
v -7.679981 23.802675 -0.611880
v -6.467402 25.062857 2.658871
v -6.668360 23.867292 1.374695
v -6.728983 24.038134 0.958298
v -6.396704 21.567606 0.277005
v -6.873614 22.582445 0.740200
v -6.980923 23.008087 0.587174
v -6.961653 22.406433 0.575401
v -7.120741 22.667410 0.436057
v -6.703836 22.072935 0.822073
v -7.014503 23.448950 0.237152
v -7.285365 23.693913 -0.201191
v -7.508251 22.296621 -0.955189
v -7.477441 22.806070 -0.873425
v -7.492552 21.656097 -0.945264
v -7.420228 20.895802 -0.737004
v -7.649071 23.441864 -1.034673
v -6.628393 21.796326 0.111423
v -7.419299 23.716936 -0.702621
v -7.436479 22.025623 -0.185393
v -7.448888 22.148956 -0.490134
v -7.431849 22.610716 -0.356346
v -7.332184 22.427876 -0.012136
v -7.384284 21.542879 -0.319464
v -7.448179 21.610188 -0.559218
v -7.353639 20.970957 -0.382715
v -6.957745 20.044291 -0.126226
v -6.943636 19.901690 -0.303335
v -7.390974 23.278490 -0.740799
v -7.330864 23.149744 -0.282776
v -7.098334 22.931700 0.081741
v -7.147232 20.351450 -0.277215
v -6.468256 26.174566 2.755781
v -6.222486 26.120033 3.756000
v -6.724331 24.260405 0.538927
v -6.709050 24.364910 1.328266
v -5.956613 26.098909 4.691396
v -5.107748 18.144957 -2.252433
v -6.175003 20.080484 -2.378276
v -6.504170 20.943203 -2.480525
v -6.754146 21.890627 -2.443856
v -2.507146 22.318869 7.708357
v -2.533796 22.483065 8.210483
v -2.512499 22.436560 8.359097
v -1.989419 22.124823 8.231100
v -1.794096 22.161760 8.213611
v -1.806356 22.295176 8.064827
v -1.924133 22.360720 7.972852
v -4.863383 17.361256 -2.389759
v -4.615571 17.505239 -3.096967
v -4.720501 15.588430 -0.072408
v -4.829400 15.916379 -0.714209
v -4.903026 16.365196 -1.409659
v -4.775205 16.537634 -2.307565
v -4.371867 16.530655 -3.191581
v -2.272332 26.651199 9.154384
v -1.727611 26.481195 9.370861
v -1.711317 25.711044 9.547346
v -2.258000 25.841995 9.363658
v -1.796173 27.502512 9.062298
v -2.325892 27.601877 8.834646
v -5.891890 27.228779 4.510674
v -6.150717 27.251133 3.690699
v -6.351516 27.304922 2.770961
v -6.748557 24.468565 0.932394
v -3.900446 16.802275 -4.090129
v -2.647782 29.009085 7.977445
v -3.421099 29.024702 7.444179
v -0.839602 28.982517 8.577259
v -0.915547 30.236645 7.660491
v -5.057551 29.947004 4.416846
v -5.198739 30.221878 3.641836
v -5.325706 30.393526 2.760183
v -5.862592 29.427624 2.733732
v -6.678154 24.391874 -0.264651
v -6.721960 24.311001 -1.046075
v -6.917497 25.208969 -1.362634
v -5.701654 28.272785 4.372354
v -5.946499 28.325586 3.609873
v -6.143364 28.396179 2.750159
v -6.846856 26.416092 -1.340820
v -6.712218 27.396456 -1.146432
v -5.663176 29.312519 3.582792
v -6.890542 25.035057 -2.661279
v -6.820492 24.021709 -1.748699
v -6.825818 23.324766 -2.207529
v -6.811497 22.525433 -2.374768
v -6.813844 26.557629 -2.400363
v -6.291922 28.433208 1.779009
v -4.219610 28.804407 6.758224
v -4.633442 28.665304 6.268502
v -4.568885 29.393543 5.862515
v -4.072253 29.588306 6.384512
v -1.765340 29.239340 8.220085
v -1.833922 30.163376 7.487727
v -2.657031 30.011909 7.241834
v -3.382016 29.864733 6.855870
v -5.070464 28.449724 5.648296
v -5.409612 28.304630 5.044044
v -6.402722 28.417986 0.735968
v -6.499593 28.314924 -0.272994
v -6.696093 27.592525 -1.825312
v -6.600178 28.088470 -1.182989
v -3.915973 17.440197 -4.480222
v -3.708910 17.432472 -4.867734
v -6.517333 21.221027 0.742337
v -6.586518 21.648024 0.810826
v -6.637035 21.690786 0.974330
v -6.608739 21.219446 0.919266
v -6.400793 21.228905 0.644651
v -6.527158 21.661268 0.606478
v -6.642628 22.051188 0.646590
v -6.626176 21.990435 0.322031
v -2.431338 22.377783 7.320676
v -2.349367 22.559071 7.286631
v -1.070603 31.214333 6.760547
v -2.024171 30.981993 6.640982
v -2.694390 30.717945 6.524798
v -3.300778 30.537935 6.235903
v -4.961528 29.138531 5.373853
v -4.951429 29.588717 5.014359
v -4.493311 30.030569 5.354196
v -3.876827 30.374258 5.798800
v -5.211800 29.066706 4.927298
v -5.437247 29.175621 4.321073
v -2.814657 31.099030 5.970410
v -3.183786 30.972017 5.791549
v -2.471250 16.924055 8.011904
v -2.472236 16.989996 8.040287
v -2.649508 17.017704 7.257026
v -2.433295 17.079050 8.111453
v -1.175321 24.128632 9.802844
v -1.161365 24.797958 9.793260
v -1.140300 25.489197 9.699604
v -0.636789 25.375416 9.790764
v -1.122955 26.405067 9.518855
v -1.201778 27.425503 9.219590
v -0.391003 24.957302 9.876903
v -1.787128 28.441847 8.681885
v -2.278410 28.421301 8.497519
v -1.267684 28.346146 8.852897
v -0.200632 18.612858 10.581163
v -2.028035 22.328831 7.656392
v -0.686360 19.072672 10.015798
v -0.637084 19.413485 10.092764
v -0.324746 18.591614 10.458813
v -0.275401 18.525537 10.395799
v -0.881698 19.257412 10.694369
v -0.650453 19.518173 10.542035
v -0.990602 20.412432 9.888212
v -1.076532 20.733644 9.655304
v -3.918039 15.992356 6.964743
v -3.953920 17.096386 7.386453
v -3.844542 17.553553 7.703964
v -3.638057 17.909559 8.078136
v -3.320353 18.206957 8.425655
v -2.844586 18.474197 8.734612
v -2.240756 18.696941 9.026046
v -1.118654 18.855310 9.609674
v -1.084606 18.909891 9.677053
v -1.264967 19.117092 10.181712
v -1.262242 19.233276 10.436206
v -1.176757 19.332125 10.724301
v -1.004362 19.433590 11.064333
v -0.824349 19.439947 11.308224
v -0.561603 19.450256 11.583073
v 0.017514 19.511786 11.809250
v 0.580227 19.473402 11.622657
v 0.856926 19.470392 11.315959
v 1.099185 19.450256 10.974178
v 1.231268 19.361902 10.678564
v 1.296007 19.243269 10.398531
v 1.289271 19.119829 10.181078
v 1.120927 18.918133 9.657023
v 1.124757 18.879993 9.618553
v 2.164922 18.707085 9.077525
v 2.738816 18.483519 8.786225
v 3.236146 18.194942 8.474642
v 3.599554 17.879160 8.103403
v 3.819207 17.515368 7.723325
v 3.936181 17.062246 7.402859
v 3.891023 15.981360 7.009330
v 3.704873 15.418579 7.057236
v 3.364787 14.937704 7.328033
v 2.988838 14.504276 7.689104
v 2.582316 14.168131 8.192170
v 2.037730 13.836882 8.770890
v 1.361094 13.532930 9.224011
v 0.680936 13.291451 9.440060
v -0.066689 13.193789 9.474023
v -0.771801 13.340434 9.433068
v -1.438563 13.578066 9.191308
v -2.097856 13.875919 8.711136
v -2.635345 14.176464 8.124008
v -3.026387 14.505523 7.627806
v -3.404817 14.932914 7.265595
v -3.733106 15.418244 7.000753
v -6.180475 20.393833 0.848438
v -6.327448 20.394169 0.941562
v -6.430244 20.346508 1.153788
v -6.387527 20.342386 1.409885
v -6.325835 20.298666 1.578398
v -6.238700 20.256907 1.902873
v -6.173510 20.120663 2.402010
v -6.098600 20.020111 3.077532
v -6.014841 19.907698 3.836689
v -5.903684 19.822718 4.673249
v -5.752469 19.713209 5.565473
v -5.427709 19.457983 6.429807
v -4.992303 19.288313 7.172602
v -4.525445 19.327669 7.797997
v -3.978652 19.438988 8.284765
v -3.359094 19.655802 8.651529
v -2.731941 19.874500 8.868209
v -2.184097 20.055727 9.007438
v 2.159686 20.047682 9.013260
v 2.688269 19.863991 8.836303
v 3.302862 19.665138 8.646646
v 3.939675 19.433437 8.311355
v 4.501659 19.278170 7.806825
v 4.965850 19.207394 7.170250
v 5.393546 19.344610 6.404768
v 5.718584 19.579048 5.555436
v 5.894667 19.735579 4.658401
v 6.017256 19.868767 3.804794
v 6.106077 20.019258 3.021542
v 6.186076 20.130045 2.330606
v 6.250933 20.251173 1.802840
v 6.322027 20.311090 1.554458
v 6.380465 20.361853 1.391908
v 6.426802 20.379631 1.133059
v 6.329963 20.410805 0.929419
v 6.190800 20.403643 0.846869
v 0.185233 19.122520 11.631009
v 0.227804 19.279295 11.728560
v 0.276652 19.502602 11.792410
v 0.350729 20.262806 11.434516
v 0.333752 20.506292 11.236090
v 0.326222 20.767496 11.025742
v 0.315143 21.039177 10.815142
v -0.352325 21.018297 10.754861
v -0.344913 20.750282 10.969507
v -0.341193 20.497610 11.182859
v -0.343048 20.258169 11.386871
v -0.240176 19.497400 11.778622
v -0.186109 19.277987 11.725513
v -0.129529 19.119661 11.636719
v -0.097583 19.025133 11.533365
v 0.018429 19.024189 11.534317
v 0.162333 19.031931 11.529207
v 0.302113 21.314812 10.606071
v -0.347392 21.293264 10.545653
v 1.506688 19.913628 9.329124
v 1.218954 19.691326 9.502300
v 1.259310 19.624275 9.616876
v 1.303576 19.477539 9.671410
v 1.222204 18.989380 9.879963
v 1.112296 18.917555 9.986600
v 1.014465 18.898060 10.064695
v 0.946803 18.978613 10.133570
v 0.904425 19.077339 10.109696
v 0.885327 19.167429 10.001342
v -0.803482 19.034941 10.052129
v -0.830523 18.928642 10.177981
v -0.891001 18.851980 10.161942
v -0.986011 18.842112 10.051748
v -1.074069 18.893116 9.990088
v -1.184288 18.981380 9.924365
v -1.289015 19.481768 9.721016
v -1.218129 19.669914 9.601951
v -1.169070 19.733253 9.443769
v -1.481474 19.902527 9.280858
v 2.442508 16.848991 8.019044
v 2.364758 16.898355 8.425946
v 2.358459 16.931280 8.569325
v 2.358225 16.921926 8.624816
v 2.364548 16.910126 8.645317
v 2.416578 16.904802 8.638553
v 2.502191 16.864792 8.617173
v 2.627252 16.791811 8.576095
v 2.860062 16.633577 8.451126
v 3.117869 16.505121 8.228380
v 3.385524 16.469643 7.952639
v 3.665947 16.483814 7.601548
v 3.964501 16.552734 7.161352
v 4.288420 16.682165 6.631666
v 4.665697 16.891726 5.993911
v 5.039147 17.127394 5.274249
v 5.308375 17.216160 4.583155
v 5.571741 17.355125 3.821670
v 5.776061 17.568243 3.011103
v 5.906850 17.835804 2.170659
v 5.922297 18.173393 1.319826
v 5.694491 18.489328 0.768017
v 5.600413 18.603901 0.320205
v 5.462754 18.646816 -0.371612
v 5.466618 18.685003 -0.859025
v 5.464584 18.701488 -1.452884
v -2.420408 16.806137 7.972953
v -2.343387 16.844826 8.303951
v -2.310395 16.879681 8.526458
v -2.324911 16.922443 8.618867
v -2.364973 16.910566 8.654363
v -2.436598 16.889032 8.638083
v -2.535067 16.849844 8.609727
v -2.683661 16.777105 8.559895
v -2.917459 16.643950 8.422034
v -3.170146 16.542288 8.192956
v -3.429707 16.505760 7.916812
v -3.700048 16.515234 7.566606
v -3.988099 16.578861 7.133823
v -4.301412 16.696978 6.614057
v -4.662004 16.872290 5.989848
v -5.012748 17.045975 5.280975
v -5.277257 17.121828 4.597995
v -5.533745 17.238106 3.850523
v -5.741919 17.414268 3.046602
v -5.874934 17.677797 2.222435
v -5.926699 18.048845 1.404859
v -5.724012 18.383453 0.851898
v -5.582868 18.542646 0.368849
v -5.459180 18.641054 -0.352860
v -5.457047 18.672441 -0.850672
v -5.458527 18.691147 -1.444983
v 1.197422 18.988604 9.533077
v 1.192598 19.012146 9.575816
v 1.300212 19.123175 9.822623
v 1.366097 19.296753 10.078036
v 1.344485 19.424206 10.319597
v 1.224844 19.577225 10.616418
v 1.086185 19.655132 10.890687
v 0.903130 19.710182 11.229732
v 0.664035 19.743046 11.566760
v 0.326051 19.782814 11.745518
v 0.014061 19.791086 11.777511
v -0.293509 19.770130 11.727278
v -0.629829 19.713802 11.539103
v -0.866227 19.677988 11.236770
v -1.015373 19.627926 10.964279
v -1.183232 19.508913 10.670437
v -1.292310 19.373444 10.377088
v -1.314793 19.247208 10.131387
v -1.272584 19.118401 9.864455
v -1.199386 19.063166 9.629204
v -1.181244 19.005972 9.520399
v 4.881808 16.660692 0.230814
v -4.869701 16.594616 0.261994
v 5.459692 18.822037 -1.990065
v -5.458436 18.818144 -1.985648
v 6.476533 20.064898 0.398981
v 6.582405 19.764503 0.476891
v 6.463270 19.243755 0.296285
v 6.461831 18.875233 0.088723
v 6.406069 18.826813 -0.045406
v 6.250492 18.883505 -0.224756
v -6.096020 18.877682 -0.160640
v -6.327127 18.787683 0.050323
v -6.468047 18.904415 0.108348
v -6.468772 19.287279 0.287352
v -6.569186 19.772259 0.490683
v -6.462921 20.067741 0.409890
v 5.725891 19.022213 -0.482442
v -5.717041 19.018457 -0.469681
v 5.850399 19.173269 -0.857071
v 6.388956 19.064474 -0.511445
v 6.590447 18.979708 -0.353073
v 6.655780 19.048674 -0.162603
v 6.633554 19.360655 -0.011898
v 6.680270 19.832983 0.329465
v -6.671140 19.864676 0.336548
v -6.632896 19.414276 -0.017669
v -6.705511 19.094601 -0.263929
v -6.558682 19.000694 -0.409793
v -6.362242 19.123875 -0.581906
v -5.919918 19.251085 -0.893753
v 5.828445 19.447611 -2.229179
v 5.591271 19.605328 -3.310532
v -5.827869 19.446302 -2.226862
v -5.590603 19.605951 -3.309697
v 5.238128 18.867903 -3.059170
v -5.244257 18.861912 -3.059821
v -5.677248 9.301305 -2.785971
v -5.512800 9.080325 -2.046501
v -5.191459 8.834025 -1.453332
v -4.775589 8.608499 -0.905101
v -4.300052 8.415273 -0.339784
v -3.781650 8.270118 0.241084
v -3.175361 8.142892 0.835099
v -2.504716 7.990103 1.408332
v -1.724610 7.927965 1.887473
v -0.874967 7.834302 2.128415
v -0.000196 7.785137 2.183286
v 0.874754 7.839336 2.127471
v 1.725989 7.929957 1.886947
v 2.506334 7.990787 1.408050
v 3.175620 8.144078 0.835239
v 3.780300 8.270832 0.242032
v 4.299334 8.415166 -0.339050
v 4.775867 8.607601 -0.904524
v 5.193016 8.835059 -1.455459
v 5.514342 9.080842 -2.047002
v 5.677750 9.302810 -2.788473
v 5.603313 9.409202 -3.671221
v 5.269854 9.464861 -4.620815
v 4.572738 9.396503 -5.549884
v 3.423531 9.186245 -6.246547
v 1.866251 9.036208 -6.640820
v -0.000182 8.948583 -6.714957
v -1.870645 9.047400 -6.643010
v -3.423093 9.198775 -6.252149
v -4.574035 9.406266 -5.552409
v -5.269411 9.465424 -4.619067
v -5.603794 9.408015 -3.668509
v 1.789579 20.247341 9.160794
v -1.795515 20.239569 9.112715
v 1.962328 20.596489 8.991663
v -1.978763 20.590101 8.945806
v -0.228792 23.308479 9.745495
v -0.224880 22.923138 9.704301
v -0.252508 22.544867 9.786948
v -0.278245 22.196177 9.950278
v -0.301736 21.880651 10.142719
v -0.326538 21.580334 10.340635
v 0.144127 23.321026 9.781518
v 0.159037 22.931896 9.731429
v 0.157977 22.550388 9.836281
v 0.183031 22.212326 10.009030
v 0.229149 21.899736 10.199521
v 0.272227 21.598949 10.398878
v -0.222128 23.632109 9.805165
v -0.049000 23.642876 9.815023
v 0.124877 23.628946 9.809973
v 1.252662 19.126581 9.466894
v 1.251900 19.163490 9.518444
v 1.336963 19.321085 9.771620
v 1.366403 19.476322 10.024471
v 1.319594 19.607487 10.258574
v 1.167368 19.742180 10.507801
v 0.991009 19.830641 10.771825
v 0.859354 19.879274 11.091076
v 0.678825 19.957623 11.419156
v 0.354405 20.036064 11.613173
v 0.007401 20.047226 11.640546
v -0.334049 20.021814 11.581019
v -0.643079 19.945183 11.387863
v -0.820555 19.869480 11.079947
v -0.958898 19.792181 10.794223
v -1.147505 19.683935 10.531408
v -1.283685 19.545759 10.288945
v -1.328578 19.443901 10.054741
v -1.304764 19.299536 9.803672
v -1.246526 19.213644 9.590016
v -1.231246 19.166075 9.465613
v 0.207111 17.434145 10.492674
v 0.200801 17.698738 10.346097
v 0.220269 18.126282 10.266566
v -0.236250 17.425568 10.496321
v -0.197740 17.673449 10.347483
v -0.187674 18.111103 10.267568
v 0.224206 17.216511 10.597266
v -0.261280 17.227125 10.586915
v 0.228826 18.495245 10.372047
v -0.170270 18.483383 10.360518
v 1.484066 18.643091 9.530511
v 1.602006 18.793371 9.367782
v 1.664143 19.028112 9.237871
v -1.508444 18.626226 9.509295
v -1.638087 18.859173 9.302588
v -1.705440 19.077782 9.197891
v 1.328877 18.573881 9.684325
v 1.109088 18.516199 9.902843
v -1.342864 18.530876 9.685209
v -1.110794 18.471748 9.892944
v 1.645105 19.271296 9.192266
v -1.736495 19.282671 9.158648
v 2.052879 20.940359 8.813604
v 2.089602 21.272535 8.628025
v 2.118764 21.594538 8.451129
v 2.196115 21.916830 8.348505
v 2.256353 22.266769 8.281974
v 2.331791 22.470867 8.272491
v 2.401780 22.509617 8.171498
v 2.320850 22.302324 7.695973
v -2.338446 22.294567 7.678379
v -2.297528 22.469286 8.139141
v -2.261523 22.424484 8.214099
v -2.208693 22.188374 8.265335
v -2.109766 21.868530 8.348864
v -2.111563 21.526287 8.469877
v -2.092355 21.246105 8.605991
v -2.066067 20.930962 8.778947
v -1.616483 18.278355 9.583975
v -1.222262 18.254587 9.893546
v 1.554464 18.347763 9.624591
v 1.187355 18.323004 9.919317
v 0.924007 18.524611 10.055261
v -0.899290 18.432802 10.065588
v 0.797573 18.660944 10.121486
v -0.689757 18.627686 10.142282
v 0.880525 18.770103 9.942486
v -0.859257 18.698446 9.938982
v 3.826275 28.901188 7.148822
v 3.893531 27.848192 7.644285
v 3.875621 26.895401 8.067766
v 3.843389 26.113722 8.342471
v 3.846154 25.529634 8.585709
v 3.901784 24.973072 8.863552
v 3.891191 24.451700 8.971291
v 3.786364 24.015671 8.914643
v 3.653147 23.726229 8.726972
v 3.570698 23.587141 8.545458
v 3.510493 23.512167 8.477351
v 3.465530 23.426140 8.528528
v 3.454525 23.335291 8.576099
v 3.402474 23.302685 8.455864
v 3.490365 23.659071 8.120013
v -3.438601 23.580450 8.119605
v -3.449304 23.330044 8.450199
v -3.486026 23.318882 8.563837
v -3.519367 23.432953 8.551718
v -3.531465 23.556179 8.536612
v -3.579477 23.637249 8.623057
v -3.668679 23.750195 8.745794
v -3.801129 24.059681 8.922321
v -3.889508 24.484549 8.971596
v -3.883976 25.007608 8.856757
v -3.824364 25.570709 8.581837
v -3.820664 26.152836 8.346785
v -3.858830 26.923565 8.069974
v -3.892844 27.862473 7.634619
v -3.836881 28.907879 7.131813
v -2.343865 16.665499 7.991846
v -2.065625 16.656982 8.467834
v -1.774553 16.657316 8.751213
v -1.353198 16.776270 9.047346
v -0.968801 16.802107 9.216745
v -0.682825 16.831959 9.323527
v -0.402484 16.797226 9.356922
v -0.063322 16.730694 9.303075
v 0.258922 16.781988 9.345196
v 0.540343 16.807232 9.320884
v 0.900582 16.729750 9.166568
v 1.244023 16.715120 9.048239
v 1.665276 16.645212 8.809505
v 2.012044 16.640818 8.522156
v 2.270932 16.681999 8.184010
v 2.655419 16.888941 7.159918
v -2.657776 16.854452 7.112700
v -0.818310 17.352146 9.124748
v -0.831765 17.012943 9.324624
v -0.828126 16.844490 9.502554
v -0.801905 16.736214 9.676318
v -0.788328 16.690819 9.859671
v -0.814857 16.781364 10.116804
v -0.805014 16.980719 10.277885
v -0.822832 17.241953 10.403146
v -0.769400 17.493103 10.364340
v -0.703917 17.704168 10.299664
v -0.643672 18.019098 10.258958
v -0.608601 18.275572 10.264022
v -0.522579 18.566948 10.300857
v -0.523256 18.688606 10.347465
v 0.779322 17.441200 9.151135
v 0.688355 16.998999 9.421956
v 0.699659 16.842484 9.552964
v 0.702130 16.736746 9.718028
v 0.707624 16.679718 9.908462
v 0.750527 16.800495 10.185133
v 0.728165 17.019573 10.355742
v 0.736916 17.334673 10.469691
v 0.721039 17.503155 10.393273
v 0.686733 17.734278 10.295886
v 0.654097 18.068676 10.255675
v 0.635016 18.321651 10.275497
v 0.608938 18.534494 10.311753
v 0.607461 18.704256 10.347578
v -0.446755 18.911671 10.318410
v 0.369841 19.002884 10.235011
v -0.253864 19.168783 10.412051
v -0.209444 19.263189 10.563067
v 0.319968 19.197008 10.286728
v 0.313467 19.382948 10.384201
v -0.599662 18.701624 10.263124
v 0.682219 18.742319 10.257656
v -0.574405 18.787638 10.315728
v -0.514931 18.795332 10.387116
v -0.475540 18.779776 10.450552
v 0.481286 18.860420 10.400040
v 0.511000 18.861288 10.312837
v 0.570125 18.863218 10.214972
v -0.242779 16.967518 10.500794
v -0.273541 16.750935 10.340953
v -0.288714 16.615511 10.084044
v -0.285254 16.669924 9.851773
v -0.294785 16.770020 9.707589
v -0.300672 16.903557 9.576385
v -0.319125 17.423483 9.241519
v 0.213524 16.964022 10.509114
v 0.214208 16.758507 10.365411
v 0.207485 16.601049 10.104357
v 0.189306 16.655857 9.860785
v 0.191630 16.755999 9.721745
v 0.203757 16.880699 9.602796
v 0.213445 17.376371 9.275588
v 0.983712 18.828608 9.899798
v -0.914605 18.795227 9.861194
v -0.655766 16.596548 9.385147
v -0.741928 16.772863 9.365360
v -0.029034 16.565828 9.550960
v -0.043008 16.487162 9.508802
v -0.116716 16.458494 9.497921
v -0.111848 16.541208 9.558176
v -0.035998 16.506292 9.460235
v -0.002088 16.574390 9.488284
v -0.035532 17.056345 9.379126
v -0.015208 17.130558 9.492768
v -0.029900 16.875483 9.420390
v 0.000833 16.952934 9.528974
v -0.309145 17.082640 9.242222
v -0.514273 17.162357 9.198195
v -0.599700 17.061272 9.243971
v -0.341881 16.903419 9.360610
v -0.680543 16.909761 9.292199
v -0.689370 16.613245 9.298311
v -0.627997 16.536114 9.331788
v -0.469454 16.487694 9.397774
v -0.452521 16.570299 9.380788
v -0.715102 16.621899 9.302628
v -0.265611 16.568552 9.416080
v -0.039927 16.581568 9.432854
v 0.008586 16.755161 9.524506
v -0.024857 16.956188 9.602930
v -0.008202 16.729948 9.580288
v -0.105129 16.717371 9.617168
v -0.308055 16.714725 9.601220
v -0.296507 16.539474 9.546049
v -0.513089 16.574223 9.465831
v -0.542524 16.740822 9.505276
v -0.279447 16.451620 9.482311
v -0.477086 16.486933 9.428645
v -0.272856 16.463924 9.442645
v -0.108701 16.475435 9.458331
v -0.637839 16.531065 9.362407
v -0.712285 16.610174 9.339292
v -0.749355 16.785151 9.316845
v -0.722867 16.970257 9.328077
v -0.622498 17.236372 9.262122
v -0.606728 17.365984 9.400455
v -0.507141 17.404186 9.529033
v -0.522858 17.221893 9.548511
v -0.657428 17.221134 9.390752
v -0.271050 17.399563 9.607746
v -0.281143 17.211523 9.619646
v -0.129298 17.386848 9.619143
v -0.131832 17.220798 9.626163
v -0.051723 17.319069 9.588975
v -0.048218 17.211218 9.587819
v -0.017577 17.235474 9.469491
v -0.102802 16.938595 9.634487
v -0.307022 16.940145 9.630185
v -0.543777 16.956615 9.546556
v -0.718610 16.974134 9.390543
v -0.671196 17.140974 9.300584
v -0.306814 17.123455 9.209620
v -0.051572 17.119228 9.309115
v -0.669445 16.554394 9.320709
v -0.675962 16.556293 9.341781
v -0.681874 16.768301 9.421791
v -0.674862 16.973297 9.450300
v -0.623855 17.227383 9.457881
v -0.571339 17.379519 9.446205
v -1.022867 17.256399 8.904525
v -0.856734 17.171070 9.026969
v -0.863709 17.327662 9.051032
v -0.771454 17.123091 9.131938
v -0.719043 17.336102 9.218900
v -0.700916 17.023588 9.283710
v -0.852212 17.509695 9.305002
v -0.751136 17.446857 9.315468
v -0.768039 17.300592 9.355864
v -0.883059 17.309139 9.347236
v -1.027672 17.318916 9.274124
v -0.951602 17.521481 9.246549
v -0.787333 16.614174 9.314365
v -1.088447 17.324148 8.934264
v -1.268699 16.708353 8.923279
v -1.287074 16.879164 8.929319
v -1.224109 16.663734 9.001125
v -0.831820 16.865690 9.188703
v -0.970584 16.907419 9.086898
v -0.769726 16.588898 9.248314
v -1.093050 16.899784 8.972924
v -0.972241 17.173565 8.918607
v -1.177405 17.057880 8.832235
v -1.210031 16.690819 8.863215
v -1.156818 16.629776 8.957886
v -1.213755 16.858908 8.832938
v -1.020905 16.575714 9.077597
v -0.872224 16.560598 9.183019
v -0.714062 16.798306 9.291000
v -0.725495 16.791355 9.345849
v -0.703176 17.018463 9.346897
v -0.740610 16.626963 9.294031
v -0.786918 16.563807 9.272947
v -0.890311 16.539490 9.205672
v -1.045768 16.554302 9.099533
v -1.186771 16.616089 8.975888
v -1.229421 16.664692 8.879107
v -1.250135 16.869127 8.851749
v -1.206048 17.083977 8.875091
v -1.239611 17.133478 8.984809
v -1.071775 16.584974 9.137742
v -0.913066 16.577341 9.238708
v -1.108706 16.791903 9.211245
v -0.928203 16.768574 9.315143
v -1.255440 16.840536 9.071054
v -1.228537 17.099930 9.130508
v -1.098438 17.071081 9.274366
v -1.162220 17.334673 9.035406
v -1.062118 17.463373 9.071452
v -1.026027 17.490047 9.184933
v -1.141482 17.325304 9.153075
v -0.912426 17.056604 9.369053
v -0.757921 17.036789 9.383977
v -0.772542 16.784163 9.362496
v -0.708693 17.401098 9.279815
v -0.704636 17.292244 9.308423
v -1.237429 16.720062 8.845909
v -1.282316 16.679810 8.823166
v -1.257188 16.797621 8.900267
v -1.424668 16.570345 8.614759
v -1.360978 16.839184 8.655619
v -1.394018 16.783737 8.901980
v -1.486635 16.649075 8.699877
v -1.525655 16.828173 8.792733
v -1.438257 17.468710 8.529768
v -1.505359 17.364494 8.496908
v -1.596283 16.844961 8.651399
v -1.607092 17.032637 8.660967
v -1.524590 16.993904 8.844471
v -1.588446 16.814577 8.509528
v -1.625528 17.043297 8.530026
v -1.567546 16.728214 8.623131
v -1.474776 16.677055 8.502506
v -1.503371 16.771023 8.426232
v -1.530480 16.984520 8.422961
v -1.311960 17.070641 8.627231
v -1.483849 17.144564 8.450483
v -1.239861 16.960751 8.912696
v -1.207928 17.113146 8.880734
v -1.322959 16.679914 8.881850
v -1.300103 16.799477 8.955336
v -1.433208 16.559458 8.644309
v -1.547313 16.659826 8.532990
v -1.554678 16.772484 8.428176
v -1.382666 17.247229 8.451965
v -1.334795 17.349972 8.491330
v -1.219272 17.183357 8.592762
v -1.211483 17.298691 8.624093
v -1.176624 17.188772 8.861593
v -1.175040 17.269796 8.817987
v -1.293598 17.130178 8.977132
v -1.265372 17.271881 8.969602
v -1.302839 16.959017 8.979267
v -1.379329 16.956068 8.959671
v -1.367300 17.140123 8.968860
v -1.500392 17.178263 8.871128
v -1.450660 17.353437 8.897420
v -1.577790 17.196922 8.695069
v -1.532842 17.363626 8.728039
v -1.593446 17.222807 8.559288
v -1.533026 17.379017 8.587906
v -1.602371 17.019423 8.449039
v -1.571277 17.227612 8.480289
v -1.446813 17.534529 8.644312
v -1.460876 17.537600 8.759658
v -1.391459 17.525602 8.887883
v -1.260826 17.453686 8.970624
v -1.319381 17.315968 8.975799
v -1.226118 17.376736 8.961056
v -1.418903 16.669058 8.789389
v -1.369204 16.606052 8.764417
v -1.342880 16.615511 8.750889
v 0.660089 16.599468 9.369332
v 0.738351 16.773579 9.355580
v 0.020809 16.562119 9.546235
v 0.031341 16.483389 9.502326
v 0.104180 16.454967 9.488816
v 0.102310 16.537664 9.550704
v 0.025357 16.502611 9.454884
v -0.005383 16.570726 9.484816
v 0.048716 17.055387 9.380913
v 0.026741 17.129341 9.498014
v 0.041067 16.873840 9.422678
v 0.010471 16.951094 9.535919
v 0.315679 17.082518 9.241805
v 0.516545 17.161688 9.197206
v 0.599714 17.059889 9.240803
v 0.348822 16.903252 9.357246
v 0.675433 16.908682 9.286603
v 0.692051 16.615999 9.286459
v 0.634119 16.539246 9.316313
v 0.476025 16.489609 9.378880
v 0.457308 16.572094 9.365510
v 0.716991 16.624544 9.290706
v 0.263206 16.567167 9.403537
v 0.033494 16.578176 9.428867
v -0.005310 16.752317 9.526609
v 0.034862 16.954288 9.612109
v 0.009527 16.726952 9.581826
v 0.105120 16.714619 9.617670
v 0.310306 16.713766 9.596015
v 0.293291 16.537954 9.531667
v 0.519981 16.576445 9.447278
v 0.543739 16.741856 9.494761
v 0.273876 16.449842 9.466594
v 0.484255 16.488850 9.409015
v 0.267604 16.462221 9.427102
v 0.096804 16.471924 9.449738
v 0.644122 16.534227 9.345942
v 0.714812 16.612972 9.325932
v 0.745201 16.785637 9.308157
v 0.717409 16.968689 9.322470
v 0.623585 17.235641 9.261091
v 0.608420 17.365816 9.399962
v 0.509480 17.404186 9.529834
v 0.523147 17.221666 9.552576
v 0.656887 17.220282 9.389646
v 0.274615 17.399563 9.610866
v 0.286678 17.211142 9.628930
v 0.134738 17.386757 9.621834
v 0.139611 17.220024 9.635052
v 0.059325 17.318720 9.592470
v 0.057504 17.210276 9.594852
v 0.027866 17.234850 9.471895
v 0.111209 16.936800 9.644487
v 0.312348 16.939354 9.637621
v 0.541664 16.955976 9.546803
v 0.713171 16.972628 9.385182
v 0.670434 17.139652 9.297610
v 0.312072 17.123381 9.209444
v 0.063756 17.118757 9.309312
v 0.674400 16.557510 9.306455
v 0.680792 16.559443 9.326936
v 0.679463 16.769197 9.411350
v 0.669813 16.971989 9.446207
v 0.623282 17.226730 9.458244
v 0.573208 17.379457 9.446073
v 1.025267 17.256399 8.904525
v 0.858919 17.171009 9.026984
v 0.866121 17.327662 9.051024
v 0.772034 17.122513 9.132107
v 0.720268 17.335737 9.219015
v 0.697284 17.022295 9.284545
v 0.854575 17.509695 9.305006
v 0.753068 17.446705 9.315514
v 0.767982 17.299831 9.356107
v 0.883553 17.308546 9.347418
v 1.029525 17.318735 9.274173
v 0.954002 17.521481 9.246549
v 0.776452 16.614645 9.317588
v 1.090847 17.324148 8.934264
v 1.257992 16.706331 8.936042
v 1.279691 16.877642 8.938845
v 1.214556 16.661894 9.012764
v 0.826751 16.865492 9.190324
v 0.971068 16.907389 9.087744
v 0.759308 16.589460 9.251459
v 1.091591 16.899191 8.976682
v 0.974641 17.173565 8.918607
v 1.177722 17.057547 8.834263
v 1.200376 16.688963 8.874954
v 1.148594 16.628134 8.968231
v 1.206965 16.857492 8.841887
v 1.016091 16.575228 9.082332
v 0.865122 16.561024 9.185381
v 0.704124 16.797985 9.293672
v 0.715340 16.790991 9.348540
v 0.698958 17.017019 9.347798
v 0.729350 16.627449 9.297334
v 0.776812 16.564369 9.276020
v 0.883690 16.539885 9.207916
v 1.041198 16.553724 9.104395
v 1.178080 16.614370 8.986689
v 1.219362 16.662762 8.891237
v 1.242955 16.867636 8.861078
v 1.206639 17.083704 8.876852
v 1.241224 17.133356 8.985575
v 1.067102 16.584368 9.142821
v 0.906203 16.577736 9.241059
v 1.105964 16.791340 9.215173
v 0.921619 16.768393 9.317138
v 1.248890 16.839138 9.079771
v 1.230298 17.099823 9.131129
v 1.099795 17.070763 9.274460
v 1.164620 17.334673 9.035406
v 1.064518 17.463373 9.071452
v 1.028427 17.490047 9.184933
v 1.143881 17.325304 9.153075
v 0.910498 17.055326 9.369525
v 0.754086 17.035223 9.384750
v 0.762434 16.783783 9.365190
v 0.710284 17.400854 9.279895
v 0.704674 17.291498 9.308657
v 1.227580 16.718163 8.857838
v 1.281578 16.681892 8.822298
v 1.253082 16.799553 8.902400
v 1.424391 16.572201 8.613892
v 1.362932 16.839396 8.655638
v 1.388595 16.787264 8.902564
v 1.484315 16.652359 8.698347
v 1.520859 16.832476 8.791513
v 1.440657 17.468710 8.529768
v 1.507759 17.364494 8.496908
v 1.593385 16.848612 8.649681
v 1.605330 17.035404 8.659782
v 1.516453 16.997446 8.847247
v 1.587439 16.816935 8.508424
v 1.625439 17.045015 8.529221
v 1.565167 16.731529 8.621583
v 1.475135 16.678471 8.501844
v 1.504228 16.772087 8.425733
v 1.531764 16.985296 8.422599
v 1.312764 17.070641 8.628542
v 1.486055 17.144701 8.450421
v 1.229966 16.962029 8.920657
v 1.197226 17.113464 8.890982
v 1.321189 16.682592 8.880843
v 1.294622 16.802015 8.957618
v 1.432622 16.561525 8.643340
v 1.546569 16.661985 8.531971
v 1.554979 16.773943 8.427495
v 1.385066 17.247229 8.451965
v 1.337195 17.349972 8.491330
v 1.220584 17.183357 8.593655
v 1.213041 17.298691 8.624784
v 1.167909 17.188787 8.870676
v 1.169486 17.269796 8.824521
v 1.279931 17.131029 8.988936
v 1.255392 17.272032 8.979525
v 1.291028 16.961117 8.987476
v 1.367388 16.958866 8.966825
v 1.353628 17.141491 8.979808
v 1.492283 17.179966 8.876969
v 1.446707 17.353651 8.902290
v 1.577291 17.198353 8.695094
v 1.534230 17.363840 8.728512
v 1.594877 17.223475 8.558974
v 1.535384 17.379047 8.587891
v 1.603061 17.020607 8.448483
v 1.573246 17.227917 8.480148
v 1.449213 17.534529 8.644312
v 1.463276 17.537600 8.759658
v 1.392682 17.525602 8.888849
v 1.258770 17.453686 8.974284
v 1.311093 17.316088 8.984371
v 1.221014 17.376736 8.967219
v 1.416394 16.672464 8.787798
v 1.367865 16.608639 8.763205
v 1.341977 16.617792 8.749819
v -0.968887 16.570194 9.054854
v -0.951277 16.582010 9.027197
v -0.687275 16.063435 9.116515
v -0.831630 16.063969 9.034940
v -0.599273 16.225517 8.854786
v -0.535733 16.195559 9.038818
v -0.546771 16.532753 9.240892
v -0.544831 16.538258 9.218890
v -0.875286 16.188715 8.852213
v -0.941132 16.576839 9.086468
v -0.952500 16.538744 9.074972
v -0.825252 16.545284 9.089583
v -0.923600 16.587408 9.054552
v -0.675831 15.872795 9.005961
v -0.774011 15.899408 8.920776
v -0.699806 16.226900 8.791710
v -0.550469 16.216057 8.981068
v -0.552196 16.108784 9.090638
v -0.540128 16.503843 9.240065
v -0.574919 16.504391 9.248058
v -0.571707 16.543581 9.242970
v -0.568483 16.547945 9.217329
v -0.533905 16.511448 9.210342
v -0.682788 16.531796 9.153319
v -0.779843 16.059361 8.728296
v -0.902853 16.121984 8.882526
v -0.826941 15.954900 8.791333
v -0.555785 15.963370 9.027699
v -0.554250 16.056517 8.976799
v -0.697274 16.570589 9.186231
v -0.836102 16.579805 9.117335
v -0.858525 16.575014 9.151001
v -0.867726 16.530046 9.152980
v -0.791233 16.229973 8.801911
v -0.716725 16.566088 9.222006
v -0.718700 16.519751 9.227365
v -1.058281 16.267519 8.499719
v -0.991523 16.544933 8.974381
v -0.972177 16.491693 8.963038
v -1.141142 16.555731 8.785416
v -1.065499 15.808741 8.632815
v -0.926661 15.897325 8.678997
v -1.004851 16.471968 8.987280
v -1.009699 16.542120 8.990833
v -1.249838 16.512085 8.844132
v -1.335284 16.511980 8.734962
v -1.289758 16.641668 8.753341
v -1.201106 16.682211 8.851237
v -1.139125 16.290741 8.893394
v -1.275459 16.301979 8.804288
v -1.175240 15.909004 8.449092
v -1.138502 16.028139 8.431643
v -1.250228 16.254486 8.485254
v -0.926076 16.255171 8.639968
v -1.031717 16.357046 8.733956
v -0.924647 16.220041 8.770940
v -0.949505 16.324137 8.851618
v -0.935373 16.131443 8.809049
v -0.970765 16.311165 8.937144
v -1.129991 16.386745 8.628054
v -1.308473 16.416523 8.525437
v -1.343849 16.386837 8.541795
v -1.290326 16.210203 8.501280
v -1.350537 16.328213 8.670132
v -1.301381 16.154953 8.601918
v -1.264167 16.118031 8.722826
v -1.153147 15.821165 8.553433
v -1.129228 16.101637 8.815071
v -1.005367 16.299698 8.938606
v -0.992300 16.102306 8.840870
v -0.896692 15.970244 8.631506
v -0.932611 16.006042 8.552254
v -1.039888 16.020475 8.458138
v -1.088200 16.609095 8.911809
v -1.175230 16.687033 8.837264
v -1.267997 16.648102 8.728544
v -1.112445 16.601368 8.935467
v -1.126342 16.492043 8.932994
v -1.357695 16.515781 8.578941
v -0.166327 15.874361 9.124733
v -0.175034 16.036640 9.251222
v -0.051873 16.042053 9.198959
v -0.036933 15.971476 9.155955
v -0.035078 16.517757 9.355452
v -0.071029 16.531885 9.360982
v -0.069845 16.548538 9.343345
v -0.027619 16.527414 9.335003
v -0.013536 16.479664 9.330340
v -0.017224 16.468243 9.348981
v -0.063764 16.468502 9.366381
v -0.306014 15.880642 9.116012
v -0.335964 16.029720 9.214949
v -0.498575 16.529224 9.269067
v -0.510953 16.481337 9.260356
v -0.495370 16.542713 9.246183
v -0.494831 16.481459 9.211430
v -0.077080 16.211420 9.069366
v -0.179720 16.230261 9.003217
v -0.220333 16.147882 8.918095
v -0.066205 16.153555 9.012512
v -0.022992 16.494841 9.305853
v -0.173602 16.448063 9.264778
v -0.259575 16.214901 8.984324
v -0.376536 16.214552 9.009459
v -0.328474 16.134516 8.935108
v -0.332385 16.443241 9.241019
v -0.438915 16.551596 9.267674
v -0.456050 16.532799 9.294754
v -0.469677 16.468304 9.296608
v -0.455142 16.079311 9.089223
v -0.446689 16.193232 9.033020
v -0.421979 16.004095 9.026314
v -0.389765 16.094353 8.968575
v -0.030984 16.165705 9.118500
v -0.029845 16.094854 9.065755
v -0.184827 16.550499 9.334938
v -0.331698 16.552492 9.303379
v -0.187346 16.533649 9.364957
v -0.341891 16.536737 9.336948
v -0.186519 16.468380 9.375933
v -0.348704 16.471983 9.348290
v -0.517204 16.505167 9.243192
v -0.174052 16.304214 9.172930
v -0.033827 16.284765 9.197772
v -0.016645 16.268204 9.231504
v -0.020404 16.246092 9.276725
v -0.066174 16.229897 9.311635
v -0.193821 16.219965 9.338365
v -0.352384 16.228451 9.305559
v -0.477314 16.238276 9.222382
v -0.499034 16.256647 9.164871
v -0.483262 16.284050 9.128801
v -0.468532 16.296551 9.130138
v -0.315114 16.302465 9.151752
v -0.659153 16.395521 9.084497
v -0.520208 16.345564 9.148246
v -0.529935 16.329353 9.192229
v -0.576892 16.322039 9.216744
v -0.714903 16.325537 9.208310
v -0.872258 16.339952 9.131175
v -0.951878 16.352407 9.033595
v -0.977403 16.369272 8.987266
v -0.941967 16.397148 8.920325
v -0.797981 16.406713 9.008895
v -0.976702 16.545771 9.033411
v -0.955639 16.555685 9.002432
v -0.635057 16.097454 8.814213
v -0.836404 16.272690 8.864978
v -0.750548 16.278727 8.902678
v -0.634146 16.281023 8.975553
v -0.550442 16.250427 9.033331
v -1.351789 16.569813 8.615388
v -1.326930 16.580032 8.610252
v -1.323465 16.534395 8.564341
v 0.971287 16.570194 9.054854
v 0.953676 16.582010 9.027197
v 0.689675 16.063435 9.116515
v 0.834030 16.063969 9.034940
v 0.601673 16.225517 8.854786
v 0.538133 16.195559 9.038818
v 0.549171 16.532753 9.240892
v 0.547231 16.538258 9.218890
v 0.877685 16.188715 8.852213
v 0.943532 16.576839 9.086468
v 0.954899 16.538744 9.074972
v 0.827651 16.545284 9.089583
v 0.926000 16.587408 9.054552
v 0.678231 15.872795 9.005961
v 0.776411 15.899408 8.920776
v 0.702205 16.226900 8.791710
v 0.552869 16.216057 8.981068
v 0.554596 16.108784 9.090638
v 0.542528 16.503843 9.240065
v 0.577319 16.504391 9.248058
v 0.574107 16.543581 9.242970
v 0.570882 16.547945 9.217329
v 0.536305 16.511448 9.210342
v 0.685188 16.531796 9.153319
v 0.782243 16.059361 8.728296
v 0.905253 16.121984 8.882526
v 0.829341 15.954900 8.791333
v 0.558185 15.963370 9.027699
v 0.556649 16.056517 8.976799
v 0.699674 16.570589 9.186231
v 0.838502 16.579805 9.117335
v 0.860924 16.575014 9.151001
v 0.870126 16.530046 9.152980
v 0.793633 16.229973 8.801911
v 0.719125 16.566088 9.222006
v 0.721100 16.519751 9.227365
v 1.060680 16.267519 8.499719
v 0.993923 16.544933 8.974381
v 0.974577 16.491693 8.963038
v 1.143542 16.555731 8.785416
v 1.067899 15.808741 8.632815
v 0.929061 15.897325 8.678997
v 1.007251 16.471968 8.987280
v 1.012099 16.542120 8.990833
v 1.252238 16.512085 8.844132
v 1.337683 16.511980 8.734962
v 1.292158 16.641668 8.753341
v 1.203506 16.682211 8.851237
v 1.141524 16.290741 8.893394
v 1.277859 16.301979 8.804288
v 1.177640 15.909004 8.449092
v 1.140901 16.028139 8.431643
v 1.252627 16.254486 8.485254
v 0.928476 16.255171 8.639968
v 1.034117 16.357046 8.733956
v 0.927047 16.220041 8.770940
v 0.951904 16.324137 8.851618
v 0.937773 16.131443 8.809049
v 0.973165 16.311165 8.937144
v 1.132391 16.386745 8.628054
v 1.310873 16.416523 8.525437
v 1.346249 16.386837 8.541795
v 1.292726 16.210203 8.501280
v 1.352937 16.328213 8.670132
v 1.303780 16.154953 8.601918
v 1.266567 16.118031 8.722826
v 1.155547 15.821165 8.553433
v 1.131628 16.101637 8.815071
v 1.007766 16.299698 8.938606
v 0.994699 16.102306 8.840870
v 0.899092 15.970244 8.631506
v 0.935011 16.006042 8.552254
v 1.042287 16.020475 8.458138
v 1.090600 16.609095 8.911809
v 1.177630 16.687033 8.837264
v 1.270397 16.648102 8.728544
v 1.114845 16.601368 8.935467
v 1.128742 16.492043 8.932994
v 1.360095 16.515781 8.578941
v 0.168727 15.874361 9.124733
v 0.177433 16.036640 9.251222
v 0.054273 16.042053 9.198959
v 0.039333 15.971476 9.155955
v 0.037478 16.517757 9.355452
v 0.073428 16.531885 9.360982
v 0.072244 16.548538 9.343345
v 0.030018 16.527414 9.335003
v 0.015936 16.479664 9.330340
v 0.019624 16.468243 9.348981
v 0.066164 16.468502 9.366381
v 0.308414 15.880642 9.116012
v 0.338364 16.029720 9.214949
v 0.500975 16.529224 9.269067
v 0.513353 16.481337 9.260356
v 0.497769 16.542713 9.246183
v 0.497230 16.481459 9.211430
v 0.079480 16.211420 9.069366
v 0.182120 16.230261 9.003217
v 0.222733 16.147882 8.918095
v 0.068605 16.153555 9.012512
v 0.025392 16.494841 9.305853
v 0.176002 16.448063 9.264778
v 0.261975 16.214901 8.984324
v 0.378935 16.214552 9.009459
v 0.330874 16.134516 8.935108
v 0.334785 16.443241 9.241019
v 0.441314 16.551596 9.267674
v 0.458450 16.532799 9.294754
v 0.472077 16.468304 9.296608
v 0.457542 16.079311 9.089223
v 0.449088 16.193232 9.033020
v 0.424379 16.004095 9.026314
v 0.392165 16.094353 8.968575
v 0.033384 16.165705 9.118500
v 0.032245 16.094854 9.065755
v 0.187227 16.550499 9.334938
v 0.334098 16.552492 9.303379
v 0.189746 16.533649 9.364957
v 0.344291 16.536737 9.336948
v 0.188919 16.468380 9.375933
v 0.351104 16.471983 9.348290
v 0.519604 16.505167 9.243192
v 0.176452 16.304214 9.172930
v 0.036227 16.284765 9.197772
v 0.019045 16.268204 9.231504
v 0.022804 16.246092 9.276725
v 0.068574 16.229897 9.311635
v 0.196221 16.219965 9.338365
v 0.354784 16.228451 9.305559
v 0.479714 16.238276 9.222382
v 0.501433 16.256647 9.164871
v 0.485662 16.284050 9.128801
v 0.470932 16.296551 9.130138
v 0.317514 16.302465 9.151752
v 0.661553 16.395521 9.084497
v 0.522608 16.345564 9.148246
v 0.532335 16.329353 9.192229
v 0.579292 16.322039 9.216744
v 0.717303 16.325537 9.208310
v 0.874657 16.339952 9.131175
v 0.954277 16.352407 9.033595
v 0.979802 16.369272 8.987266
v 0.944367 16.397148 8.920325
v 0.800380 16.406713 9.008895
v 0.979102 16.545771 9.033411
v 0.958039 16.555685 9.002432
v 0.637456 16.097454 8.814213
v 0.838804 16.272690 8.864978
v 0.752948 16.278727 8.902678
v 0.636546 16.281023 8.975553
v 0.552842 16.250427 9.033331
v 1.354189 16.569813 8.615388
v 1.329329 16.580032 8.610252
v 1.325865 16.534395 8.564341
v 0.437607 18.161882 8.281291
v 0.598266 18.488188 7.584988
v 0.001200 18.202637 8.347016
v 1.347253 17.123531 8.259429
v 1.371581 17.188894 7.944085
v 1.273125 17.140762 8.422361
v 1.463778 17.127090 8.390571
v 2.080680 16.955717 6.799232
v 2.030175 16.911037 6.950742
v 1.967046 17.276505 7.169394
v 2.100113 17.458324 6.902873
v 0.982322 17.467600 9.354314
v 1.273890 17.348177 9.054835
v 0.853957 18.275269 7.539798
v 0.927816 18.055763 7.935507
v 1.772337 17.314919 5.955831
v 1.637281 17.318354 6.509263
v 0.718430 17.143089 8.989005
v 1.614907 17.230532 8.469483
v 1.536362 16.782551 8.359116
v 1.469803 17.183647 7.751035
v 1.519088 17.254133 7.420066
v 1.553020 17.221012 8.506955
v 1.464375 17.870918 9.003034
v 1.581764 17.195980 7.021792
v 1.725375 16.686409 8.147798
v 1.692518 16.847744 7.884830
v 1.633767 17.298052 6.742725
v 2.121842 16.965389 6.467879
v 2.157469 17.362076 6.364630
v 2.271234 17.485195 6.010026
v 1.030150 18.434505 5.376884
v 0.919596 18.434399 6.134385
v 1.545105 17.797222 5.527141
v 1.415012 17.747417 6.236409
v 1.362266 17.374014 9.023247
v 1.227754 17.788067 9.161171
v 1.422022 17.126436 8.466406
v 2.366757 17.833370 5.554920
v 2.371591 17.940674 5.996817
v 2.412579 18.448997 6.084254
v 2.298738 17.425400 5.687501
v 1.917182 17.352800 5.529819
v 2.293046 17.962421 6.467489
v 2.194501 17.450264 6.609141
v 2.107925 16.959261 6.590295
v 2.082037 17.932249 7.152919
v 2.013796 17.955881 7.594413
v 1.954136 17.415226 7.523650
v 1.809312 17.270496 7.847090
v 1.941731 16.912422 7.452398
v 1.815400 17.883038 8.258700
v 1.900932 17.915552 7.904517
v 1.805933 17.420624 8.171469
v 1.609746 17.852121 8.654208
v 1.529472 18.394510 9.088409
v 1.727382 18.356613 8.801461
v 1.951482 18.414507 8.451407
v 2.042352 18.354286 7.975791
v 2.087395 18.393719 7.651700
v 2.179026 18.361738 7.226277
v 2.385436 18.394571 6.593352
v 1.304199 18.394358 9.316322
v 0.934254 17.841887 9.425767
v 0.653564 17.853657 9.493869
v 0.698705 17.264915 9.461897
v 0.260461 17.842768 9.659769
v 0.186390 17.422920 9.669734
v 0.001200 17.780022 9.667708
v 0.001200 18.293152 9.947351
v 0.321299 18.329012 9.801101
v 0.619604 18.350666 9.659790
v 0.937242 18.387257 9.530776
v 0.179636 17.115091 9.185452
v 0.001200 17.058962 9.318300
v 0.526387 17.510820 8.627643
v 0.237969 17.450264 8.748304
v 0.836239 17.509907 8.426317
v 1.222089 17.687971 7.475058
v 0.760111 18.399088 6.795146
v 1.275784 17.778030 6.815195
v 0.001200 17.398453 8.790313
v 0.001200 18.569138 7.549209
v 2.435758 18.302916 5.672364
v 2.217640 17.066929 6.003294
v 1.577206 16.897671 7.388094
v 1.475427 16.930822 7.822162
v 1.669357 16.888714 6.888111
v 1.361566 16.916590 7.951692
v 1.349827 16.896637 8.202955
v 2.225468 17.023695 5.692336
v 1.660332 16.975351 6.731713
v 1.677874 16.971899 6.542321
v 1.658810 16.954866 6.396097
v 1.782113 17.048635 5.922167
v 1.897971 17.045471 5.567039
v 1.744912 17.259029 6.322402
v 2.160651 17.009142 6.226184
v 1.826331 17.012974 6.185045
v 2.058333 17.170736 6.358626
v 1.809088 17.092327 6.282119
v 1.942952 16.870770 7.219249
v 1.604372 16.840628 7.151868
v 2.308841 17.557842 6.041000
v 2.194170 17.449413 6.371962
v 2.204749 17.512646 6.620094
v 2.123679 17.510485 6.924551
v 2.073719 17.405905 7.142765
v 1.983619 17.494654 7.521626
v 1.852564 17.336998 7.863838
v 1.802520 17.512218 8.178164
v 1.914496 17.017065 7.117745
v 1.676753 17.043495 7.069098
v 1.883596 16.838909 7.691882
v 1.545142 16.780680 7.665631
v 1.739275 17.017414 7.836834
v 1.559114 17.049608 7.808785
v 2.121180 17.339325 5.544769
v 2.062887 17.065105 5.594706
v 2.042782 17.099110 5.906715
v 1.952042 17.016533 6.238924
v 1.938651 17.017521 6.300888
v 1.895462 16.963490 6.331506
v 1.897205 17.006479 6.557957
v 1.884480 17.002481 6.754272
v 1.849981 16.932177 6.974016
v 1.797513 16.972324 7.062860
v 1.776397 16.905457 7.107905
v 1.751053 16.930944 7.419238
v 1.684277 16.801939 7.715837
v 1.638065 16.898643 7.801397
v 1.598275 16.865477 7.825339
v 1.569486 16.835487 8.061805
v 1.438719 16.843365 8.328728
v 1.931085 17.189852 5.534888
v 1.639459 16.718147 8.279497
v 1.721108 16.766827 7.975063
v 1.792772 17.029261 7.944973
v 1.803373 17.035967 8.203485
v 1.691899 16.976505 8.363250
v 1.921826 17.069683 7.721852
v 1.996719 17.121069 7.481105
v 1.993273 17.113115 7.225332
v 2.067665 17.096386 7.020884
v 2.174111 17.162752 6.846874
v 2.223950 17.180773 6.621923
v 2.157947 17.145918 6.425246
v 2.196391 17.142906 6.261408
v 2.293088 17.227886 6.020048
v 2.281976 17.204830 5.673217
v 2.086175 17.211658 5.550402
v 1.493215 17.458658 8.935380
v 1.141714 17.205288 8.697797
v 1.264391 17.320301 8.767170
v 1.343360 17.293232 8.639523
v 1.196557 17.188879 8.603335
v 1.317252 17.179678 8.545118
v 1.532809 17.291437 8.583222
v 1.102212 17.199888 8.885379
v 1.253843 17.213758 9.037436
v 1.380855 17.313595 8.980363
v 1.480860 17.393845 8.924769
v 1.250460 17.103792 8.980909
v 1.430328 17.172562 8.526767
v 1.591322 17.299072 8.534670
v 0.996634 17.399912 9.343183
v 0.750494 17.195616 9.412572
v 1.141541 17.448774 9.214769
v 1.111918 17.370274 9.233522
v 0.784572 17.369148 9.429004
v 0.827002 17.319344 9.423841
v 1.184546 17.314735 9.151180
v 1.192123 17.232388 9.068096
v 1.175068 17.169125 8.992455
v 1.057210 17.199615 8.918989
v 0.733275 17.125174 9.359816
v 0.665735 17.122360 9.381049
v 0.671805 17.062778 9.224771
v 0.592426 17.055265 9.233831
v 0.835417 17.251472 9.153773
v 0.767742 17.194536 9.229289
v 1.038796 17.275074 9.031022
v 0.984625 17.165398 8.829790
v 0.949618 17.161217 8.902992
v 0.834822 17.153309 8.876043
v 0.830652 17.140427 8.946613
v 0.672282 17.075689 9.095830
v 0.565480 17.082670 9.122643
v 0.728140 17.123045 9.013269
v 1.058312 17.203022 8.723854
v 1.161181 17.172134 8.557492
v 0.611601 17.250879 9.473783
v 0.494098 17.371399 9.604758
v 0.504342 17.450371 9.602803
v 0.614444 17.150845 9.358133
v 0.196274 17.341272 9.680552
v 0.091217 17.225985 9.659775
v 0.001200 17.235779 9.648823
v 0.034813 17.118803 9.611414
v 0.001200 17.057274 9.582408
v 0.074142 17.063690 9.387254
v 0.203310 17.114803 9.280979
v 0.390788 17.108461 9.229181
v 0.404306 17.103018 9.159784
v 0.538272 17.094196 9.252097
v 0.001200 17.425035 9.626109
v 0.224157 17.239960 9.423319
v 0.436301 17.249464 9.362734
v 1.013560 17.549965 8.158463
v 1.581910 16.993174 8.433894
v 1.453066 16.989691 8.390369
v 1.209814 17.218487 8.894990
v 1.120323 17.213774 8.830567
v 1.310819 17.216511 8.996399
v 1.343247 17.272505 9.009715
v 1.159603 17.556822 7.897902
v 1.545121 17.377846 8.752874
v 1.574662 17.437992 8.764910
v 1.721096 17.363506 8.391744
v 1.685263 17.437140 8.446043
v 0.001200 18.752600 6.019360
v 0.001200 18.689884 6.725902
v 0.001200 18.746258 5.198288
v 2.043794 17.495840 4.976970
v 2.252631 17.474398 4.956200
v 2.448966 17.543106 5.063283
v 2.485157 17.924629 5.247928
v 1.782279 17.789299 4.889614
v 0.001200 18.737545 4.545945
v 1.225294 18.392517 4.663049
v -0.435207 18.161882 8.281291
v -0.523988 17.510820 8.627643
v -0.235569 17.450264 8.748304
v -2.078880 16.954790 6.799821
v -2.171711 17.162752 6.846874
v -2.065265 17.096386 7.020884
v -2.041370 16.890007 6.964106
v -1.516688 17.254133 7.420066
v -1.219689 17.687971 7.475058
v -1.273384 17.778030 6.815195
v -1.579364 17.195980 7.021792
v -1.914783 17.352800 5.529819
v -1.769937 17.314919 5.955831
v -1.412612 17.747417 6.236409
v -1.542706 17.797222 5.527141
v -2.369191 17.940674 5.996817
v -2.306442 17.557842 6.041000
v -2.296338 17.425400 5.687501
v -2.364357 17.833370 5.554920
v -2.290646 17.962421 6.467489
v -2.191770 17.449413 6.371962
v -2.202349 17.512646 6.620094
v -2.079637 17.932249 7.152919
v -2.121279 17.510485 6.924551
v -2.221550 17.180773 6.621923
v -2.103694 16.982315 6.635570
v -2.115030 16.943020 6.439080
v -2.155547 17.145918 6.425246
v -2.071319 17.405905 7.142765
v -2.011396 17.955881 7.594413
v -2.030222 17.501772 7.536459
v -1.898532 17.915552 7.904517
v -1.851376 17.336102 7.863871
v -2.017272 17.118559 7.495308
v -1.954725 16.897062 7.461849
v -1.981380 16.845478 7.232972
v -2.012504 17.084982 7.239769
v -1.813000 17.883038 8.258700
v -1.801159 17.511444 8.178192
v -1.607346 17.852121 8.654208
v -1.683826 17.436440 8.446068
v -1.724982 18.356613 8.801461
v -1.527072 18.394510 9.088409
v -1.461975 17.870918 9.003034
v -1.949082 18.414507 8.451407
v -2.039952 18.354286 7.975791
v -2.084995 18.393719 7.651700
v -2.176626 18.361738 7.226277
v -2.383036 18.394571 6.593352
v -2.410179 18.448997 6.084254
v -1.301799 18.394358 9.316322
v -1.225355 17.788067 9.161171
v -0.651165 17.853657 9.493869
v -0.681943 17.262772 9.444559
v -0.780031 17.370455 9.418365
v -0.930669 17.842464 9.421315
v -0.986957 17.467569 9.366301
v -1.139141 17.448774 9.214769
v -0.258061 17.842768 9.659769
v -0.318900 18.329012 9.801101
v -0.617204 18.350666 9.659790
v -0.934842 18.387257 9.530776
v -0.177236 17.115091 9.185452
v -0.401906 17.103018 9.159784
v -1.157203 17.556822 7.897902
v -0.925416 18.055763 7.935507
v -1.011160 17.549965 8.158463
v -0.851557 18.275269 7.539798
v -0.757711 18.399088 6.795146
v -0.917196 18.434399 6.134385
v -1.631367 17.298052 6.742725
v -1.634881 17.318354 6.509263
v -1.742512 17.259029 6.322402
v -1.027750 18.434505 5.376884
v -1.467403 17.183647 7.751035
v -0.595867 18.488188 7.584988
v -1.419965 17.126179 8.466414
v -1.270725 17.140762 8.422361
v -1.344853 17.123531 8.259429
v -1.462517 17.126253 8.390599
v -1.615250 17.228508 8.469553
v -1.552109 17.219917 8.506994
v -1.581825 16.986862 8.433061
v -1.692861 16.965237 8.361633
v -1.808803 17.269114 7.847139
v -1.806075 17.418739 8.171535
v -1.806260 17.023254 8.201915
v -1.793448 17.020426 7.943779
v -2.433358 18.302916 5.672364
v -2.055933 17.170736 6.358626
v -1.688722 16.837008 7.882513
v -1.594476 16.859728 7.823987
v -1.634978 16.893503 7.800288
v -1.738385 17.012243 7.836089
v -1.773998 16.905457 7.107905
v -1.748653 16.930944 7.419238
v -1.562125 16.822987 8.058543
v -1.715679 16.750843 7.971450
v -1.718255 16.666822 8.143207
v -1.633507 16.701206 8.275611
v -1.532056 16.771509 8.356653
v -2.290688 17.227886 6.020048
v -2.215240 17.066929 6.003294
v -2.223068 17.023695 5.692336
v -2.279576 17.204830 5.673217
v -1.847661 16.932055 6.974095
v -1.882080 17.002481 6.754272
v -1.894805 17.006479 6.557957
v -1.893062 16.963490 6.331506
v -1.936252 17.017521 6.300888
v -2.040382 17.099110 5.906715
v -2.060488 17.065105 5.594706
v -1.451360 16.987030 8.389972
v -1.358151 16.914263 7.951070
v -1.346647 16.894842 8.202477
v -1.369182 17.188894 7.944085
v -1.472069 16.928617 7.821575
v -1.556630 17.049410 7.808736
v -1.601972 16.840628 7.151868
v -1.574807 16.897671 7.388094
v -1.657932 16.975351 6.731713
v -1.666957 16.888714 6.888111
v -1.675474 16.971899 6.542321
v -1.656410 16.954866 6.396097
v -1.806688 17.092327 6.282119
v -1.928685 17.189852 5.534888
v -2.193991 17.142906 6.261408
v -2.118890 16.970453 6.239585
v -1.949642 17.016533 6.238924
v -1.779713 17.048635 5.922167
v -1.788381 16.999697 6.197261
v -2.083775 17.211658 5.550402
v -1.914467 17.014662 7.119361
v -1.795113 16.972324 7.062860
v -2.268834 17.485195 6.010026
v -2.155069 17.362076 6.364630
v -2.192101 17.450264 6.609141
v -2.097713 17.458324 6.902873
v -1.963995 17.285507 7.168228
v -1.951736 17.415226 7.523650
v -1.721243 17.361620 8.391810
v -1.940252 17.067827 7.736447
v -1.871849 16.829115 7.718877
v -1.681670 16.801407 7.715696
v -1.542742 16.780680 7.665631
v -1.674353 17.043495 7.069098
v -2.118780 17.339325 5.544769
v -1.895571 17.045471 5.567039
v -1.434611 16.836689 8.327147
v -1.359866 17.374014 9.023247
v -1.490815 17.458658 8.935380
v -1.194157 17.188879 8.603335
v -1.340960 17.293232 8.639523
v -1.261991 17.320301 8.767170
v -1.139314 17.205288 8.697797
v -1.428140 17.172409 8.526772
v -1.314852 17.179678 8.545118
v -1.207415 17.218487 8.894990
v -1.248060 17.103792 8.980909
v -1.099812 17.199888 8.885379
v -1.117923 17.213774 8.830567
v -1.478460 17.393845 8.924769
v -1.378455 17.313595 8.980363
v -1.530788 17.291149 8.583232
v -1.542722 17.377846 8.752874
v -1.572262 17.437992 8.764910
v -1.590055 17.298235 8.534700
v -1.000508 17.398041 9.352916
v -1.109518 17.370274 9.233522
v -0.738984 17.196194 9.415057
v -0.822810 17.318977 9.411900
v -1.271490 17.348177 9.054835
v -1.182146 17.314735 9.151180
v -1.189723 17.232388 9.068096
v -1.251444 17.213758 9.037436
v -1.172668 17.169125 8.992455
v -1.054810 17.199615 8.918989
v -0.655606 17.124809 9.407744
v -0.696153 17.111868 9.382108
v -0.585681 17.045975 9.242897
v -0.675885 17.046871 9.228939
v -0.765342 17.194536 9.229289
v -0.833018 17.251472 9.153773
v -1.036397 17.275074 9.031022
v -0.947218 17.161217 8.902992
v -0.982226 17.165398 8.829790
v -0.828253 17.140427 8.946613
v -0.832423 17.153309 8.876043
v -0.563080 17.082670 9.122643
v -0.669882 17.075689 9.095830
v -0.716030 17.143089 8.989005
v -0.725740 17.123045 9.013269
v -1.055913 17.203022 8.723854
v -1.158781 17.172134 8.557492
v -0.489165 17.457518 9.586139
v -0.483223 17.384583 9.584888
v -0.609890 17.251974 9.474443
v -0.601625 17.135515 9.371938
v -0.187829 17.424534 9.648147
v -0.189570 17.351021 9.663489
v -0.085435 17.229177 9.655242
v -0.036344 17.114712 9.615412
v -0.071742 17.063690 9.387254
v -0.200701 17.112431 9.279391
v -0.388389 17.108461 9.229181
v -0.535873 17.094196 9.252097
v -0.228888 17.231581 9.424711
v -0.426470 17.231611 9.363134
v -0.833839 17.509907 8.426317
v -1.308419 17.216511 8.996399
v -1.340847 17.272505 9.009715
v -2.041394 17.495840 4.976970
v -2.250231 17.474398 4.956200
v -2.446566 17.543106 5.063283
v -2.482757 17.924629 5.247928
v -1.779880 17.789299 4.889614
v -1.222894 18.392517 4.663049
v 0.188045 15.766069 7.990722
v 0.466045 15.819569 7.900311
v 0.363354 15.833909 7.571784
v 0.132238 15.806201 7.701509
v 0.001200 15.780911 8.090460
v 1.109513 16.365137 8.390836
v 1.160350 16.342539 8.070778
v 1.056252 16.328045 8.474646
v 1.247841 16.284264 8.481831
v 1.913418 16.836977 6.999088
v 1.857763 16.865309 7.169278
v 1.833933 16.464851 7.207903
v 1.930675 16.428673 6.968396
v 0.747398 15.849087 9.058331
v 0.967787 15.978472 8.898643
v 0.817698 15.950611 7.140819
v 0.614323 15.926355 7.499438
v 0.722220 15.838745 7.711386
v 1.573103 16.770840 6.083668
v 1.504343 16.637897 6.632634
v 0.493945 16.340439 3.582235
v 0.456556 16.184715 3.440506
v 0.001200 16.200075 3.367742
v 0.594548 16.215860 8.816187
v 1.404443 16.165113 8.460193
v 1.362320 16.550150 8.508001
v 1.283172 16.420095 7.880151
v 1.329336 16.486340 7.545138
v 1.348328 16.187498 8.517032
v 1.209828 15.548223 8.583041
v 1.410133 16.573980 7.208116
v 1.538704 16.721279 8.372569
v 1.570699 16.662411 8.009293
v 1.487503 16.596046 6.859343
v 1.955344 16.969753 6.642243
v 1.956388 16.633518 6.468859
v 2.093987 16.644907 6.124550
v 1.334575 16.239416 5.426058
v 1.249683 16.304550 5.713338
v 1.255482 16.152231 5.768674
v 1.502063 16.740213 5.691631
v 1.427200 16.624620 6.048272
v 1.066847 15.888626 8.825625
v 0.984980 15.531205 8.735534
v 1.221309 16.272417 8.504777
v 0.988748 16.214689 6.641028
v 0.791868 16.149311 7.095989
v 0.849223 16.621244 3.985686
v 0.934776 16.392176 3.865438
v 0.487159 16.635525 3.855892
v 1.090068 16.888790 4.351391
v 1.271805 16.652374 4.452198
v 0.627118 17.057880 4.299162
v 0.911124 16.275381 7.377066
v 0.606412 16.061352 7.638705
v 0.570566 16.046844 7.372062
v 1.469230 16.795385 6.430716
v 1.289200 16.517302 6.283762
v 1.540794 17.047266 5.784030
v 1.529190 17.076389 6.412350
v 1.165932 16.465490 7.466215
v 1.007431 16.320213 7.996634
v 0.824330 16.179939 7.939037
v 1.137190 16.450998 6.800336
v 1.336857 16.674318 6.917721
v 0.578288 16.093531 8.233467
v 0.721323 16.150240 8.398470
v 0.515528 16.160170 8.668328
v 0.416433 16.069550 8.332885
v 0.590939 16.064728 7.965955
v 0.756366 16.589750 8.420436
v 0.961081 16.651508 8.099736
v 0.671602 16.766537 8.148870
v 0.570823 16.600304 8.549406
v 0.580305 16.430939 8.706875
v 0.820175 16.434299 8.500535
v 1.069691 16.480804 8.064981
v 1.464268 16.953665 5.294103
v 1.122739 16.241302 6.136065
v 2.166925 16.285677 5.606740
v 2.072337 16.098717 5.945093
v 2.081574 15.687036 5.828000
v 2.102157 16.787933 5.782448
v 1.605503 16.683290 5.857363
v 1.946076 16.052502 6.388928
v 2.018178 16.494095 6.695338
v 1.943712 16.894325 6.767939
v 1.820973 15.898572 7.055893
v 1.734962 15.776517 7.450153
v 1.765595 16.228954 7.490249
v 1.631793 16.319468 7.907980
v 1.796515 16.732000 7.666090
v 1.509805 15.682611 8.059896
v 1.607254 15.747045 7.740007
v 1.576594 16.087965 8.137254
v 1.329408 15.635954 8.365870
v 1.220104 15.063941 8.498649
v 1.391904 15.173373 8.248694
v 1.570198 15.247190 7.990999
v 1.684699 15.355376 7.681721
v 1.825482 15.357414 7.426517
v 1.938116 15.446317 7.020202
v 2.011794 15.629004 6.319230
v 1.016813 15.026819 8.650961
v 0.730374 15.456202 8.953815
v 0.482945 15.454697 8.991540
v 0.506291 15.989406 9.139826
v 0.212954 15.429832 9.062216
v 0.180420 15.830959 9.198030
v 0.001200 15.443382 9.107024
v 0.001200 14.940380 9.080298
v 0.251073 14.950250 9.016499
v 0.484399 14.961549 8.941398
v 0.766096 14.969031 8.849526
v 0.157907 16.242777 8.989787
v 0.001200 16.251461 9.094809
v 0.462759 15.901933 8.337405
v 0.192309 15.955660 8.496137
v 0.652253 15.960739 8.278270
v 1.077557 16.193596 7.491634
v 0.950618 15.925747 6.565349
v 1.133540 16.044624 6.092373
v 1.230798 16.309660 6.856663
v 1.337046 16.483845 6.404091
v 0.001200 16.013418 8.605760
v 1.317253 16.213411 4.978842
v 1.397119 16.791933 4.793964
v 1.393729 17.339523 5.342452
v 1.401830 17.375702 5.856390
v 1.273094 17.163239 4.787074
v 0.759694 17.394634 4.731697
v 0.839822 17.544003 5.272326
v 0.001200 17.345272 4.727696
v 0.001200 17.472361 5.227794
v 0.001200 17.054794 4.292039
v 0.001200 16.667795 3.828364
v 0.001200 17.518044 5.774962
v 0.871336 17.587694 5.806688
v 0.001200 17.480268 6.279565
v 0.848301 17.526575 6.372172
v 0.001200 17.316179 6.886644
v 0.886065 17.283970 6.905830
v 0.001200 17.061819 7.613079
v 0.806216 16.969419 7.590811
v 0.001193 16.835077 8.202795
v 0.001381 16.602585 8.680916
v 0.000639 16.456305 8.923912
v 0.001194 16.313370 8.954137
v 0.569721 16.289753 8.748067
v 0.001050 16.200684 8.853357
v 0.001200 16.071571 8.491143
v 0.001200 15.998408 8.100841
v 0.315271 16.022650 7.999174
v 0.001200 15.988615 7.902343
v 0.320282 16.034054 7.744781
v 0.267303 15.961348 7.443413
v 0.117812 15.900503 7.649765
v 0.834865 16.284689 8.502295
v 1.181705 16.815474 7.596583
v 1.336641 17.115959 6.944027
v 1.289855 16.667202 7.555259
v 1.438513 16.900408 6.956994
v 1.400515 17.299192 6.448345
v 1.297700 16.292065 4.474373
v 0.937551 16.202644 3.747159
v 0.001200 15.850760 7.881876
v 0.001200 15.902982 7.812555
v 2.183082 15.854668 5.472100
v 2.013709 16.987745 6.197642
v 1.408633 16.839821 7.580477
v 1.319746 16.607330 7.959143
v 1.519326 16.899845 7.101899
v 1.202213 16.534349 8.169651
v 1.157251 16.507341 8.356035
v 0.001200 16.379599 3.552067
v 2.013289 17.114498 5.898748
v 1.528613 16.894720 6.952071
v 1.527171 16.925211 6.718030
v 1.578734 16.976171 6.589973
v 1.615833 16.980019 6.132735
v 1.660903 17.128931 5.857255
v 1.566919 16.716398 6.449849
v 1.975715 16.977465 6.430355
v 1.571294 16.975822 6.391625
v 1.946282 16.855501 6.506618
v 1.599197 16.906233 6.456643
v 1.825745 16.860033 7.417381
v 1.473264 16.918322 7.387617
v 2.157229 16.713432 5.743592
v 2.104598 16.598814 6.126306
v 2.006461 16.578436 6.468358
v 2.049349 16.435501 6.696899
v 1.972019 16.352028 6.990607
v 1.866106 16.377941 7.193614
v 1.768379 16.166725 7.477099
v 1.635887 16.246578 7.894401
v 1.578318 16.025614 8.146011
v 1.828871 16.735651 7.270177
v 1.505497 16.731300 7.242514
v 1.688823 16.737886 7.923216
v 1.367710 16.772118 7.815619
v 1.561754 16.537392 7.920944
v 1.367703 16.572886 7.862439
v 1.427644 16.707136 5.796795
v 1.409992 16.640390 5.309547
v 1.364382 16.518686 4.880865
v 1.841822 16.808054 5.740094
v 1.823010 17.088860 5.799294
v 1.819969 16.955246 6.172015
v 1.763937 16.947216 6.452118
v 1.793687 16.904043 6.504847
v 1.794636 16.944815 6.559334
v 1.749972 16.884928 6.735134
v 1.729346 16.835230 6.978593
v 1.685431 16.862587 7.195387
v 1.684235 16.782627 7.239386
v 1.676430 16.869263 7.324224
v 1.618451 16.745901 7.618137
v 1.529218 16.731346 7.922450
v 1.495129 16.593218 7.928489
v 1.445931 16.633152 7.985720
v 1.374973 16.561100 8.243486
v 1.255243 16.511341 8.457969
v 1.595558 16.997326 5.814791
v 1.476544 16.641167 8.465161
v 1.587972 16.712778 8.183657
v 1.661596 16.481474 8.066833
v 1.619894 16.393286 8.323053
v 1.492769 16.401375 8.462977
v 1.696287 16.510170 7.871225
v 1.822927 16.494841 7.591047
v 1.898290 16.621458 7.357965
v 1.889399 16.655279 7.183567
v 1.967572 16.639372 6.977990
v 2.028033 16.683853 6.759207
v 2.008835 16.781090 6.564548
v 2.026782 16.826136 6.438113
v 2.104773 16.831001 6.181325
v 2.070673 16.973024 5.851980
v 1.834100 17.009659 5.759848
v 1.187389 15.878680 8.718224
v 0.992027 16.224117 8.759118
v 1.018808 16.081532 8.741872
v 1.087418 16.064651 8.620072
v 1.046242 16.195908 8.621017
v 1.123784 16.217943 8.552057
v 1.324322 16.119444 8.547457
v 0.920198 16.231310 8.856355
v 0.955262 16.074232 8.923082
v 1.085276 15.947631 8.815529
v 1.173364 15.926508 8.722444
v 0.941403 16.163013 8.917595
v 1.225197 16.217396 8.529291
v 1.373234 16.110912 8.495205
v 0.745365 15.914631 9.051911
v 0.563546 16.030359 9.138341
v 0.888213 15.876734 8.967916
v 0.857350 15.937244 8.989535
v 0.620528 15.891880 9.115387
v 0.637336 15.959766 9.104138
v 0.917159 16.007381 8.958374
v 0.925831 16.068621 8.945875
v 0.910485 16.155014 8.933903
v 0.887334 16.211510 8.877541
v 0.546355 16.134119 9.126074
v 0.509670 16.136324 9.142475
v 0.541932 16.218643 9.085666
v 0.493602 16.251232 9.088945
v 0.721832 16.040411 8.919540
v 0.633492 16.053383 8.980174
v 0.837000 16.086246 8.916897
v 0.837957 16.247431 8.739074
v 0.815294 16.209503 8.802699
v 0.700633 16.222383 8.761605
v 0.705786 16.191269 8.808368
v 0.558497 16.218870 8.933903
v 0.521773 16.236998 8.899528
v 0.622000 16.190220 8.851715
v 0.892197 16.268766 8.684130
v 0.969024 16.271124 8.569713
v 0.450653 16.012627 9.155946
v 0.357839 15.927465 9.159862
v 0.368104 15.866606 9.164840
v 0.469531 16.127216 9.135015
v 0.182923 15.896427 9.183386
v 0.063556 15.976814 9.201129
v 0.001200 15.956999 9.200464
v 0.049659 16.078810 9.181855
v 0.001200 16.084118 9.195333
v 0.085599 16.175621 9.145576
v 0.171919 16.187954 9.086555
v 0.341643 16.192333 9.062274
v 0.356532 16.247263 8.976260
v 0.443164 16.214855 9.105608
v 0.001200 15.853436 9.164914
v 0.163326 16.017660 9.090019
v 0.343242 16.042997 9.070607
v 0.001200 15.965682 7.826937
v 0.145465 15.974411 7.716259
v 0.849717 16.065138 8.143911
v 1.375059 16.377256 8.504960
v 1.243255 16.387749 8.491065
v 0.969350 16.157478 8.888430
v 0.957672 16.234261 8.826241
v 0.984094 16.081928 8.890007
v 1.017798 16.010864 8.861242
v 0.975437 16.147121 7.925727
v 1.270331 15.992858 8.611376
v 1.285517 15.956375 8.596716
v 1.473993 16.086567 8.346046
v 1.454531 16.026785 8.375663
v -0.185745 15.779041 8.002998
v -0.461704 15.819995 7.902911
v -0.360372 15.837696 7.579531
v -0.130068 15.806049 7.721646
v -0.189910 15.955660 8.496137
v -0.460360 15.901933 8.337405
v -1.911018 16.836977 6.999088
v -1.855363 16.865309 7.169278
v -1.886999 16.655279 7.183567
v -1.965172 16.639372 6.977990
v -0.491545 16.340439 3.582235
v -0.454156 16.184715 3.440506
v -1.326937 16.486340 7.545138
v -1.407734 16.573980 7.208116
v -1.227911 16.309660 6.856663
v -1.073026 16.193626 7.491634
v -1.332136 16.239416 5.426058
v -1.247239 16.304550 5.713334
v -1.252936 16.152231 5.768672
v -1.603095 16.683290 5.857363
v -1.499641 16.740213 5.691631
v -1.424760 16.624620 6.048272
v -1.570704 16.770840 6.083668
v -0.985097 16.213640 6.642835
v -0.794336 16.142027 7.105779
v -0.811786 15.950048 7.140822
v -0.946647 15.925747 6.565347
v -0.846823 16.621260 3.985686
v -0.932376 16.392176 3.865438
v -0.484760 16.635525 3.855892
v -1.087668 16.888790 4.351391
v -1.269405 16.652374 4.452198
v -0.624718 17.056376 4.299731
v -0.907715 16.277252 7.377517
v -0.604094 16.062021 7.646574
v -0.567195 16.046450 7.375701
v -0.609287 15.926158 7.500329
v -1.466585 16.795401 6.430723
v -1.425019 16.706558 5.797418
v -1.538360 17.047266 5.784030
v -1.526557 17.076389 6.412349
v -1.157091 16.468456 7.463675
v -0.994586 16.326372 7.993222
v -0.816227 16.185978 7.940408
v -1.130606 16.451530 6.800485
v -1.331854 16.674091 6.917099
v -0.573229 16.098261 8.237901
v -0.713958 16.158817 8.396484
v -0.512564 16.164001 8.668593
v -0.414202 16.071329 8.341643
v -0.585847 16.068941 7.972184
v -0.754000 16.589705 8.421093
v -0.958187 16.653606 8.099842
v -0.668165 16.765821 8.151997
v -0.567228 16.595955 8.544893
v -0.576501 16.429113 8.703725
v -0.812644 16.431881 8.495295
v -1.062672 16.479845 8.064159
v -1.407389 16.639402 5.310433
v -1.460721 16.953344 5.294252
v -2.069937 16.098717 5.945093
v -2.164526 16.285677 5.606740
v -2.154829 16.713432 5.743592
v -2.102198 16.598814 6.126306
v -1.943676 16.052502 6.388928
v -2.004061 16.578436 6.468358
v -2.046949 16.435501 6.696899
v -1.969619 16.352028 6.990607
v -1.818573 15.898572 7.055893
v -2.025633 16.683853 6.759207
v -1.941312 16.894325 6.767939
v -2.006435 16.781090 6.564548
v -1.952944 16.969753 6.642243
v -1.863707 16.377941 7.193614
v -1.732562 15.776517 7.450153
v -1.765979 16.166725 7.477099
v -1.633487 16.246578 7.894401
v -1.604854 15.747045 7.740007
v -1.820527 16.494841 7.591047
v -1.895890 16.621458 7.357965
v -1.823345 16.860033 7.417381
v -1.794116 16.732000 7.666090
v -1.507405 15.682611 8.059896
v -1.575919 16.025614 8.146011
v -1.452131 16.026785 8.375663
v -1.327008 15.635954 8.365870
v -1.207428 15.548223 8.583041
v -1.217704 15.063941 8.498649
v -1.389504 15.173373 8.248694
v -1.567798 15.247190 7.990999
v -1.682299 15.355376 7.681721
v -1.823082 15.357414 7.426517
v -1.935716 15.446317 7.020202
v -2.009394 15.629004 6.319230
v -2.079174 15.687036 5.828000
v -0.982580 15.531205 8.735534
v -1.014413 15.026819 8.650961
v -0.480546 15.454697 8.991540
v -0.618128 15.891880 9.115387
v -0.503891 15.989406 9.139826
v -0.727974 15.456202 8.953815
v -0.885813 15.876734 8.967916
v -0.744999 15.849087 9.058331
v -0.248673 14.950250 9.016499
v -0.210554 15.429832 9.062216
v -0.481999 14.961549 8.941398
v -0.763696 14.969031 8.849526
v -0.155507 16.242777 8.989787
v -0.354132 16.247263 8.976260
v -0.716676 15.838867 7.711386
v -0.972249 16.147121 7.925727
v -0.847097 16.065138 8.143911
v -1.131030 16.044624 6.092371
v -1.120261 16.241302 6.136067
v -1.286485 16.517332 6.283771
v -1.334605 16.483845 6.404091
v -1.485103 16.596046 6.859343
v -1.501943 16.637897 6.632634
v -1.564519 16.716398 6.449849
v -1.280772 16.420095 7.880151
v -1.361899 16.518686 4.880843
v -1.394614 16.791933 4.793964
v -1.391325 17.339523 5.342452
v -1.399395 17.375702 5.856390
v -1.270605 17.163239 4.787074
v -0.757296 17.394634 4.731697
v -0.837399 17.541082 5.271224
v -0.868931 17.587694 5.806688
v -0.846251 17.527061 6.371805
v -0.883826 17.287468 6.905404
v -0.804509 16.974483 7.592213
v -0.565601 16.290270 8.745687
v -0.313266 16.022739 8.016555
v -0.318650 16.034389 7.760082
v -0.266444 15.961317 7.453111
v -0.115701 15.900260 7.671379
v -0.820529 16.287472 8.492839
v -1.180302 16.817133 7.593689
v -1.333871 17.116140 6.943982
v -1.275181 16.666077 7.548188
v -1.444536 16.902233 6.956291
v -1.397871 17.299192 6.448345
v -1.295300 16.292065 4.474373
v -0.935151 16.202644 3.747159
v -1.218909 16.272417 8.504777
v -1.245441 16.284264 8.481831
v -1.107113 16.365137 8.390836
v -1.053852 16.328045 8.474646
v -1.345929 16.187498 8.517032
v -1.402043 16.165113 8.460193
v -1.490370 16.401375 8.462977
v -1.372659 16.377256 8.504960
v -1.629393 16.319468 7.907980
v -1.659197 16.481474 8.066833
v -1.617494 16.393286 8.323053
v -1.574195 16.087965 8.137254
v -0.143373 15.974001 7.741644
v -2.180682 15.854668 5.472100
v -1.943883 16.855501 6.506618
v -1.568300 16.662411 8.009293
v -1.559355 16.537392 7.920944
v -1.492730 16.593218 7.928489
v -1.443532 16.633152 7.985720
v -1.674031 16.869263 7.324224
v -1.616051 16.745901 7.618137
v -1.372573 16.561100 8.243486
v -1.536304 16.721279 8.372569
v -1.585572 16.712778 8.183657
v -1.359920 16.550150 8.508001
v -1.474144 16.641167 8.465161
v -2.102373 16.831001 6.181325
v -2.068273 16.973024 5.851980
v -2.010889 17.114498 5.898748
v -2.011309 16.987745 6.197642
v -1.726947 16.835230 6.978593
v -1.683031 16.862587 7.195387
v -1.747572 16.884928 6.735134
v -1.792237 16.944815 6.559334
v -1.791287 16.904043 6.504847
v -1.820610 17.088860 5.799294
v -1.817569 16.955246 6.172015
v -1.240855 16.387749 8.491065
v -1.199813 16.534349 8.169651
v -1.157950 16.342524 8.070778
v -1.154851 16.507341 8.356035
v -1.317346 16.607330 7.959143
v -1.365303 16.572886 7.862439
v -1.470864 16.918322 7.387617
v -1.406233 16.839821 7.580477
v -1.526213 16.894720 6.952071
v -1.516926 16.899845 7.101899
v -1.524772 16.925211 6.718030
v -1.576334 16.976171 6.589973
v -1.596798 16.906233 6.456643
v -1.593158 16.997326 5.814791
v -2.024382 16.826136 6.438113
v -1.973315 16.977465 6.430355
v -1.761537 16.947216 6.452118
v -1.568895 16.975822 6.391625
v -1.613434 16.980019 6.132735
v -1.831700 17.009659 5.759848
v -1.826471 16.735651 7.270177
v -1.681835 16.782627 7.239386
v -2.099757 16.787933 5.782448
v -2.091587 16.644907 6.124550
v -1.953989 16.633518 6.468859
v -2.015778 16.494095 6.695338
v -1.928275 16.428673 6.968396
v -1.831534 16.464851 7.207903
v -1.763196 16.228954 7.490249
v -1.471593 16.086567 8.346046
v -1.686423 16.737886 7.923216
v -1.693887 16.510170 7.871225
v -1.526818 16.731346 7.922450
v -1.365310 16.772118 7.815619
v -1.503097 16.731300 7.242514
v -1.314820 16.213411 4.978842
v -1.839422 16.808054 5.740093
v -1.658503 17.128931 5.857255
v -1.252843 16.511341 8.457969
v -1.184989 15.878680 8.718224
v -1.064447 15.888626 8.825625
v -1.043842 16.195908 8.621017
v -0.989627 16.224117 8.759118
v -1.016408 16.081532 8.741872
v -1.085019 16.064651 8.620072
v -1.222797 16.217396 8.529291
v -1.121384 16.217943 8.552057
v -0.966950 16.157478 8.888430
v -0.955272 16.234261 8.826241
v -0.917798 16.231310 8.856355
v -0.939003 16.163013 8.917595
v -1.082876 15.947631 8.815529
v -1.170964 15.926508 8.722444
v -1.267931 15.992858 8.611376
v -1.321922 16.119444 8.547457
v -1.283117 15.956375 8.596716
v -1.370834 16.110912 8.495205
v -0.854950 15.937244 8.989535
v -0.742965 15.914631 9.051911
v -0.634936 15.959766 9.104138
v -0.561146 16.030359 9.138341
v -0.965387 15.978472 8.898643
v -0.914759 16.007381 8.958374
v -0.952862 16.074232 8.923082
v -0.923431 16.068621 8.945875
v -0.908085 16.155014 8.933903
v -0.884934 16.211510 8.877541
v -0.543955 16.134119 9.126074
v -0.507271 16.136324 9.142475
v -0.539532 16.218643 9.085666
v -0.491203 16.251232 9.088945
v -0.719432 16.040411 8.919540
v -0.631092 16.053383 8.980174
v -0.834600 16.086246 8.916897
v -0.812894 16.209503 8.802699
v -0.835557 16.247431 8.739074
v -0.703386 16.191269 8.808368
v -0.698233 16.222383 8.761605
v -0.556097 16.218870 8.933903
v -0.519373 16.236998 8.899528
v -0.619601 16.190220 8.851715
v -0.592148 16.215860 8.816187
v -0.889797 16.268766 8.684130
v -0.966624 16.271124 8.569713
v -0.365704 15.866606 9.164840
v -0.448253 16.012627 9.155946
v -0.355439 15.927465 9.159862
v -0.467131 16.127216 9.135015
v -0.178021 15.830959 9.198030
v -0.180523 15.896427 9.183386
v -0.061156 15.976814 9.201129
v -0.047260 16.078810 9.181855
v -0.083199 16.175621 9.145576
v -0.169519 16.187954 9.086555
v -0.339243 16.192333 9.062274
v -0.440764 16.214855 9.105608
v -0.160926 16.017660 9.090019
v -0.340843 16.042997 9.070607
v -0.649853 15.960739 8.278270
v -0.981694 16.081928 8.890007
v -1.015398 16.010864 8.861242
v 0.492418 17.308256 6.922651
v 0.423337 17.041883 7.600693
v 0.367688 16.817953 8.197178
v 0.315097 16.606447 8.662957
v 0.316605 16.441584 8.864077
v 0.291419 16.301706 8.894474
v 0.232467 16.187178 8.822509
v 0.248101 16.063375 8.412882
v -0.247520 16.061169 8.428246
v -0.232301 16.181963 8.827872
v -0.292448 16.298923 8.902873
v -0.311763 16.443819 8.861814
v -0.314524 16.601734 8.668270
v -0.365767 16.818075 8.202691
v -0.420992 17.044682 7.603799
v -0.488297 17.309473 6.922491
v 1.841822 16.808054 5.595726
v -1.839422 16.808054 5.595726
vt 0.373630 0.647490
vt 0.386370 0.646760
vt 0.389870 0.661150
vt 0.377630 0.661800
vt 0.414940 0.660720
vt 0.412370 0.644940
vt 0.426560 0.644540
vt 0.427670 0.658910
vt 0.399210 0.645840
vt 0.402140 0.660530
vt 0.441910 0.644740
vt 0.457870 0.643930
vt 0.458550 0.657610
vt 0.442760 0.658800
vt 0.473990 0.642360
vt 0.474360 0.654230
vt 0.490120 0.640050
vt 0.490120 0.649690
vt 0.395100 0.677950
vt 0.383430 0.678270
vt 0.421550 0.955430
vt 0.408190 0.962130
vt 0.408680 0.950570
vt 0.420820 0.944060
vt 0.406880 0.990050
vt 0.407680 0.975110
vt 0.422040 0.968420
vt 0.422300 0.983170
vt 0.379400 0.980700
vt 0.393710 0.978760
vt 0.392580 0.992810
vt 0.377620 0.994420
vt 0.384140 0.957700
vt 0.396410 0.955080
vt 0.394970 0.966260
vt 0.381730 0.968550
vt 0.399170 0.934330
vt 0.397810 0.944800
vt 0.386640 0.947300
vt 0.388950 0.936610
vt 0.432340 0.935250
vt 0.434460 0.946190
vt 0.438100 0.974240
vt 0.436270 0.959060
vt 0.359640 0.994800
vt 0.363350 0.981170
vt 0.371720 0.958450
vt 0.367550 0.969110
vt 0.336900 0.964070
vt 0.347820 0.954170
vt 0.359910 0.957410
vt 0.352940 0.967760
vt 0.320080 0.991410
vt 0.328330 0.976770
vt 0.346320 0.979880
vt 0.340240 0.993870
vt 0.430170 0.925410
vt 0.427740 0.916400
vt 0.435070 0.906140
vt 0.438950 0.914480
vt 0.442520 0.923880
vt 0.445970 0.934350
vt 0.453590 0.961680
vt 0.449400 0.946720
vt 0.461170 0.931000
vt 0.468490 0.944680
vt 0.451070 0.909930
vt 0.455870 0.919710
vt 0.441140 0.893660
vt 0.446120 0.901040
vt 0.455950 0.867170
vt 0.451750 0.885140
vt 0.445840 0.878890
vt 0.449400 0.861360
vt 0.462970 0.874810
vt 0.470470 0.883090
vt 0.464120 0.902690
vt 0.457930 0.893420
vt 0.473850 0.861340
vt 0.465730 0.854450
vt 0.466590 0.833170
vt 0.475210 0.838360
vt 0.491540 0.845260
vt 0.490930 0.872040
vt 0.481970 0.867330
vt 0.483390 0.842830
vt 0.478540 0.890850
vt 0.489220 0.898230
vt 0.480360 0.923700
vt 0.470920 0.912740
vt 0.451380 0.843720
vt 0.452140 0.825310
vt 0.459050 0.829360
vt 0.458310 0.848730
vt 0.288080 0.727710
vt 0.301420 0.733400
vt 0.298100 0.739220
vt 0.285750 0.733990
vt 0.274790 0.723420
vt 0.275910 0.731560
vt 0.267180 0.729750
vt 0.262610 0.722120
vt 0.267270 0.735670
vt 0.276100 0.737360
vt 0.275380 0.742670
vt 0.267170 0.741030
vt 0.282300 0.750370
vt 0.290260 0.754380
vt 0.287820 0.758420
vt 0.280120 0.754630
vt 0.284780 0.739950
vt 0.294940 0.744880
vt 0.292230 0.749690
vt 0.283880 0.745410
vt 0.311250 0.746940
vt 0.305320 0.751710
vt 0.301470 0.755670
vt 0.298450 0.759160
vt 0.296320 0.763290
vt 0.286020 0.763080
vt 0.293650 0.766950
vt 0.277770 0.759090
vt 0.272720 0.752090
vt 0.265740 0.750630
vt 0.266230 0.745940
vt 0.274260 0.747640
vt 0.271050 0.756330
vt 0.264080 0.754550
vt 0.262370 0.762120
vt 0.262940 0.757910
vt 0.269800 0.759980
vt 0.268420 0.763690
vt 0.276770 0.762530
vt 0.284170 0.765840
vt 0.282500 0.768720
vt 0.275360 0.765980
vt 0.291650 0.769590
vt 0.289410 0.771450
vt 0.273730 0.773790
vt 0.280170 0.774610
vt 0.279820 0.776120
vt 0.273530 0.775480
vt 0.267280 0.772840
vt 0.267720 0.775080
vt 0.262320 0.774920
vt 0.261580 0.772450
vt 0.256300 0.788550
vt 0.256220 0.786020
vt 0.259120 0.785990
vt 0.259280 0.788550
vt 0.270840 0.784190
vt 0.271180 0.786590
vt 0.266680 0.787500
vt 0.266270 0.785060
vt 0.276340 0.785570
vt 0.276450 0.783700
vt 0.281750 0.782870
vt 0.282020 0.784200
vt 0.287160 0.783250
vt 0.286500 0.782120
vt 0.290440 0.786830
vt 0.293050 0.790290
vt 0.286660 0.792390
vt 0.284610 0.788080
vt 0.274200 0.794970
vt 0.268770 0.795990
vt 0.267750 0.792880
vt 0.272560 0.791850
vt 0.260110 0.796370
vt 0.256760 0.796420
vt 0.256200 0.794120
vt 0.259450 0.794190
vt 0.318960 0.796210
vt 0.324380 0.799290
vt 0.316590 0.805630
vt 0.312710 0.801990
vt 0.310000 0.789870
vt 0.314470 0.793210
vt 0.309170 0.798210
vt 0.305500 0.794190
vt 0.291580 0.800810
vt 0.289270 0.796880
vt 0.295980 0.794040
vt 0.299340 0.798160
vt 0.257290 0.802470
vt 0.257100 0.799600
vt 0.260750 0.799120
vt 0.261400 0.800880
vt 0.275840 0.799240
vt 0.277120 0.802320
vt 0.270910 0.801820
vt 0.269890 0.799480
vt 0.308210 0.810480
vt 0.304470 0.805690
vt 0.267740 0.806030
vt 0.270160 0.805540
vt 0.271300 0.807840
vt 0.268950 0.807060
vt 0.259390 0.811240
vt 0.262680 0.808530
vt 0.264530 0.809190
vt 0.262300 0.811900
vt 0.259880 0.823340
vt 0.260260 0.826480
vt 0.256640 0.826420
vt 0.256760 0.823210
vt 0.263900 0.823360
vt 0.264590 0.826290
vt 0.267500 0.838420
vt 0.263090 0.839110
vt 0.262390 0.834020
vt 0.266720 0.833320
vt 0.261430 0.830000
vt 0.265630 0.829530
vt 0.258360 0.834510
vt 0.257600 0.830340
vt 0.258900 0.839590
vt 0.259320 0.851860
vt 0.259260 0.845370
vt 0.263830 0.844740
vt 0.264390 0.851280
vt 0.344110 0.894960
vt 0.333010 0.899190
vt 0.331370 0.893320
vt 0.341830 0.888920
vt 0.258860 0.864450
vt 0.258990 0.858680
vt 0.264940 0.858690
vt 0.264670 0.864190
vt 0.338060 0.878260
vt 0.339590 0.883910
vt 0.330500 0.887840
vt 0.330070 0.881630
vt 0.316070 0.884690
vt 0.316770 0.879190
vt 0.323640 0.878030
vt 0.322960 0.883480
vt 0.337730 0.873300
vt 0.329820 0.876550
vt 0.343040 0.869970
vt 0.344810 0.874150
vt 0.342290 0.867290
vt 0.337050 0.870170
vt 0.330260 0.872880
vt 0.317840 0.875150
vt 0.324240 0.874040
vt 0.336900 0.864220
vt 0.341540 0.862180
vt 0.341550 0.863450
vt 0.336880 0.865620
vt 0.331040 0.866060
vt 0.330890 0.867690
vt 0.318810 0.870900
vt 0.319300 0.869080
vt 0.324970 0.867700
vt 0.324720 0.869600
vt 0.305920 0.869640
vt 0.312960 0.869720
vt 0.312190 0.871770
vt 0.304900 0.871310
vt 0.310300 0.876200
vt 0.308750 0.880080
vt 0.300470 0.879730
vt 0.302720 0.875600
vt 0.295180 0.866370
vt 0.299920 0.868260
vt 0.298970 0.869820
vt 0.294680 0.867880
vt 0.267530 0.767370
vt 0.261470 0.766200
vt 0.281330 0.770990
vt 0.274370 0.769110
vt 0.288200 0.772970
vt 0.282930 0.785870
vt 0.288230 0.784570
vt 0.267090 0.790230
vt 0.271670 0.789460
vt 0.256230 0.791100
vt 0.259340 0.791140
vt 0.262800 0.788180
vt 0.262470 0.785680
vt 0.263100 0.793570
vt 0.263040 0.790870
vt 0.263830 0.796210
vt 0.265550 0.800760
vt 0.264770 0.798780
vt 0.297070 0.874340
vt 0.294180 0.878070
vt 0.287160 0.875920
vt 0.291520 0.872310
vt 0.262240 0.814410
vt 0.259290 0.813840
vt 0.266430 0.809230
vt 0.265550 0.811840
vt 0.265860 0.814200
vt 0.269130 0.825830
vt 0.269770 0.828590
vt 0.282200 0.833400
vt 0.277380 0.835360
vt 0.275890 0.831100
vt 0.280310 0.829600
vt 0.273840 0.824990
vt 0.278020 0.824110
vt 0.278750 0.826520
vt 0.274720 0.827370
vt 0.277230 0.821770
vt 0.272970 0.822570
vt 0.270300 0.810630
vt 0.272000 0.812460
vt 0.269210 0.813780
vt 0.268230 0.811470
vt 0.268940 0.808210
vt 0.267850 0.808810
vt 0.257470 0.809690
vt 0.261240 0.807940
vt 0.266250 0.803390
vt 0.268590 0.804410
vt 0.265700 0.805470
vt 0.264180 0.805060
vt 0.253200 0.808540
vt 0.256740 0.808230
vt 0.253820 0.809780
vt 0.256520 0.812120
vt 0.256640 0.814370
vt 0.258260 0.976500
vt 0.261160 0.979160
vt 0.259190 0.981390
vt 0.254910 0.980860
vt 0.258510 0.984360
vt 0.254410 0.984650
vt 0.260560 0.995410
vt 0.262230 0.991540
vt 0.264900 0.993760
vt 0.265790 0.997190
vt 0.271380 0.995240
vt 0.269810 0.991990
vt 0.272620 0.989270
vt 0.275140 0.991820
vt 0.268770 0.843780
vt 0.269960 0.850170
vt 0.323170 0.758040
vt 0.316030 0.761190
vt 0.311180 0.764130
vt 0.307390 0.766540
vt 0.303530 0.768750
vt 0.299670 0.770970
vt 0.317380 0.786680
vt 0.311360 0.785000
vt 0.310510 0.780010
vt 0.315970 0.780650
vt 0.321330 0.781060
vt 0.328580 0.781490
vt 0.330050 0.790390
vt 0.322860 0.788580
vt 0.337220 0.792010
vt 0.336360 0.781270
vt 0.323890 0.902660
vt 0.322820 0.895700
vt 0.322400 0.890000
vt 0.412700 0.695730
vt 0.419000 0.714680
vt 0.407800 0.713040
vt 0.401370 0.695260
vt 0.436250 0.696220
vt 0.441000 0.716120
vt 0.429980 0.715940
vt 0.424340 0.696550
vt 0.462790 0.693850
vt 0.466340 0.715590
vt 0.452820 0.716940
vt 0.449070 0.695410
vt 0.478290 0.713800
vt 0.476360 0.691630
vt 0.490100 0.688020
vt 0.490610 0.711980
vt 0.406980 0.678070
vt 0.419000 0.677820
vt 0.431720 0.676920
vt 0.445700 0.676030
vt 0.460300 0.674480
vt 0.490110 0.665780
vt 0.475280 0.671140
vt 0.335510 0.907890
vt 0.337680 0.916520
vt 0.329450 0.919760
vt 0.326910 0.910410
vt 0.349370 0.913860
vt 0.346250 0.903520
vt 0.358960 0.909390
vt 0.357370 0.899120
vt 0.329030 0.848660
vt 0.336340 0.849970
vt 0.335990 0.853320
vt 0.329150 0.853460
vt 0.322150 0.854200
vt 0.321080 0.849030
vt 0.348010 0.865090
vt 0.351070 0.867410
vt 0.341430 0.855860
vt 0.342220 0.852710
vt 0.346140 0.855830
vt 0.343980 0.857580
vt 0.274290 0.841930
vt 0.275990 0.847330
vt 0.330030 0.857110
vt 0.323580 0.857900
vt 0.335780 0.856430
vt 0.325280 0.865810
vt 0.319760 0.867070
vt 0.320990 0.864360
vt 0.325490 0.863570
vt 0.341570 0.860770
vt 0.337420 0.862580
vt 0.337940 0.860890
vt 0.341840 0.859740
vt 0.331410 0.864410
vt 0.331780 0.862240
vt 0.300710 0.866850
vt 0.295460 0.865030
vt 0.296600 0.864190
vt 0.301480 0.865330
vt 0.314220 0.867420
vt 0.306780 0.867740
vt 0.308050 0.865730
vt 0.314840 0.865390
vt 0.340350 0.857760
vt 0.272930 0.986970
vt 0.269610 0.987630
vt 0.270050 0.985600
vt 0.263640 0.981600
vt 0.262310 0.982660
vt 0.262120 0.984580
vt 0.263680 0.989430
vt 0.265420 0.989660
vt 0.638730 0.446750
vt 0.638810 0.450460
vt 0.635590 0.451090
vt 0.634830 0.444840
vt 0.279690 0.777850
vt 0.273850 0.777780
vt 0.268440 0.777870
vt 0.263360 0.777920
vt 0.444410 0.838880
vt 0.444090 0.820790
vt 0.440410 0.873110
vt 0.443150 0.855910
vt 0.400920 0.923210
vt 0.410030 0.920120
vt 0.409300 0.930320
vt 0.391480 0.925120
vt 0.419980 0.934050
vt 0.408990 0.940380
vt 0.375770 0.948090
vt 0.357450 0.945180
vt 0.366120 0.947500
vt 0.320560 0.922370
vt 0.316660 0.912740
vt 0.314870 0.904600
vt 0.314440 0.897600
vt 0.314900 0.891680
vt 0.315680 0.855200
vt 0.316550 0.859280
vt 0.313920 0.850250
vt 0.280030 0.793950
vt 0.278270 0.790340
vt 0.276940 0.787760
vt 0.317830 0.743020
vt 0.426140 0.621060
vt 0.427750 0.608870
vt 0.440010 0.608510
vt 0.441440 0.621130
vt 0.414180 0.609130
vt 0.411650 0.620880
vt 0.426290 0.633030
vt 0.411610 0.633000
vt 0.441620 0.632930
vt 0.398020 0.633330
vt 0.398120 0.621200
vt 0.400780 0.608750
vt 0.456830 0.620800
vt 0.457430 0.632770
vt 0.455210 0.607880
vt 0.473600 0.621590
vt 0.473670 0.633280
vt 0.474010 0.609660
vt 0.490240 0.621420
vt 0.490130 0.631920
vt 0.489650 0.608280
vt 0.384860 0.622100
vt 0.388100 0.609370
vt 0.384640 0.634150
vt 0.341750 0.622420
vt 0.356840 0.621910
vt 0.357610 0.635620
vt 0.342790 0.635970
vt 0.371400 0.635000
vt 0.371470 0.621910
vt 0.326950 0.622410
vt 0.327760 0.635760
vt 0.344130 0.780930
vt 0.345910 0.792180
vt 0.330360 0.754790
vt 0.327220 0.737190
vt 0.339900 0.752760
vt 0.312260 0.635610
vt 0.312110 0.622250
vt 0.453280 0.791950
vt 0.458920 0.792510
vt 0.459140 0.810180
vt 0.452520 0.807470
vt 0.464450 0.791100
vt 0.474190 0.793490
vt 0.474540 0.815820
vt 0.465920 0.812930
vt 0.483090 0.796330
vt 0.491150 0.798110
vt 0.492240 0.820400
vt 0.483840 0.818880
vt 0.447000 0.786630
vt 0.444480 0.802620
vt 0.291420 0.863590
vt 0.290840 0.865300
vt 0.292140 0.861940
vt 0.294300 0.862100
vt 0.294160 0.859260
vt 0.297960 0.860410
vt 0.296990 0.862170
vt 0.295180 0.860630
vt 0.279500 0.872300
vt 0.286920 0.869440
vt 0.256320 0.806710
vt 0.259930 0.806330
vt 0.260170 0.807270
vt 0.270340 0.977910
vt 0.273410 0.976450
vt 0.275090 0.979230
vt 0.271710 0.979570
vt 0.268140 0.977510
vt 0.264810 0.977440
vt 0.265620 0.974180
vt 0.269940 0.975270
vt 0.266440 0.980050
vt 0.346370 0.862730
vt 0.272510 0.856610
vt 0.279720 0.858110
vt 0.277770 0.862540
vt 0.270580 0.863210
vt 0.302910 0.852470
vt 0.308280 0.851270
vt 0.309880 0.856060
vt 0.304370 0.856700
vt 0.307750 0.885850
vt 0.298640 0.885970
vt 0.290570 0.884820
vt 0.282930 0.882720
vt 0.306450 0.892830
vt 0.296990 0.892740
vt 0.263930 0.870040
vt 0.264520 0.877470
vt 0.258250 0.876530
vt 0.258790 0.869840
vt 0.288320 0.891450
vt 0.280830 0.890040
vt 0.272350 0.878410
vt 0.269450 0.869810
vt 0.276820 0.867200
vt 0.263950 0.885920
vt 0.256510 0.884140
vt 0.262770 0.891590
vt 0.256770 0.890430
vt 0.320280 0.843570
vt 0.329090 0.843140
vt 0.336940 0.844520
vt 0.279260 0.840000
vt 0.284000 0.838010
vt 0.285740 0.842660
vt 0.281130 0.844800
vt 0.343480 0.847650
vt 0.348440 0.852840
vt 0.278570 0.852250
vt 0.283200 0.855210
vt 0.294100 0.833840
vt 0.300550 0.831420
vt 0.302770 0.836400
vt 0.296760 0.838560
vt 0.300690 0.847970
vt 0.306250 0.846180
vt 0.288900 0.836040
vt 0.291040 0.840710
vt 0.310620 0.839510
vt 0.319040 0.837740
vt 0.312180 0.845030
vt 0.298880 0.843210
vt 0.304570 0.841310
vt 0.286760 0.852750
vt 0.283570 0.849160
vt 0.287960 0.846900
vt 0.290830 0.850950
vt 0.295640 0.849520
vt 0.293270 0.845030
vt 0.298020 0.853490
vt 0.293550 0.854600
vt 0.315890 0.826080
vt 0.317120 0.831750
vt 0.309090 0.834190
vt 0.307460 0.828890
vt 0.299020 0.924100
vt 0.296740 0.913150
vt 0.306990 0.913660
vt 0.310050 0.923930
vt 0.250960 0.921680
vt 0.250960 0.908110
vt 0.260500 0.908260
vt 0.261190 0.920970
vt 0.366840 0.878120
vt 0.355240 0.889490
vt 0.351390 0.883090
vt 0.360280 0.873100
vt 0.347520 0.878960
vt 0.354870 0.870800
vt 0.285970 0.776440
vt 0.286870 0.775200
vt 0.304960 0.786470
vt 0.301330 0.790560
vt 0.297030 0.782330
vt 0.300370 0.784060
vt 0.297830 0.787190
vt 0.294840 0.784700
vt 0.294510 0.774220
vt 0.296700 0.772940
vt 0.292860 0.775040
vt 0.306160 0.782850
vt 0.305250 0.779380
vt 0.286040 0.777890
vt 0.582240 0.540940
vt 0.577270 0.542750
vt 0.570500 0.528050
vt 0.574380 0.524710
vt 0.564730 0.590140
vt 0.562470 0.586420
vt 0.571430 0.580620
vt 0.575240 0.583540
vt 0.530340 0.582660
vt 0.532850 0.579890
vt 0.541920 0.586160
vt 0.539980 0.589510
vt 0.420030 0.862200
vt 0.415620 0.859410
vt 0.416780 0.855640
vt 0.420230 0.856630
vt 0.522440 0.562370
vt 0.526340 0.571590
vt 0.522410 0.573580
vt 0.517800 0.563540
vt 0.412720 0.853390
vt 0.515730 0.549120
vt 0.517280 0.537490
vt 0.521720 0.539070
vt 0.520690 0.549690
vt 0.565120 0.513310
vt 0.563070 0.517340
vt 0.560510 0.514730
vt 0.563220 0.511630
vt 0.295700 0.905080
vt 0.305450 0.905150
vt 0.581330 0.573660
vt 0.576280 0.572100
vt 0.580100 0.560430
vt 0.584260 0.559670
vt 0.335110 0.661890
vt 0.330080 0.649040
vt 0.345940 0.649170
vt 0.350990 0.662350
vt 0.315830 0.661210
vt 0.313480 0.648280
vt 0.290820 0.829000
vt 0.297910 0.826530
vt 0.314040 0.820450
vt 0.305030 0.823830
vt 0.308260 0.774470
vt 0.303850 0.775410
vt 0.313020 0.773730
vt 0.324250 0.771950
vt 0.318130 0.773370
vt 0.331220 0.770510
vt 0.339250 0.768540
vt 0.349570 0.767890
vt 0.396920 0.712100
vt 0.390150 0.695160
vt 0.364820 0.662340
vt 0.371150 0.678390
vt 0.358090 0.678540
vt 0.343650 0.678140
vt 0.328810 0.677430
vt 0.378200 0.821380
vt 0.367640 0.820350
vt 0.367350 0.811280
vt 0.378330 0.812730
vt 0.388750 0.814520
vt 0.388550 0.822580
vt 0.387840 0.831150
vt 0.398680 0.831140
vt 0.397640 0.839500
vt 0.386500 0.839940
vt 0.541130 0.508980
vt 0.540460 0.513970
vt 0.532800 0.519470
vt 0.530470 0.516880
vt 0.550580 0.507770
vt 0.549550 0.510920
vt 0.521570 0.526380
vt 0.524990 0.528560
vt 0.525880 0.521770
vt 0.528800 0.524120
vt 0.559730 0.508550
vt 0.556560 0.512280
vt 0.398810 0.823680
vt 0.399530 0.816570
vt 0.342000 0.607890
vt 0.358060 0.608230
vt 0.374240 0.608870
vt 0.326730 0.607790
vt 0.312780 0.607780
vt 0.296290 0.623030
vt 0.299590 0.607970
vt 0.296590 0.635300
vt 0.297490 0.657870
vt 0.297050 0.647030
vt 0.311780 0.689730
vt 0.305700 0.677770
vt 0.317470 0.678630
vt 0.325190 0.691780
vt 0.360300 0.648450
vt 0.435830 0.865340
vt 0.437350 0.849980
vt 0.438010 0.834940
vt 0.438790 0.822460
vt 0.426770 0.857190
vt 0.423550 0.851650
vt 0.423690 0.848830
vt 0.428180 0.852950
vt 0.428560 0.847740
vt 0.423600 0.845280
vt 0.422930 0.839300
vt 0.428980 0.841260
vt 0.292440 0.782980
vt 0.294620 0.781140
vt 0.289350 0.776600
vt 0.290450 0.775970
vt 0.297820 0.778080
vt 0.297860 0.780060
vt 0.295440 0.779370
vt 0.295380 0.777810
vt 0.300920 0.778660
vt 0.301210 0.781430
vt 0.642060 0.447600
vt 0.641340 0.450370
vt 0.289160 0.777860
vt 0.296960 0.776080
vt 0.294620 0.776230
vt 0.299860 0.775930
vt 0.265760 0.646410
vt 0.265970 0.658200
vt 0.250970 0.657940
vt 0.250970 0.646350
vt 0.266070 0.669420
vt 0.250970 0.668920
vt 0.266800 0.681200
vt 0.251060 0.680700
vt 0.280210 0.635240
vt 0.281030 0.622160
vt 0.266440 0.621450
vt 0.265730 0.634430
vt 0.251080 0.634390
vt 0.250890 0.621670
vt 0.282320 0.659520
vt 0.280750 0.646730
vt 0.282050 0.683060
vt 0.280140 0.671470
vt 0.293370 0.675710
vt 0.297140 0.686470
vt 0.267800 0.692480
vt 0.250880 0.691870
vt 0.285930 0.608430
vt 0.284720 0.694930
vt 0.269650 0.608970
vt 0.250960 0.609090
vt 0.305770 0.725900
vt 0.268120 0.713680
vt 0.288300 0.718750
vt 0.288220 0.710740
vt 0.305980 0.717030
vt 0.269370 0.706550
vt 0.250980 0.710670
vt 0.251010 0.705090
vt 0.286550 0.780920
vt 0.282370 0.781500
vt 0.277160 0.781820
vt 0.266570 0.782810
vt 0.271580 0.782200
vt 0.262570 0.783350
vt 0.256110 0.783660
vt 0.259060 0.783620
vt 0.635790 0.406150
vt 0.637600 0.406990
vt 0.637400 0.409080
vt 0.635450 0.408060
vt 0.263080 0.780700
vt 0.267120 0.780580
vt 0.272000 0.780410
vt 0.639460 0.408530
vt 0.639560 0.410880
vt 0.256640 0.780720
vt 0.259410 0.780710
vt 0.633780 0.405680
vt 0.633570 0.407560
vt 0.641230 0.410280
vt 0.641630 0.412380
vt 0.642390 0.411000
vt 0.643140 0.412860
vt 0.637290 0.411880
vt 0.639650 0.413730
vt 0.639890 0.416470
vt 0.636980 0.415380
vt 0.635270 0.410590
vt 0.634650 0.414310
vt 0.633390 0.409910
vt 0.632890 0.413600
vt 0.633080 0.493630
vt 0.632120 0.493830
vt 0.632060 0.490660
vt 0.633030 0.490600
vt 0.636150 0.492800
vt 0.634350 0.493380
vt 0.634440 0.490710
vt 0.636230 0.490270
vt 0.637930 0.492180
vt 0.637870 0.489930
vt 0.642520 0.414250
vt 0.644410 0.414390
vt 0.645650 0.416210
vt 0.643350 0.416810
vt 0.633880 0.422460
vt 0.636570 0.422270
vt 0.637380 0.434980
vt 0.633980 0.434360
vt 0.636410 0.477810
vt 0.634310 0.478440
vt 0.634620 0.464440
vt 0.637320 0.463800
vt 0.638760 0.476650
vt 0.638880 0.462650
vt 0.639710 0.422790
vt 0.640560 0.435960
vt 0.632110 0.478630
vt 0.631770 0.421910
vt 0.645030 0.474560
vt 0.641450 0.475410
vt 0.642620 0.461880
vt 0.643400 0.422690
vt 0.644890 0.436860
vt 0.647590 0.422300
vt 0.653440 0.426470
vt 0.652230 0.440770
vt 0.649110 0.437870
vt 0.649610 0.471180
vt 0.647370 0.457970
vt 0.635990 0.486630
vt 0.634420 0.487130
vt 0.637720 0.486260
vt 0.641560 0.483850
vt 0.639510 0.485500
vt 0.647540 0.415710
vt 0.633400 0.486050
vt 0.632310 0.485580
vt 0.644600 0.448960
vt 0.331550 0.859580
vt 0.325070 0.860550
vt 0.336390 0.858940
vt 0.483570 0.993120
vt 0.479510 0.994110
vt 0.478440 0.989610
vt 0.481220 0.989500
vt 0.491340 0.982250
vt 0.488450 0.989020
vt 0.486970 0.986620
vt 0.488790 0.982270
vt 0.461070 0.986210
vt 0.458340 0.976260
vt 0.461380 0.978360
vt 0.464070 0.984040
vt 0.475550 0.995090
vt 0.467090 0.992510
vt 0.468330 0.988050
vt 0.474330 0.990850
vt 0.340400 0.859770
vt 0.339110 0.859190
vt 0.458660 0.973830
vt 0.460990 0.975190
vt 0.318010 0.862000
vt 0.481340 0.959300
vt 0.488670 0.965430
vt 0.485400 0.966530
vt 0.479730 0.961980
vt 0.490840 0.971320
vt 0.486220 0.970770
vt 0.480610 0.984610
vt 0.490870 0.977390
vt 0.487110 0.979340
vt 0.488380 0.975230
vt 0.484420 0.983370
vt 0.464880 0.977100
vt 0.467660 0.981710
vt 0.471900 0.984270
vt 0.475860 0.986250
vt 0.490960 0.975210
vt 0.472740 0.957980
vt 0.471780 0.961370
vt 0.480710 0.971440
vt 0.479390 0.969570
vt 0.482630 0.971870
vt 0.484340 0.977350
vt 0.484640 0.975290
vt 0.480900 0.979780
vt 0.476080 0.978020
vt 0.477810 0.978710
vt 0.479770 0.979920
vt 0.476780 0.968820
vt 0.472900 0.977450
vt 0.473420 0.969090
vt 0.528510 0.561070
vt 0.526380 0.561700
vt 0.525390 0.549090
vt 0.527950 0.551020
vt 0.566840 0.521210
vt 0.569190 0.517970
vt 0.528860 0.570430
vt 0.530920 0.568760
vt 0.536120 0.575630
vt 0.534740 0.578120
vt 0.543580 0.580410
vt 0.543090 0.583330
vt 0.560570 0.582910
vt 0.559640 0.579460
vt 0.566450 0.575270
vt 0.568190 0.577370
vt 0.555050 0.522140
vt 0.558340 0.517510
vt 0.560800 0.519820
vt 0.557280 0.524080
vt 0.568660 0.531210
vt 0.565560 0.533310
vt 0.558950 0.526400
vt 0.564050 0.523670
vt 0.573260 0.543810
vt 0.570270 0.544490
vt 0.571890 0.558740
vt 0.575350 0.559550
vt 0.573370 0.570310
vt 0.570760 0.568330
vt 0.526840 0.538820
vt 0.546890 0.540540
vt 0.552470 0.542390
vt 0.549450 0.548450
vt 0.545250 0.545250
vt 0.556700 0.544420
vt 0.553130 0.550890
vt 0.568900 0.557760
vt 0.568120 0.545050
vt 0.529610 0.530200
vt 0.554410 0.515350
vt 0.548640 0.514820
vt 0.551270 0.520790
vt 0.546950 0.520100
vt 0.540680 0.517500
vt 0.540960 0.521830
vt 0.567500 0.566040
vt 0.548840 0.556050
vt 0.545170 0.553480
vt 0.535530 0.537130
vt 0.532730 0.534800
vt 0.533840 0.531330
vt 0.536540 0.533820
vt 0.536780 0.525110
vt 0.533920 0.522310
vt 0.531290 0.526340
vt 0.534730 0.528280
vt 0.537160 0.531160
vt 0.564060 0.534840
vt 0.553180 0.537190
vt 0.558890 0.537360
vt 0.540510 0.534730
vt 0.539980 0.532970
vt 0.542000 0.527020
vt 0.538660 0.528250
vt 0.542560 0.530920
vt 0.539920 0.530510
vt 0.544670 0.526510
vt 0.545530 0.531050
vt 0.550490 0.534690
vt 0.555120 0.531980
vt 0.553050 0.529590
vt 0.551060 0.527390
vt 0.547420 0.526390
vt 0.547500 0.532890
vt 0.547380 0.536410
vt 0.544940 0.536880
vt 0.542050 0.540090
vt 0.538470 0.538180
vt 0.438600 0.814460
vt 0.427070 0.819910
vt 0.420940 0.818360
vt 0.419030 0.810880
vt 0.425440 0.811840
vt 0.423250 0.807460
vt 0.418710 0.809980
vt 0.418120 0.808290
vt 0.420150 0.805140
vt 0.282180 0.798530
vt 0.267000 0.770370
vt 0.261510 0.769770
vt 0.273790 0.771620
vt 0.280670 0.772920
vt 0.287620 0.774060
vt 0.291550 0.775530
vt 0.311430 0.815110
vt 0.302360 0.818490
vt 0.300040 0.813580
vt 0.283600 0.802320
vt 0.297030 0.809030
vt 0.464870 0.961070
vt 0.466350 0.963470
vt 0.311050 0.860080
vt 0.311450 0.862920
vt 0.295220 0.821680
vt 0.292950 0.816750
vt 0.278090 0.780080
vt 0.639540 0.489680
vt 0.639650 0.491450
vt 0.291860 0.780100
vt 0.293090 0.780420
vt 0.291110 0.782260
vt 0.290390 0.781570
vt 0.292220 0.777660
vt 0.293600 0.777690
vt 0.293670 0.778910
vt 0.292250 0.778690
vt 0.292990 0.776320
vt 0.291770 0.776510
vt 0.290780 0.777070
vt 0.291210 0.777820
vt 0.291270 0.778640
vt 0.289500 0.780440
vt 0.290880 0.779710
vt 0.289890 0.778110
vt 0.643910 0.412140
vt 0.643170 0.411100
vt 0.645560 0.413760
vt 0.289920 0.778250
vt 0.289970 0.778440
vt 0.289820 0.779010
vt 0.288920 0.779300
vt 0.644940 0.488570
vt 0.644660 0.488550
vt 0.644790 0.487460
vt 0.645540 0.487030
vt 0.283030 0.779910
vt 0.286700 0.779610
vt 0.644270 0.488740
vt 0.643560 0.489120
vt 0.643800 0.487530
vt 0.642470 0.487920
vt 0.642490 0.489720
vt 0.641230 0.490540
vt 0.641020 0.488580
vt 0.259260 0.816300
vt 0.259380 0.818590
vt 0.256370 0.818600
vt 0.256400 0.816560
vt 0.262530 0.816600
vt 0.262990 0.818620
vt 0.266410 0.816380
vt 0.266950 0.818440
vt 0.273730 0.814810
vt 0.275180 0.817340
vt 0.271050 0.818140
vt 0.270390 0.815970
vt 0.273640 0.808550
vt 0.271540 0.809560
vt 0.268940 0.807620
vt 0.268640 0.996190
vt 0.267530 0.993100
vt 0.288510 0.815930
vt 0.285780 0.815870
vt 0.284450 0.813040
vt 0.286970 0.811930
vt 0.281870 0.814230
vt 0.278350 0.816110
vt 0.276770 0.813740
vt 0.279900 0.811930
vt 0.281820 0.810300
vt 0.281160 0.823030
vt 0.280670 0.820710
vt 0.283410 0.819180
vt 0.283050 0.821450
vt 0.286230 0.818770
vt 0.285270 0.822660
vt 0.282390 0.824910
vt 0.284810 0.827620
vt 0.286600 0.831310
vt 0.288680 0.824130
vt 0.268400 0.989550
vt 0.267520 0.989800
vt 0.268520 0.985350
vt 0.267860 0.986210
vt 0.264550 0.986230
vt 0.263980 0.984890
vt 0.323360 0.816640
vt 0.325560 0.823090
vt 0.320790 0.810500
vt 0.332210 0.804140
vt 0.356230 0.792070
vt 0.354310 0.780930
vt 0.356420 0.802240
vt 0.345590 0.802430
vt 0.366940 0.792760
vt 0.367030 0.802520
vt 0.377910 0.794470
vt 0.378290 0.803900
vt 0.388870 0.806190
vt 0.388540 0.797030
vt 0.399460 0.809560
vt 0.399340 0.801010
vt 0.387100 0.786730
vt 0.397560 0.790390
vt 0.365390 0.781920
vt 0.376790 0.784170
vt 0.384480 0.775330
vt 0.373860 0.771970
vt 0.367690 0.757740
vt 0.380010 0.761140
vt 0.352100 0.753380
vt 0.361100 0.769050
vt 0.352740 0.694730
vt 0.366420 0.695540
vt 0.378570 0.695250
vt 0.338430 0.693090
vt 0.357410 0.733250
vt 0.361020 0.744450
vt 0.345580 0.740870
vt 0.342200 0.729110
vt 0.370550 0.735710
vt 0.375100 0.747650
vt 0.388610 0.751150
vt 0.392230 0.764560
vt 0.395420 0.778700
vt 0.408760 0.822720
vt 0.409690 0.830530
vt 0.408860 0.818620
vt 0.408970 0.814280
vt 0.409760 0.806580
vt 0.404080 0.781610
vt 0.402270 0.767520
vt 0.406090 0.794150
vt 0.325500 0.724480
vt 0.250990 0.699190
vt 0.269670 0.700330
vt 0.302500 0.698390
vt 0.318460 0.702810
vt 0.333330 0.706520
vt 0.373970 0.712120
vt 0.359960 0.711060
vt 0.385730 0.711900
vt 0.346880 0.709150
vt 0.391810 0.727200
vt 0.396110 0.740670
vt 0.384020 0.738100
vt 0.379600 0.725740
vt 0.365590 0.723850
vt 0.352670 0.721500
vt 0.287200 0.704000
vt 0.338130 0.717810
vt 0.322810 0.713460
vt 0.304440 0.708270
vt 0.291210 0.666790
vt 0.300300 0.667020
vt 0.310770 0.668760
vt 0.412420 0.797200
vt 0.413300 0.804740
vt 0.410630 0.770620
vt 0.411690 0.784950
vt 0.418060 0.787690
vt 0.418050 0.773700
vt 0.458710 0.750590
vt 0.471670 0.752740
vt 0.472860 0.772400
vt 0.460990 0.770700
vt 0.481680 0.754540
vt 0.482360 0.774920
vt 0.491910 0.756720
vt 0.491460 0.777080
vt 0.469450 0.734700
vt 0.456910 0.735080
vt 0.480340 0.734650
vt 0.491680 0.735220
vt 0.350720 0.859130
vt 0.354450 0.859160
vt 0.381300 0.862960
vt 0.378970 0.877230
vt 0.372170 0.861540
vt 0.403010 0.728840
vt 0.406700 0.742740
vt 0.444780 0.733000
vt 0.447520 0.750140
vt 0.436770 0.748070
vt 0.433770 0.731890
vt 0.426530 0.745910
vt 0.423250 0.730950
vt 0.415720 0.744790
vt 0.412970 0.730190
vt 0.409960 0.838320
vt 0.397150 0.889760
vt 0.405870 0.890070
vt 0.403980 0.901670
vt 0.395230 0.902210
vt 0.399740 0.876020
vt 0.408950 0.877930
vt 0.417000 0.879630
vt 0.413730 0.890660
vt 0.431060 0.898870
vt 0.436880 0.887170
vt 0.411880 0.901140
vt 0.425130 0.908630
vt 0.419090 0.924380
vt 0.418270 0.915440
vt 0.422850 0.771770
vt 0.422230 0.789190
vt 0.426940 0.789300
vt 0.427040 0.773320
vt 0.428510 0.830550
vt 0.422050 0.828930
vt 0.336410 0.867820
vt 0.341620 0.865310
vt 0.330580 0.869680
vt 0.324710 0.871280
vt 0.318630 0.872420
vt 0.304080 0.872640
vt 0.311540 0.873080
vt 0.294250 0.869640
vt 0.298690 0.871370
vt 0.290390 0.867400
vt 0.344900 0.860050
vt 0.344790 0.858720
vt 0.347020 0.858050
vt 0.344840 0.861970
vt 0.250960 0.802020
vt 0.250930 0.799450
vt 0.253830 0.799620
vt 0.253500 0.802140
vt 0.253710 0.796380
vt 0.250980 0.796520
vt 0.253400 0.794040
vt 0.253390 0.791010
vt 0.253480 0.788450
vt 0.253400 0.785970
vt 0.253260 0.783690
vt 0.253630 0.780680
vt 0.630890 0.493920
vt 0.630980 0.490830
vt 0.631030 0.486010
vt 0.629800 0.464750
vt 0.629800 0.451690
vt 0.629810 0.444380
vt 0.629810 0.433990
vt 0.631560 0.413310
vt 0.631670 0.409630
vt 0.631720 0.405460
vt 0.631730 0.407240
vt 0.256630 0.774910
vt 0.257290 0.777850
vt 0.256330 0.772330
vt 0.256330 0.769580
vt 0.256030 0.766030
vt 0.255570 0.761370
vt 0.255910 0.756790
vt 0.256150 0.753220
vt 0.257270 0.749100
vt 0.258080 0.744670
vt 0.258840 0.740010
vt 0.259100 0.734940
vt 0.259110 0.729600
vt 0.257550 0.724580
vt 0.259990 0.716390
vt 0.251010 0.715670
vt 0.262390 0.802770
vt 0.259890 0.803420
vt 0.271910 0.803400
vt 0.278010 0.804620
vt 0.284810 0.806740
vt 0.293550 0.804850
vt 0.334990 0.820860
vt 0.333670 0.812450
vt 0.345510 0.811080
vt 0.345820 0.820050
vt 0.356620 0.810710
vt 0.356970 0.819890
vt 0.377540 0.830450
vt 0.367280 0.829820
vt 0.345890 0.840880
vt 0.352400 0.850380
vt 0.279010 0.895070
vt 0.287750 0.896900
vt 0.296290 0.898230
vt 0.306270 0.898210
vt 0.394610 0.850650
vt 0.384020 0.850370
vt 0.405180 0.849390
vt 0.289540 0.860150
vt 0.288470 0.861820
vt 0.284420 0.862140
vt 0.285820 0.859430
vt 0.287510 0.857510
vt 0.290610 0.858920
vt 0.289580 0.855750
vt 0.287910 0.863290
vt 0.283570 0.866020
vt 0.287930 0.865680
vt 0.327960 0.836830
vt 0.336700 0.837570
vt 0.358810 0.860290
vt 0.358720 0.849140
vt 0.366560 0.849190
vt 0.365010 0.860080
vt 0.392390 0.863140
vt 0.401290 0.862540
vt 0.356840 0.829560
vt 0.326350 0.829910
vt 0.335820 0.829320
vt 0.345920 0.829760
vt 0.357000 0.839120
vt 0.301780 0.801940
vt 0.367040 0.839030
vt 0.376770 0.839380
vt 0.375010 0.849440
vt 0.563950 0.572520
vt 0.543280 0.559710
vt 0.540020 0.556750
vt 0.423970 0.860680
vt 0.422170 0.854090
vt 0.553060 0.592220
vt 0.552580 0.587920
vt 0.552140 0.584790
vt 0.552200 0.581400
vt 0.389520 0.876900
vt 0.411060 0.847500
vt 0.405970 0.862150
vt 0.409990 0.864720
vt 0.539680 0.545490
vt 0.531700 0.560560
vt 0.533360 0.566700
vt 0.535580 0.558800
vt 0.537890 0.563010
vt 0.531000 0.551740
vt 0.538140 0.572960
vt 0.545170 0.577720
vt 0.562330 0.562810
vt 0.558650 0.568460
vt 0.564980 0.555750
vt 0.564810 0.544880
vt 0.558270 0.576980
vt 0.542710 0.549370
vt 0.552360 0.578000
vt 0.552570 0.557670
vt 0.557430 0.560020
vt 0.553340 0.565740
vt 0.547680 0.562140
vt 0.556690 0.551890
vt 0.560720 0.553900
vt 0.560420 0.545060
vt 0.558660 0.531390
vt 0.559910 0.530380
vt 0.554800 0.574060
vt 0.549450 0.572390
vt 0.542500 0.567970
vt 0.562120 0.535930
vt 0.387550 0.890230
vt 0.377330 0.891090
vt 0.414280 0.866400
vt 0.404530 0.870030
vt 0.367100 0.893250
vt 0.417320 0.798600
vt 0.417030 0.805190
vt 0.432030 0.812190
vt 0.433010 0.821720
vt 0.433040 0.832170
vt 0.432790 0.843380
vt 0.463650 0.967320
vt 0.460270 0.966840
vt 0.305060 0.860050
vt 0.296280 0.857640
vt 0.299960 0.857220
vt 0.300540 0.860270
vt 0.292640 0.857860
vt 0.292780 0.860380
vt 0.294380 0.861190
vt 0.296730 0.863150
vt 0.431860 0.778970
vt 0.432420 0.791300
vt 0.439400 0.781210
vt 0.438900 0.794570
vt 0.399450 0.754380
vt 0.409140 0.756890
vt 0.417700 0.759090
vt 0.429370 0.761470
vt 0.438980 0.765010
vt 0.286960 0.911480
vt 0.278040 0.910190
vt 0.277890 0.901220
vt 0.286360 0.903100
vt 0.280520 0.921620
vt 0.290380 0.922150
vt 0.367430 0.905900
vt 0.376520 0.903920
vt 0.386110 0.902930
vt 0.407840 0.871280
vt 0.449750 0.770260
vt 0.304240 0.936570
vt 0.318410 0.933980
vt 0.277200 0.971890
vt 0.250960 0.949870
vt 0.269240 0.944250
vt 0.289640 0.962020
vt 0.363170 0.936210
vt 0.370840 0.937290
vt 0.379270 0.937460
vt 0.382310 0.926190
vt 0.419810 0.867140
vt 0.424540 0.866670
vt 0.423650 0.879690
vt 0.367240 0.917190
vt 0.375720 0.915800
vt 0.384580 0.914810
vt 0.420520 0.891200
vt 0.418270 0.900850
vt 0.373790 0.926740
vt 0.431600 0.877230
vt 0.428190 0.863530
vt 0.431170 0.857620
vt 0.432360 0.849810
vt 0.427700 0.892690
vt 0.393620 0.913810
vt 0.325940 0.932270
vt 0.332590 0.930390
vt 0.340230 0.927490
vt 0.345350 0.933860
vt 0.336030 0.938600
vt 0.290180 0.942800
vt 0.302720 0.953980
vt 0.314300 0.947600
vt 0.325470 0.942920
vt 0.350950 0.922610
vt 0.359200 0.919440
vt 0.402500 0.912500
vt 0.410750 0.910580
vt 0.422160 0.902730
vt 0.417600 0.907720
vt 0.453860 0.781150
vt 0.458040 0.781100
vt 0.534630 0.541010
vt 0.531940 0.546040
vt 0.528900 0.545960
vt 0.531520 0.539810
vt 0.537450 0.541720
vt 0.534880 0.546370
vt 0.534110 0.552060
vt 0.538320 0.550890
vt 0.469050 0.971740
vt 0.469490 0.974950
vt 0.309040 0.971620
vt 0.298190 0.984490
vt 0.318550 0.961790
vt 0.325040 0.955000
vt 0.333120 0.950270
vt 0.353040 0.929600
vt 0.356780 0.933810
vt 0.350690 0.940320
vt 0.342320 0.946260
vt 0.359030 0.927570
vt 0.365980 0.927090
vt 0.333610 0.957980
vt 0.338200 0.954830
vt 0.647230 0.482960
vt 0.646350 0.484720
vt 0.645280 0.485470
vt 0.645920 0.482870
vt 0.642760 0.485880
vt 0.644520 0.482900
vt 0.644270 0.485610
vt 0.271940 0.887660
vt 0.270530 0.893230
vt 0.269760 0.899450
vt 0.260990 0.897980
vt 0.250950 0.899050
vt 0.268090 0.908930
vt 0.270960 0.921320
vt 0.629790 0.413400
vt 0.629800 0.422520
vt 0.629790 0.409800
vt 0.629810 0.405400
vt 0.629770 0.407350
vt 0.250960 0.774790
vt 0.250960 0.777760
vt 0.250960 0.772160
vt 0.250960 0.769550
vt 0.250940 0.766230
vt 0.250870 0.761340
vt 0.250770 0.756630
vt 0.250780 0.752950
vt 0.250890 0.748730
vt 0.250990 0.744150
vt 0.251120 0.739170
vt 0.251110 0.734430
vt 0.251090 0.729380
vt 0.251060 0.724230
vt 0.251000 0.720150
vt 0.250990 0.884270
vt 0.250970 0.890220
vt 0.251010 0.879340
vt 0.253790 0.879590
vt 0.254310 0.875130
vt 0.254600 0.869720
vt 0.254580 0.864530
vt 0.254470 0.859350
vt 0.254830 0.852600
vt 0.254910 0.846060
vt 0.251000 0.840140
vt 0.254700 0.839990
vt 0.251020 0.846690
vt 0.250990 0.834560
vt 0.254490 0.834650
vt 0.254170 0.830380
vt 0.250990 0.830570
vt 0.253780 0.826490
vt 0.250950 0.826570
vt 0.253830 0.823240
vt 0.250950 0.823280
vt 0.253640 0.816920
vt 0.253610 0.818640
vt 0.250960 0.818650
vt 0.250980 0.817020
vt 0.250930 0.813940
vt 0.253980 0.813530
vt 0.253940 0.815250
vt 0.250990 0.815510
vt 0.252970 0.811550
vt 0.250930 0.808580
vt 0.250940 0.809770
vt 0.250960 0.893920
vt 0.256100 0.893880
vt 0.285420 0.933090
vt 0.293210 0.932090
vt 0.275520 0.933560
vt 0.253430 0.806880
vt 0.462390 0.969810
vt 0.461520 0.972110
vt 0.459490 0.969690
vt 0.458800 0.972240
vt 0.304810 0.862680
vt 0.300130 0.862450
vt 0.267790 0.983430
vt 0.264660 0.983380
vt 0.267020 0.987420
vt 0.264880 0.987100
vt 0.268940 0.982930
vt 0.268390 0.980630
vt 0.260060 0.805470
vt 0.257200 0.804820
vt 0.251010 0.804460
vt 0.253290 0.804560
vt 0.250900 0.806850
vt 0.254870 0.804610
vt 0.268290 0.823090
vt 0.256280 0.990800
vt 0.260130 0.988740
vt 0.262260 0.987550
vt 0.271340 0.832270
vt 0.272750 0.837050
vt 0.261360 0.804990
vt 0.262570 0.805020
vt 0.275740 0.981490
vt 0.273190 0.982340
vt 0.270290 0.980920
vt 0.128020 0.647450
vt 0.124050 0.661970
vt 0.111890 0.661160
vt 0.115290 0.646610
vt 0.086880 0.660690
vt 0.074390 0.658720
vt 0.075290 0.644420
vt 0.089410 0.644910
vt 0.099680 0.660440
vt 0.102500 0.645770
vt 0.059950 0.644730
vt 0.059160 0.658830
vt 0.043330 0.657660
vt 0.044000 0.643970
vt 0.027520 0.653970
vt 0.027900 0.642350
vt 0.011790 0.649690
vt 0.011780 0.640050
vt 0.118200 0.678410
vt 0.106560 0.678060
vt 0.080350 0.955430
vt 0.081090 0.944060
vt 0.093220 0.950570
vt 0.093710 0.962130
vt 0.095030 0.990050
vt 0.079610 0.983170
vt 0.079860 0.968420
vt 0.094220 0.975110
vt 0.122510 0.980700
vt 0.124290 0.994420
vt 0.109330 0.992810
vt 0.108190 0.978760
vt 0.117760 0.957700
vt 0.120180 0.968550
vt 0.106930 0.966260
vt 0.105490 0.955080
vt 0.102730 0.934320
vt 0.112940 0.936600
vt 0.115260 0.947300
vt 0.104090 0.944800
vt 0.067440 0.946190
vt 0.069560 0.935240
vt 0.063810 0.974240
vt 0.065630 0.959060
vt 0.138550 0.981170
vt 0.142280 0.994800
vt 0.130180 0.958450
vt 0.134350 0.969110
vt 0.165000 0.964070
vt 0.148960 0.967760
vt 0.141990 0.957410
vt 0.154080 0.954170
vt 0.181840 0.991410
vt 0.161670 0.993870
vt 0.155580 0.979880
vt 0.173570 0.976770
vt 0.071730 0.925400
vt 0.062950 0.914470
vt 0.066830 0.906120
vt 0.074160 0.916380
vt 0.055930 0.934350
vt 0.059380 0.923870
vt 0.048320 0.961680
vt 0.052500 0.946710
vt 0.040730 0.931000
vt 0.033420 0.944680
vt 0.050840 0.909920
vt 0.046040 0.919710
vt 0.060760 0.893640
vt 0.055790 0.901020
vt 0.045970 0.867150
vt 0.052520 0.861300
vt 0.056080 0.878870
vt 0.050170 0.885130
vt 0.038940 0.874800
vt 0.043980 0.893410
vt 0.037780 0.902690
vt 0.031440 0.883090
vt 0.028060 0.861340
vt 0.026700 0.838370
vt 0.035320 0.833180
vt 0.036180 0.854460
vt 0.010370 0.845260
vt 0.018510 0.842830
vt 0.019930 0.867330
vt 0.010980 0.872040
vt 0.023370 0.890850
vt 0.030980 0.912730
vt 0.021550 0.923700
vt 0.012690 0.898230
vt 0.050550 0.843680
vt 0.043620 0.848700
vt 0.042900 0.829340
vt 0.049760 0.825290
vt 0.213700 0.727920
vt 0.216120 0.734270
vt 0.203740 0.739560
vt 0.200230 0.733770
vt 0.227100 0.723530
vt 0.239390 0.722080
vt 0.235000 0.729700
vt 0.226060 0.731720
vt 0.235070 0.735690
vt 0.226010 0.737560
vt 0.235040 0.741070
vt 0.226710 0.742800
vt 0.219630 0.750530
vt 0.221780 0.754830
vt 0.214160 0.758770
vt 0.211670 0.754720
vt 0.217290 0.740120
vt 0.218160 0.745590
vt 0.209730 0.749950
vt 0.207010 0.745170
vt 0.196330 0.752120
vt 0.190360 0.747370
vt 0.200270 0.756230
vt 0.205660 0.763640
vt 0.203450 0.759680
vt 0.216040 0.763530
vt 0.208360 0.767310
vt 0.224190 0.759520
vt 0.229130 0.752220
vt 0.227680 0.747770
vt 0.235770 0.745960
vt 0.236040 0.750640
vt 0.230790 0.756610
vt 0.237620 0.754750
vt 0.239410 0.762650
vt 0.233520 0.764420
vt 0.232100 0.760650
vt 0.238830 0.758350
vt 0.225330 0.763350
vt 0.226810 0.766800
vt 0.219580 0.769670
vt 0.217950 0.766690
vt 0.212870 0.772240
vt 0.210640 0.770250
vt 0.228180 0.774300
vt 0.228450 0.775490
vt 0.222140 0.776490
vt 0.221860 0.775210
vt 0.234550 0.773050
vt 0.240340 0.772530
vt 0.239670 0.774820
vt 0.234170 0.775080
vt 0.242730 0.788510
vt 0.239190 0.788160
vt 0.239520 0.785670
vt 0.242860 0.785940
vt 0.231170 0.784360
vt 0.235690 0.785110
vt 0.235270 0.787530
vt 0.230850 0.786710
vt 0.225550 0.786050
vt 0.220170 0.785120
vt 0.220190 0.783540
vt 0.225470 0.783870
vt 0.214900 0.784180
vt 0.215590 0.782840
vt 0.211790 0.787350
vt 0.217860 0.788920
vt 0.215520 0.792440
vt 0.209040 0.790610
vt 0.227800 0.795080
vt 0.229490 0.791840
vt 0.234220 0.792920
vt 0.233220 0.795990
vt 0.238080 0.796220
vt 0.238820 0.793540
vt 0.242540 0.794190
vt 0.241850 0.796390
vt 0.182870 0.796340
vt 0.189170 0.802050
vt 0.185320 0.805700
vt 0.177500 0.799300
vt 0.191810 0.790260
vt 0.196480 0.794330
vt 0.192630 0.798230
vt 0.187310 0.793370
vt 0.210230 0.801140
vt 0.202400 0.798530
vt 0.206040 0.794280
vt 0.212740 0.797060
vt 0.240600 0.800890
vt 0.236460 0.800810
vt 0.237210 0.798890
vt 0.241320 0.799140
vt 0.226160 0.799330
vt 0.232060 0.799300
vt 0.230900 0.801910
vt 0.224800 0.802170
vt 0.197340 0.805760
vt 0.193680 0.810520
vt 0.242550 0.811290
vt 0.239620 0.811830
vt 0.237380 0.809190
vt 0.239230 0.808530
vt 0.242080 0.823280
vt 0.245200 0.823220
vt 0.244780 0.826630
vt 0.241150 0.826590
vt 0.238070 0.823200
vt 0.237320 0.826200
vt 0.206340 0.822430
vt 0.208830 0.817550
vt 0.212730 0.818510
vt 0.213220 0.824060
vt 0.234510 0.838620
vt 0.235260 0.833520
vt 0.239620 0.834140
vt 0.238900 0.839250
vt 0.240300 0.830170
vt 0.236290 0.829600
vt 0.244200 0.830410
vt 0.243670 0.834560
vt 0.243100 0.839680
vt 0.242660 0.851930
vt 0.237590 0.851290
vt 0.238150 0.844850
vt 0.242730 0.845470
vt 0.157700 0.894980
vt 0.160060 0.888910
vt 0.170500 0.893180
vt 0.168890 0.899230
vt 0.243200 0.864550
vt 0.237330 0.864300
vt 0.237030 0.858650
vt 0.242940 0.858720
vt 0.163850 0.878300
vt 0.171820 0.881680
vt 0.171360 0.887630
vt 0.162340 0.883870
vt 0.185850 0.884650
vt 0.178950 0.883510
vt 0.178290 0.878080
vt 0.185130 0.879150
vt 0.164200 0.873310
vt 0.172140 0.876660
vt 0.158880 0.870440
vt 0.157090 0.874160
vt 0.159640 0.867060
vt 0.164960 0.870220
vt 0.171800 0.873020
vt 0.177750 0.874070
vt 0.184080 0.875140
vt 0.165120 0.864160
vt 0.165410 0.865880
vt 0.160320 0.863550
vt 0.160440 0.862310
vt 0.170360 0.865870
vt 0.170960 0.868050
vt 0.183120 0.870750
vt 0.177360 0.869800
vt 0.177070 0.867850
vt 0.182590 0.869080
vt 0.196160 0.869850
vt 0.197070 0.871430
vt 0.189710 0.871550
vt 0.189020 0.869750
vt 0.191580 0.876150
vt 0.199200 0.875560
vt 0.201420 0.879650
vt 0.193160 0.880010
vt 0.206730 0.866440
vt 0.207250 0.868200
vt 0.202900 0.869850
vt 0.201960 0.868410
vt 0.240390 0.766570
vt 0.234430 0.767930
vt 0.227660 0.769860
vt 0.220690 0.771850
vt 0.213930 0.773560
vt 0.213910 0.785420
vt 0.219620 0.787010
vt 0.234900 0.790280
vt 0.230350 0.789450
vt 0.238930 0.790840
vt 0.242630 0.791110
vt 0.204840 0.874320
vt 0.210370 0.872320
vt 0.214680 0.875940
vt 0.207640 0.878030
vt 0.242740 0.813920
vt 0.239790 0.814260
vt 0.236400 0.811780
vt 0.235480 0.809230
vt 0.236150 0.814040
vt 0.232160 0.828590
vt 0.232880 0.825710
vt 0.219700 0.833750
vt 0.221470 0.829780
vt 0.225800 0.831270
vt 0.224410 0.835550
vt 0.228190 0.824830
vt 0.227190 0.827200
vt 0.222940 0.826310
vt 0.223940 0.823940
vt 0.224840 0.821440
vt 0.229200 0.822250
vt 0.231690 0.810570
vt 0.233770 0.811490
vt 0.232780 0.813530
vt 0.230130 0.812210
vt 0.232970 0.808210
vt 0.234060 0.808810
vt 0.244420 0.809690
vt 0.240670 0.807940
vt 0.232740 0.804160
vt 0.231390 0.805410
vt 0.227750 0.805950
vt 0.228610 0.804720
vt 0.245140 0.808210
vt 0.248660 0.808490
vt 0.248060 0.809820
vt 0.245410 0.812060
vt 0.245320 0.814390
vt 0.228000 0.987450
vt 0.230500 0.987270
vt 0.230950 0.990080
vt 0.228840 0.991650
vt 0.245720 0.976330
vt 0.249070 0.980680
vt 0.243920 0.981160
vt 0.241680 0.978570
vt 0.249560 0.984480
vt 0.244640 0.984790
vt 0.243410 0.995230
vt 0.238190 0.997020
vt 0.238460 0.993500
vt 0.241880 0.992990
vt 0.232590 0.995060
vt 0.233150 0.992000
vt 0.232040 0.850220
vt 0.233230 0.843910
vt 0.185010 0.761670
vt 0.178540 0.758410
vt 0.190110 0.764780
vt 0.194300 0.767100
vt 0.198430 0.769030
vt 0.202310 0.771320
vt 0.185950 0.780880
vt 0.188850 0.774830
vt 0.193420 0.775310
vt 0.191590 0.780660
vt 0.183750 0.773690
vt 0.180590 0.781250
vt 0.173290 0.781650
vt 0.177600 0.772210
vt 0.165510 0.781390
vt 0.170590 0.770710
vt 0.179070 0.895740
vt 0.178050 0.902630
vt 0.179520 0.889990
vt 0.088990 0.695780
vt 0.100240 0.695300
vt 0.093870 0.713000
vt 0.082790 0.714610
vt 0.065560 0.696200
vt 0.077450 0.696410
vt 0.071890 0.715830
vt 0.060900 0.716040
vt 0.039060 0.693780
vt 0.052770 0.695460
vt 0.049060 0.716900
vt 0.035570 0.715590
vt 0.023600 0.713800
vt 0.011300 0.711980
vt 0.011810 0.688020
vt 0.025470 0.691430
vt 0.094710 0.678180
vt 0.082760 0.677860
vt 0.070190 0.676940
vt 0.056180 0.676080
vt 0.041580 0.674510
vt 0.026620 0.671030
vt 0.011800 0.665780
vt 0.166650 0.907890
vt 0.175010 0.910440
vt 0.172480 0.919750
vt 0.164690 0.916380
vt 0.154540 0.912720
vt 0.156390 0.903490
vt 0.142810 0.909310
vt 0.144240 0.899020
vt 0.172900 0.848720
vt 0.172560 0.853640
vt 0.165730 0.853540
vt 0.165460 0.850100
vt 0.180730 0.849240
vt 0.179360 0.854580
vt 0.150810 0.867400
vt 0.153890 0.865090
vt 0.160440 0.856180
vt 0.158020 0.857530
vt 0.155760 0.855790
vt 0.159640 0.852930
vt 0.225950 0.847400
vt 0.227680 0.842100
vt 0.177810 0.858260
vt 0.172550 0.857540
vt 0.165910 0.856700
vt 0.176800 0.865830
vt 0.176420 0.863570
vt 0.180910 0.864360
vt 0.182060 0.866740
vt 0.160490 0.860970
vt 0.160070 0.859740
vt 0.164070 0.860900
vt 0.164190 0.862400
vt 0.170140 0.862240
vt 0.169950 0.864040
vt 0.201140 0.866890
vt 0.200430 0.865330
vt 0.205310 0.864190
vt 0.206240 0.865030
vt 0.187720 0.867440
vt 0.186890 0.865400
vt 0.193860 0.865730
vt 0.194940 0.867780
vt 0.161540 0.858330
vt 0.233980 0.986430
vt 0.235050 0.987670
vt 0.240420 0.983820
vt 0.239090 0.982630
vt 0.240740 0.985630
vt 0.238230 0.989430
vt 0.239430 0.988970
vt 0.620880 0.446740
vt 0.624800 0.444830
vt 0.624090 0.451100
vt 0.620830 0.450470
vt 0.228060 0.777700
vt 0.222210 0.778030
vt 0.233470 0.777670
vt 0.238550 0.777710
vt 0.057820 0.820690
vt 0.057480 0.838830
vt 0.058780 0.855840
vt 0.061500 0.873070
vt 0.100960 0.923180
vt 0.092590 0.930300
vt 0.091860 0.920090
vt 0.110390 0.925100
vt 0.081920 0.934040
vt 0.092910 0.940370
vt 0.126130 0.948090
vt 0.144440 0.945180
vt 0.135780 0.947500
vt 0.185270 0.912740
vt 0.181270 0.922350
vt 0.187430 0.897630
vt 0.187050 0.904630
vt 0.187020 0.891680
vt 0.186220 0.855700
vt 0.185040 0.859730
vt 0.187980 0.850330
vt 0.223920 0.790550
vt 0.222080 0.794020
vt 0.224980 0.788340
vt 0.183620 0.743450
vt 0.075680 0.621060
vt 0.060630 0.621130
vt 0.061900 0.608510
vt 0.074160 0.608870
vt 0.087730 0.609130
vt 0.089880 0.620970
vt 0.090030 0.632930
vt 0.075500 0.632970
vt 0.060200 0.632910
vt 0.103480 0.633160
vt 0.103310 0.621160
vt 0.101130 0.608750
vt 0.045080 0.620800
vt 0.044460 0.632780
vt 0.046710 0.607880
vt 0.028220 0.633270
vt 0.028280 0.621560
vt 0.027900 0.609660
vt 0.011780 0.633260
vt 0.011670 0.621420
vt 0.012260 0.608280
vt 0.113810 0.609370
vt 0.116810 0.621840
vt 0.116840 0.633840
vt 0.159990 0.623370
vt 0.158970 0.636430
vt 0.144320 0.635940
vt 0.144980 0.622970
vt 0.130320 0.634690
vt 0.130620 0.622470
vt 0.175060 0.622920
vt 0.174150 0.636130
vt 0.162450 0.768730
vt 0.157690 0.781040
vt 0.171150 0.755150
vt 0.174040 0.737490
vt 0.161520 0.753040
vt 0.189770 0.635800
vt 0.190070 0.622630
vt 0.048630 0.791980
vt 0.049390 0.807480
vt 0.042770 0.810210
vt 0.042980 0.792610
vt 0.037460 0.791110
vt 0.035990 0.812950
vt 0.027360 0.815830
vt 0.027720 0.793490
vt 0.018810 0.796330
vt 0.018060 0.818880
vt 0.009670 0.820400
vt 0.010760 0.798110
vt 0.054920 0.786640
vt 0.057410 0.802590
vt 0.210490 0.863560
vt 0.210940 0.865290
vt 0.207540 0.862350
vt 0.209720 0.862000
vt 0.207760 0.859310
vt 0.206760 0.860640
vt 0.204930 0.862170
vt 0.203970 0.860670
vt 0.222430 0.872370
vt 0.215010 0.869400
vt 0.245520 0.806680
vt 0.241740 0.807270
vt 0.241980 0.806330
vt 0.233180 0.977990
vt 0.231680 0.980150
vt 0.228890 0.979060
vt 0.230570 0.976280
vt 0.234610 0.977720
vt 0.234040 0.975090
vt 0.238360 0.974010
vt 0.238670 0.977210
vt 0.236990 0.981310
vt 0.155530 0.863080
vt 0.229430 0.856710
vt 0.231400 0.863340
vt 0.224160 0.862680
vt 0.222190 0.858250
vt 0.198800 0.852390
vt 0.197430 0.856750
vt 0.192020 0.856320
vt 0.193560 0.851300
vt 0.203340 0.886000
vt 0.194200 0.885760
vt 0.219020 0.882780
vt 0.211380 0.884890
vt 0.204900 0.892760
vt 0.195460 0.892850
vt 0.238150 0.870130
vt 0.243220 0.869900
vt 0.243740 0.876620
vt 0.237450 0.877590
vt 0.221080 0.890020
vt 0.213600 0.891450
vt 0.225110 0.867310
vt 0.232550 0.869900
vt 0.229670 0.878490
vt 0.238020 0.885960
vt 0.245490 0.884190
vt 0.245170 0.890440
vt 0.239160 0.891630
vt 0.172950 0.843130
vt 0.181700 0.843650
vt 0.165160 0.844660
vt 0.222680 0.840210
vt 0.220820 0.844910
vt 0.216290 0.842760
vt 0.218120 0.838410
vt 0.153450 0.852850
vt 0.158390 0.847710
vt 0.218690 0.855270
vt 0.223330 0.852310
vt 0.207800 0.833980
vt 0.205200 0.838630
vt 0.199210 0.836490
vt 0.201310 0.831590
vt 0.201000 0.847860
vt 0.195680 0.846270
vt 0.210900 0.840790
vt 0.213120 0.836240
vt 0.191440 0.839550
vt 0.189830 0.845080
vt 0.182990 0.837770
vt 0.202970 0.843220
vt 0.197420 0.841370
vt 0.215140 0.852730
vt 0.210990 0.850930
vt 0.213860 0.847000
vt 0.218300 0.849190
vt 0.206010 0.849410
vt 0.208490 0.845080
vt 0.208410 0.854620
vt 0.203730 0.853430
vt 0.186000 0.826170
vt 0.194360 0.828980
vt 0.192940 0.834250
vt 0.184840 0.831850
vt 0.202880 0.924090
vt 0.191890 0.923920
vt 0.194960 0.913590
vt 0.205160 0.913170
vt 0.240710 0.920980
vt 0.241450 0.908250
vt 0.134810 0.878010
vt 0.141460 0.873010
vt 0.150390 0.883040
vt 0.146420 0.889420
vt 0.154360 0.878970
vt 0.146950 0.870780
vt 0.216180 0.776620
vt 0.215420 0.775720
vt 0.197020 0.786810
vt 0.200800 0.790610
vt 0.204960 0.782950
vt 0.207390 0.785240
vt 0.204360 0.787520
vt 0.201650 0.784580
vt 0.207560 0.774820
vt 0.205360 0.773530
vt 0.209140 0.775490
vt 0.197860 0.776070
vt 0.196530 0.779790
vt 0.215870 0.778210
vt 0.017750 0.540940
vt 0.025610 0.524710
vt 0.028900 0.527080
vt 0.022300 0.542950
vt 0.035260 0.590140
vt 0.024750 0.583540
vt 0.029190 0.580220
vt 0.037610 0.585880
vt 0.069650 0.582660
vt 0.060010 0.589510
vt 0.057940 0.585650
vt 0.066880 0.579970
vt 0.081400 0.863000
vt 0.081680 0.856630
vt 0.085130 0.855640
vt 0.085650 0.860910
vt 0.077050 0.562170
vt 0.082190 0.563540
vt 0.077580 0.573580
vt 0.073660 0.571320
vt 0.089190 0.853390
vt 0.084260 0.549120
vt 0.079140 0.550190
vt 0.078410 0.538970
vt 0.082710 0.537490
vt 0.034860 0.513310
vt 0.037750 0.510770
vt 0.039610 0.514580
vt 0.037010 0.516730
vt 0.196520 0.905150
vt 0.206150 0.905110
vt 0.018660 0.573660
vt 0.015730 0.559670
vt 0.020280 0.560350
vt 0.023290 0.572450
vt 0.166640 0.662060
vt 0.150800 0.663000
vt 0.155890 0.649660
vt 0.171780 0.649310
vt 0.185890 0.661220
vt 0.188470 0.648450
vt 0.211040 0.829240
vt 0.203720 0.826840
vt 0.187940 0.820500
vt 0.196300 0.823870
vt 0.152010 0.768070
vt 0.111360 0.695220
vt 0.104610 0.712040
vt 0.136960 0.662820
vt 0.143520 0.678680
vt 0.130400 0.678590
vt 0.157990 0.678250
vt 0.172830 0.677480
vt 0.123560 0.821380
vt 0.123370 0.812790
vt 0.134470 0.811300
vt 0.134240 0.820350
vt 0.113080 0.822630
vt 0.112770 0.814620
vt 0.113880 0.831140
vt 0.115260 0.839890
vt 0.104050 0.839390
vt 0.103000 0.831110
vt 0.058860 0.508980
vt 0.069530 0.516880
vt 0.067320 0.520030
vt 0.059260 0.514340
vt 0.049410 0.507770
vt 0.051060 0.511600
vt 0.078420 0.526380
vt 0.074880 0.528020
vt 0.074110 0.521770
vt 0.071210 0.524140
vt 0.041410 0.508230
vt 0.043470 0.512100
vt 0.102600 0.823800
vt 0.101600 0.816760
vt 0.143850 0.608230
vt 0.159920 0.607890
vt 0.127670 0.608870
vt 0.175190 0.607790
vt 0.189130 0.607780
vt 0.202320 0.607970
vt 0.205690 0.623100
vt 0.205570 0.635560
vt 0.204870 0.647260
vt 0.204340 0.657770
vt 0.189310 0.690170
vt 0.176280 0.691940
vt 0.184070 0.678650
vt 0.195600 0.677920
vt 0.141540 0.648740
vt 0.064650 0.849890
vt 0.066080 0.865260
vt 0.063080 0.822250
vt 0.063790 0.834920
vt 0.074960 0.859310
vt 0.073240 0.854040
vt 0.078220 0.848830
vt 0.078360 0.851650
vt 0.072360 0.848060
vt 0.071870 0.841220
vt 0.078980 0.839300
vt 0.078310 0.845280
vt 0.207200 0.781730
vt 0.209310 0.783760
vt 0.212610 0.776950
vt 0.211330 0.776460
vt 0.204910 0.776660
vt 0.207180 0.776720
vt 0.206430 0.778330
vt 0.204000 0.778700
vt 0.202100 0.776430
vt 0.200990 0.779120
vt 0.617560 0.447600
vt 0.618280 0.450370
vt 0.212750 0.778240
vt 0.236200 0.646430
vt 0.235910 0.658200
vt 0.235650 0.669530
vt 0.234950 0.681190
vt 0.221930 0.636140
vt 0.220770 0.622140
vt 0.235270 0.621620
vt 0.236180 0.634790
vt 0.221220 0.646270
vt 0.219540 0.659520
vt 0.219520 0.683280
vt 0.204090 0.686880
vt 0.207850 0.676110
vt 0.221380 0.671900
vt 0.234170 0.692600
vt 0.215980 0.608430
vt 0.217010 0.695170
vt 0.232260 0.608970
vt 0.195660 0.726230
vt 0.213290 0.718670
vt 0.233760 0.713580
vt 0.195390 0.717000
vt 0.213340 0.710650
vt 0.232520 0.706460
vt 0.215370 0.781280
vt 0.219550 0.781820
vt 0.224530 0.782000
vt 0.235410 0.782850
vt 0.230370 0.782360
vt 0.239350 0.783320
vt 0.242880 0.783530
vt 0.623830 0.406150
vt 0.624180 0.408040
vt 0.622220 0.409010
vt 0.622020 0.406990
vt 0.234780 0.780580
vt 0.238830 0.780700
vt 0.229900 0.780410
vt 0.620050 0.410770
vt 0.620150 0.408530
vt 0.242490 0.780710
vt 0.625830 0.405680
vt 0.626050 0.407560
vt 0.617880 0.412400
vt 0.618390 0.410280
vt 0.616510 0.412790
vt 0.617230 0.411000
vt 0.622290 0.411890
vt 0.622610 0.415490
vt 0.619670 0.416610
vt 0.619930 0.413740
vt 0.624330 0.410560
vt 0.624950 0.414350
vt 0.626210 0.409880
vt 0.626700 0.413620
vt 0.625270 0.493380
vt 0.625160 0.490580
vt 0.626470 0.490660
vt 0.626530 0.493630
vt 0.623470 0.492800
vt 0.623360 0.489990
vt 0.621690 0.492180
vt 0.621570 0.489140
vt 0.617020 0.414380
vt 0.616210 0.416970
vt 0.613810 0.416420
vt 0.615130 0.414390
vt 0.625730 0.422450
vt 0.625640 0.434350
vt 0.622240 0.434980
vt 0.623040 0.422300
vt 0.623220 0.477840
vt 0.622340 0.463810
vt 0.625050 0.464460
vt 0.625310 0.478480
vt 0.620880 0.476680
vt 0.620680 0.462640
vt 0.619050 0.435970
vt 0.619910 0.422830
vt 0.627520 0.478670
vt 0.627830 0.421910
vt 0.614580 0.474490
vt 0.616970 0.461870
vt 0.618180 0.475400
vt 0.614740 0.436850
vt 0.616190 0.422740
vt 0.611950 0.422370
vt 0.610530 0.437860
vt 0.607390 0.440770
vt 0.606180 0.426470
vt 0.610010 0.471180
vt 0.612250 0.457970
vt 0.623730 0.486580
vt 0.625170 0.486950
vt 0.621990 0.485970
vt 0.617880 0.483530
vt 0.619820 0.484720
vt 0.612080 0.415710
vt 0.626300 0.486620
vt 0.615010 0.448960
vt 0.176620 0.860450
vt 0.171120 0.859620
vt 0.165520 0.858940
vt 0.014550 0.993030
vt 0.015830 0.989640
vt 0.018590 0.989770
vt 0.018600 0.994020
vt 0.006780 0.982160
vt 0.008850 0.981950
vt 0.010970 0.985230
vt 0.009660 0.988920
vt 0.037050 0.986110
vt 0.033470 0.983720
vt 0.037050 0.978850
vt 0.039770 0.976170
vt 0.022570 0.995000
vt 0.023120 0.990920
vt 0.029050 0.987830
vt 0.031030 0.992420
vt 0.162810 0.859190
vt 0.161510 0.859770
vt 0.036740 0.975360
vt 0.039460 0.973740
vt 0.183720 0.861800
vt 0.016780 0.959210
vt 0.016820 0.962690
vt 0.012290 0.967790
vt 0.009450 0.965340
vt 0.010930 0.971320
vt 0.007270 0.971230
vt 0.017150 0.984710
vt 0.007250 0.977290
vt 0.009690 0.975540
vt 0.010640 0.978810
vt 0.012960 0.982430
vt 0.030410 0.981890
vt 0.033200 0.976120
vt 0.022300 0.985980
vt 0.025510 0.984630
vt 0.007160 0.975110
vt 0.025380 0.957890
vt 0.025870 0.961470
vt 0.018960 0.970050
vt 0.016780 0.972040
vt 0.014640 0.972940
vt 0.012540 0.975740
vt 0.013160 0.977490
vt 0.015610 0.978710
vt 0.020240 0.978480
vt 0.022300 0.977660
vt 0.017990 0.979100
vt 0.021710 0.969080
vt 0.024970 0.969260
vt 0.025270 0.976890
vt 0.071340 0.561420
vt 0.071720 0.550770
vt 0.074590 0.549270
vt 0.073780 0.561630
vt 0.031760 0.516430
vt 0.034110 0.519890
vt 0.071060 0.570220
vt 0.069100 0.569110
vt 0.063780 0.575880
vt 0.065120 0.577800
vt 0.056840 0.582970
vt 0.056460 0.580870
vt 0.039290 0.583120
vt 0.031690 0.578170
vt 0.033400 0.575970
vt 0.040210 0.580560
vt 0.045120 0.523040
vt 0.042510 0.524880
vt 0.039140 0.520780
vt 0.042020 0.518590
vt 0.031930 0.529510
vt 0.037210 0.523040
vt 0.041120 0.526440
vt 0.035350 0.531960
vt 0.029370 0.544520
vt 0.026160 0.543760
vt 0.026800 0.559010
vt 0.028830 0.568520
vt 0.026220 0.570660
vt 0.023970 0.559710
vt 0.073330 0.539070
vt 0.052930 0.540470
vt 0.054720 0.545300
vt 0.050580 0.548530
vt 0.047490 0.542390
vt 0.047080 0.550950
vt 0.043320 0.544350
vt 0.032020 0.544840
vt 0.030270 0.558060
vt 0.070400 0.529950
vt 0.052150 0.515450
vt 0.045540 0.516250
vt 0.052970 0.520780
vt 0.048390 0.521650
vt 0.059320 0.517540
vt 0.058890 0.521840
vt 0.032090 0.565660
vt 0.054960 0.553500
vt 0.051450 0.555960
vt 0.064410 0.537140
vt 0.063060 0.533440
vt 0.065980 0.531300
vt 0.067070 0.534780
vt 0.066250 0.522710
vt 0.063810 0.525820
vt 0.068380 0.526440
vt 0.064920 0.528640
vt 0.062310 0.531270
vt 0.037360 0.534770
vt 0.043350 0.537230
vt 0.047160 0.536690
vt 0.059770 0.533950
vt 0.060020 0.532490
vt 0.061530 0.528980
vt 0.058830 0.527080
vt 0.058600 0.530240
vt 0.060290 0.530940
vt 0.054600 0.526800
vt 0.054030 0.530580
vt 0.049340 0.533190
vt 0.046340 0.531020
vt 0.049570 0.529080
vt 0.048160 0.530080
vt 0.051300 0.527780
vt 0.050960 0.532030
vt 0.052290 0.536700
vt 0.061910 0.538250
vt 0.057990 0.540040
vt 0.054710 0.535820
vt 0.062980 0.794540
vt 0.063470 0.803280
vt 0.074710 0.819680
vt 0.076010 0.811670
vt 0.082880 0.810880
vt 0.080970 0.818360
vt 0.081170 0.804660
vt 0.084880 0.805190
vt 0.083780 0.808290
vt 0.219870 0.798580
vt 0.234930 0.770770
vt 0.240420 0.770010
vt 0.228330 0.772050
vt 0.221300 0.773590
vt 0.214440 0.774750
vt 0.210250 0.776150
vt 0.204610 0.815240
vt 0.199750 0.819220
vt 0.190510 0.815160
vt 0.218340 0.802370
vt 0.205030 0.809840
vt 0.033250 0.960980
vt 0.031800 0.963500
vt 0.191060 0.860140
vt 0.190460 0.862920
vt 0.223820 0.780080
vt 0.620100 0.488350
vt 0.619970 0.491450
vt 0.210060 0.780690
vt 0.211770 0.782030
vt 0.210800 0.782990
vt 0.208790 0.780960
vt 0.209920 0.777050
vt 0.209570 0.778070
vt 0.208260 0.778110
vt 0.208800 0.776840
vt 0.211010 0.777410
vt 0.210680 0.778170
vt 0.212590 0.780940
vt 0.211000 0.780150
vt 0.212020 0.778480
vt 0.615710 0.412140
vt 0.616450 0.411100
vt 0.614050 0.413760
vt 0.211980 0.778600
vt 0.212090 0.779280
vt 0.212990 0.779480
vt 0.614450 0.488590
vt 0.614010 0.487440
vt 0.614100 0.487060
vt 0.614670 0.488570
vt 0.218880 0.779910
vt 0.215210 0.779650
vt 0.615350 0.488740
vt 0.614820 0.487440
vt 0.615750 0.487430
vt 0.616060 0.489120
vt 0.617050 0.487860
vt 0.618440 0.488370
vt 0.618390 0.490540
vt 0.617130 0.489720
vt 0.242720 0.816300
vt 0.245620 0.816590
vt 0.245650 0.818570
vt 0.242640 0.818520
vt 0.239370 0.816450
vt 0.239030 0.818480
vt 0.235060 0.818290
vt 0.235540 0.816210
vt 0.228100 0.814440
vt 0.231590 0.815690
vt 0.230980 0.817830
vt 0.226770 0.816980
vt 0.228950 0.807790
vt 0.230450 0.809610
vt 0.228010 0.810760
vt 0.225970 0.808710
vt 0.232960 0.807060
vt 0.232960 0.807620
vt 0.230570 0.807620
vt 0.235320 0.996010
vt 0.236030 0.992880
vt 0.218590 0.808940
vt 0.214960 0.812290
vt 0.211720 0.811960
vt 0.217030 0.806710
vt 0.223150 0.807300
vt 0.220190 0.813950
vt 0.222590 0.811050
vt 0.225320 0.812940
vt 0.223490 0.815730
vt 0.217230 0.813230
vt 0.219740 0.810240
vt 0.220440 0.822930
vt 0.217860 0.821380
vt 0.217880 0.819100
vt 0.220950 0.820530
vt 0.217150 0.821780
vt 0.215740 0.818980
vt 0.219260 0.824670
vt 0.217070 0.827800
vt 0.235730 0.989170
vt 0.236770 0.989570
vt 0.236360 0.987120
vt 0.236250 0.986140
vt 0.238170 0.986030
vt 0.238210 0.987170
vt 0.178520 0.816670
vt 0.176300 0.823210
vt 0.181130 0.810510
vt 0.169750 0.803810
vt 0.178870 0.788660
vt 0.171620 0.790440
vt 0.184410 0.786800
vt 0.190520 0.785190
vt 0.195660 0.783340
vt 0.200680 0.782000
vt 0.203960 0.780770
vt 0.206390 0.779890
vt 0.209510 0.778990
vt 0.208150 0.779280
vt 0.210590 0.778870
vt 0.211940 0.778770
vt 0.614960 0.488550
vt 0.147430 0.781010
vt 0.156010 0.792240
vt 0.156350 0.802470
vt 0.145470 0.802270
vt 0.145590 0.792120
vt 0.134750 0.802550
vt 0.134790 0.792800
vt 0.123350 0.803970
vt 0.123680 0.794540
vt 0.112530 0.806340
vt 0.112850 0.797200
vt 0.101490 0.809870
vt 0.101560 0.801450
vt 0.116960 0.775240
vt 0.114290 0.786800
vt 0.103550 0.790720
vt 0.105920 0.778750
vt 0.136270 0.781970
vt 0.140450 0.769130
vt 0.124780 0.784200
vt 0.127670 0.771990
vt 0.121570 0.760820
vt 0.133730 0.757740
vt 0.149290 0.753500
vt 0.148640 0.694840
vt 0.134990 0.695600
vt 0.122790 0.695400
vt 0.162980 0.693240
vt 0.143840 0.733370
vt 0.159010 0.729280
vt 0.155530 0.741070
vt 0.140290 0.744490
vt 0.127030 0.747290
vt 0.132210 0.735090
vt 0.113020 0.750960
vt 0.109200 0.764670
vt 0.093150 0.822720
vt 0.092220 0.830530
vt 0.093040 0.818620
vt 0.092940 0.814280
vt 0.092160 0.806580
vt 0.095480 0.795030
vt 0.097340 0.781870
vt 0.175820 0.724690
vt 0.232360 0.700320
vt 0.199830 0.699010
vt 0.182860 0.703160
vt 0.167930 0.706760
vt 0.141250 0.711060
vt 0.127460 0.711900
vt 0.115710 0.711740
vt 0.154320 0.709320
vt 0.109670 0.727030
vt 0.121800 0.725590
vt 0.117670 0.737850
vt 0.105480 0.740500
vt 0.135660 0.723780
vt 0.148330 0.721730
vt 0.214350 0.704070
vt 0.163090 0.718000
vt 0.178530 0.713690
vt 0.197100 0.708390
vt 0.210460 0.666800
vt 0.201530 0.666900
vt 0.190990 0.668720
vt 0.089260 0.798160
vt 0.089680 0.785340
vt 0.083810 0.787310
vt 0.083710 0.773810
vt 0.090920 0.770550
vt 0.043200 0.750620
vt 0.040920 0.770700
vt 0.029040 0.772410
vt 0.030240 0.752750
vt 0.019540 0.774920
vt 0.020220 0.754540
vt 0.010450 0.777080
vt 0.010000 0.756720
vt 0.032460 0.734720
vt 0.045000 0.735040
vt 0.021560 0.734660
vt 0.010240 0.735220
vt 0.147450 0.859150
vt 0.151180 0.859050
vt 0.120390 0.862790
vt 0.129540 0.861510
vt 0.122460 0.877010
vt 0.098490 0.728780
vt 0.094950 0.742650
vt 0.057110 0.732970
vt 0.068050 0.731870
vt 0.065090 0.748020
vt 0.054380 0.750160
vt 0.078470 0.730950
vt 0.075250 0.745900
vt 0.085990 0.744760
vt 0.088710 0.730150
vt 0.091950 0.838320
vt 0.104600 0.889600
vt 0.106560 0.902110
vt 0.097850 0.901580
vt 0.095940 0.889990
vt 0.102030 0.875910
vt 0.092960 0.878060
vt 0.084790 0.879580
vt 0.088100 0.890600
vt 0.065030 0.887140
vt 0.070830 0.898840
vt 0.089970 0.901070
vt 0.076770 0.908610
vt 0.083620 0.915420
vt 0.082810 0.924370
vt 0.079680 0.789360
vt 0.078980 0.771810
vt 0.075020 0.789470
vt 0.074830 0.773370
vt 0.079870 0.828930
vt 0.072920 0.830320
vt 0.165760 0.867900
vt 0.160330 0.865230
vt 0.171570 0.869750
vt 0.177370 0.871420
vt 0.183320 0.872470
vt 0.197820 0.872500
vt 0.190360 0.873120
vt 0.207370 0.869530
vt 0.203520 0.871530
vt 0.210740 0.867230
vt 0.157030 0.860120
vt 0.154890 0.858230
vt 0.157160 0.858730
vt 0.157070 0.862050
vt 0.248370 0.802140
vt 0.244620 0.802550
vt 0.244840 0.799660
vt 0.248140 0.799550
vt 0.245190 0.796460
vt 0.248200 0.796430
vt 0.245740 0.794140
vt 0.248560 0.794060
vt 0.250980 0.794120
vt 0.248550 0.791000
vt 0.250970 0.790830
vt 0.248460 0.788410
vt 0.250990 0.788390
vt 0.248540 0.785970
vt 0.250980 0.785950
vt 0.248630 0.783630
vt 0.250970 0.783770
vt 0.248270 0.780680
vt 0.250960 0.780650
vt 0.628680 0.491010
vt 0.629800 0.491190
vt 0.629810 0.494000
vt 0.628720 0.493920
vt 0.628580 0.486710
vt 0.629780 0.486780
vt 0.629800 0.478820
vt 0.628030 0.413320
vt 0.627930 0.409600
vt 0.627900 0.405460
vt 0.627870 0.407180
vt 0.245340 0.774830
vt 0.244620 0.777720
vt 0.245690 0.772320
vt 0.245630 0.769660
vt 0.245860 0.766200
vt 0.246210 0.761620
vt 0.245680 0.757060
vt 0.245420 0.753410
vt 0.244510 0.749180
vt 0.243900 0.744640
vt 0.243230 0.734900
vt 0.243370 0.739930
vt 0.243080 0.729570
vt 0.244560 0.724620
vt 0.242040 0.716300
vt 0.239520 0.802870
vt 0.235410 0.803330
vt 0.222960 0.806420
vt 0.208230 0.805270
vt 0.166780 0.820980
vt 0.156100 0.820070
vt 0.156420 0.811110
vt 0.168200 0.812530
vt 0.144920 0.819890
vt 0.145280 0.810720
vt 0.134580 0.829820
vt 0.124240 0.830440
vt 0.149500 0.850380
vt 0.156000 0.840900
vt 0.222870 0.895070
vt 0.214130 0.896890
vt 0.205590 0.898240
vt 0.195580 0.898230
vt 0.117700 0.850270
vt 0.106990 0.850400
vt 0.096050 0.848810
vt 0.212410 0.860190
vt 0.216070 0.859470
vt 0.217460 0.862240
vt 0.213520 0.861870
vt 0.211290 0.858990
vt 0.214370 0.857590
vt 0.212360 0.855790
vt 0.213890 0.863330
vt 0.218260 0.866040
vt 0.213150 0.865480
vt 0.174070 0.836830
vt 0.165250 0.837590
vt 0.143050 0.860270
vt 0.143170 0.849140
vt 0.136770 0.859990
vt 0.135270 0.849170
vt 0.109270 0.862900
vt 0.100280 0.862280
vt 0.145030 0.829570
vt 0.175520 0.830040
vt 0.165950 0.829430
vt 0.155900 0.829810
vt 0.164720 0.792080
vt 0.144890 0.839120
vt 0.199690 0.802590
vt 0.134820 0.839010
vt 0.125000 0.839340
vt 0.126740 0.849390
vt 0.035810 0.571960
vt 0.060120 0.556640
vt 0.056890 0.559580
vt 0.078050 0.862220
vt 0.079740 0.854090
vt 0.046930 0.592220
vt 0.047230 0.587630
vt 0.047310 0.584540
vt 0.047570 0.581890
vt 0.112120 0.876710
vt 0.090850 0.847500
vt 0.095850 0.862040
vt 0.091840 0.864820
vt 0.060420 0.545590
vt 0.066820 0.566570
vt 0.068180 0.560490
vt 0.064400 0.558740
vt 0.062200 0.562720
vt 0.068910 0.551540
vt 0.062170 0.573320
vt 0.055340 0.578080
vt 0.038480 0.562260
vt 0.041760 0.568360
vt 0.035950 0.555470
vt 0.035450 0.544670
vt 0.041190 0.577010
vt 0.057300 0.549290
vt 0.047800 0.578850
vt 0.047490 0.557570
vt 0.052370 0.562000
vt 0.047950 0.565040
vt 0.043990 0.559710
vt 0.043670 0.551980
vt 0.040900 0.553430
vt 0.040330 0.544840
vt 0.042560 0.532650
vt 0.040380 0.530560
vt 0.045430 0.573720
vt 0.057620 0.567600
vt 0.051700 0.571000
vt 0.041380 0.536360
vt 0.114070 0.890040
vt 0.123620 0.890810
vt 0.087960 0.868030
vt 0.097290 0.869990
vt 0.134480 0.893150
vt 0.084520 0.798620
vt 0.080670 0.799660
vt 0.076290 0.799760
vt 0.068710 0.832050
vt 0.068770 0.821390
vt 0.068930 0.843330
vt 0.037850 0.966750
vt 0.033870 0.967140
vt 0.197140 0.860280
vt 0.205750 0.857620
vt 0.201490 0.860510
vt 0.201880 0.857230
vt 0.209320 0.857890
vt 0.207460 0.861190
vt 0.209200 0.860460
vt 0.205180 0.863150
vt 0.069470 0.791340
vt 0.071070 0.802360
vt 0.070030 0.778980
vt 0.062500 0.781200
vt 0.099220 0.767580
vt 0.102120 0.754270
vt 0.092490 0.756860
vt 0.084060 0.759120
vt 0.072490 0.761460
vt 0.062900 0.765010
vt 0.214890 0.911510
vt 0.215500 0.903120
vt 0.224000 0.901210
vt 0.223820 0.910170
vt 0.221350 0.921640
vt 0.211490 0.922190
vt 0.134210 0.905780
vt 0.124990 0.903760
vt 0.115590 0.902820
vt 0.094000 0.871450
vt 0.052150 0.770280
vt 0.197670 0.936570
vt 0.183500 0.933980
vt 0.224710 0.971890
vt 0.212260 0.962020
vt 0.232670 0.944250
vt 0.138710 0.936200
vt 0.131040 0.937270
vt 0.122620 0.937440
vt 0.119560 0.926160
vt 0.081930 0.867550
vt 0.077190 0.867090
vt 0.078160 0.879730
vt 0.134510 0.917100
vt 0.126050 0.915720
vt 0.117230 0.914740
vt 0.081340 0.891170
vt 0.083600 0.900800
vt 0.128070 0.926710
vt 0.070230 0.877300
vt 0.073190 0.864750
vt 0.070670 0.857730
vt 0.069450 0.849760
vt 0.074180 0.892660
vt 0.108220 0.913750
vt 0.176030 0.932120
vt 0.169480 0.930200
vt 0.161870 0.927390
vt 0.165860 0.938600
vt 0.156540 0.933860
vt 0.199180 0.953990
vt 0.211730 0.942800
vt 0.187600 0.947600
vt 0.176430 0.942920
vt 0.152010 0.922580
vt 0.142630 0.919390
vt 0.099360 0.912450
vt 0.091130 0.910540
vt 0.079720 0.902690
vt 0.084280 0.907690
vt 0.043870 0.781140
vt 0.048050 0.781140
vt 0.065290 0.541010
vt 0.068300 0.540030
vt 0.070800 0.546330
vt 0.067940 0.546210
vt 0.062760 0.541580
vt 0.065370 0.546190
vt 0.065980 0.551830
vt 0.061490 0.550920
vt 0.029220 0.970850
vt 0.029020 0.974670
vt 0.203720 0.984490
vt 0.192860 0.971620
vt 0.183350 0.961790
vt 0.176860 0.955000
vt 0.168780 0.950270
vt 0.149490 0.929420
vt 0.145110 0.933790
vt 0.151200 0.940310
vt 0.159580 0.946260
vt 0.142840 0.927540
vt 0.135870 0.927050
vt 0.168290 0.957980
vt 0.163710 0.954830
vt 0.614960 0.482600
vt 0.615260 0.485470
vt 0.614310 0.485350
vt 0.613600 0.482700
vt 0.616690 0.485640
vt 0.229960 0.887730
vt 0.231340 0.893290
vt 0.232140 0.899460
vt 0.240910 0.897980
vt 0.233820 0.908910
vt 0.230940 0.921310
vt 0.248240 0.879610
vt 0.247430 0.869780
vt 0.250990 0.869510
vt 0.251000 0.875170
vt 0.247710 0.875180
vt 0.247470 0.864590
vt 0.251010 0.864570
vt 0.247530 0.859360
vt 0.251010 0.859600
vt 0.247160 0.852600
vt 0.251020 0.853100
vt 0.247100 0.846110
vt 0.247340 0.840040
vt 0.247590 0.834630
vt 0.247830 0.830370
vt 0.248080 0.826500
vt 0.248040 0.823280
vt 0.248380 0.816890
vt 0.248380 0.818610
vt 0.248110 0.815180
vt 0.247900 0.813550
vt 0.250940 0.811600
vt 0.248900 0.811540
vt 0.245820 0.893880
vt 0.208720 0.932090
vt 0.216490 0.933100
vt 0.226380 0.933560
vt 0.248470 0.806870
vt 0.034990 0.969570
vt 0.036170 0.972090
vt 0.038620 0.969600
vt 0.039320 0.972150
vt 0.196850 0.862680
vt 0.201780 0.862450
vt 0.004990 0.977140
vt 0.236300 0.984660
vt 0.237800 0.984730
vt 0.236860 0.987970
vt 0.238090 0.987710
vt 0.234920 0.984240
vt 0.241850 0.805470
vt 0.244700 0.804820
vt 0.248730 0.804590
vt 0.246900 0.804630
vt 0.233750 0.822900
vt 0.247700 0.990620
vt 0.243750 0.990040
vt 0.240500 0.987870
vt 0.230610 0.832520
vt 0.229190 0.837210
vt 0.242110 0.803460
vt 0.239330 0.805020
vt 0.237730 0.805060
vt 0.240550 0.804990
vt 0.235270 0.981490
vt 0.230180 0.985180
vt 0.232240 0.984840
vt 0.493130 0.977230
vt 0.274960 0.811820
vt 0.277230 0.810710
vt 0.277960 0.808440
vt 0.645610 0.487440
vt 0.645170 0.488590
vt 0.421440 0.798900
vt 0.425570 0.799580
vt 0.613260 0.484720
vt 0.088610 0.804740
vt 0.283300 0.816450
vt 0.279920 0.818240
vt 0.276260 0.819510
vt 0.272070 0.820260
vt 0.267670 0.820710
vt 0.263600 0.820860
vt 0.259820 0.820850
vt 0.256550 0.820750
vt 0.253640 0.820730
vt 0.250940 0.820690
vt 0.248270 0.820720
vt 0.245410 0.820710
vt 0.242180 0.820760
vt 0.238400 0.820710
vt 0.234360 0.820500
vt 0.230040 0.819910
vt 0.225700 0.819160
vt 0.221740 0.818050
vt 0.218480 0.816350
vt 0.216070 0.816090
vt 0.430640 0.802480
vt 0.077590 0.806370
vt 0.083190 0.809980
vt 0.438360 0.803370
vt 0.069620 0.811940
vt 0.063240 0.814320
vt 0.215390 0.831510
vt 0.283140 0.808760
vt 0.213510 0.816310
vt 0.289140 0.818030
vt 0.290260 0.811490
vt 0.278220 0.806670
vt 0.272640 0.804580
vt 0.273240 0.805930
vt 0.223580 0.804480
vt 0.229490 0.803340
vt 0.275970 0.987620
vt 0.236200 0.805470
vt 0.227370 0.984290
vt 0.234170 0.806030
vt 0.612390 0.482960
vt 0.627320 0.486480
vt 0.627520 0.490770
vt 0.627500 0.493830
vt 0.245270 0.780720
vt 0.245810 0.783530
vt 0.245730 0.785950
vt 0.245650 0.788460
vt 0.245690 0.791060
vt 0.230500 0.982560
vt 0.228230 0.981310
vt 0.276610 0.984470
vt 0.273230 0.984920
vt 0.232730 0.983340
vt 0.233180 0.981480
vt 0.271190 0.982570
vt 0.271640 0.984070
vt 0.680345 0.974483
vt 0.679476 0.974358
vt 0.679497 0.973319
vt 0.680137 0.973695
vt 0.680529 0.973416
vt 0.680970 0.974154
vt 0.679987 0.965968
vt 0.681521 0.965472
vt 0.681613 0.967286
vt 0.680185 0.967917
vt 0.676556 0.965678
vt 0.672880 0.968167
vt 0.673419 0.966393
vt 0.673291 0.971259
vt 0.675939 0.971490
vt 0.675858 0.972776
vt 0.674050 0.972965
vt 0.673547 0.971925
vt 0.672951 0.971223
vt 0.676654 0.967892
vt 0.677957 0.971330
vt 0.680390 0.970987
vt 0.681520 0.969220
vt 0.680463 0.978101
vt 0.680649 0.975972
vt 0.681277 0.976046
vt 0.681275 0.978004
vt 0.679603 0.978057
vt 0.679597 0.976064
vt 0.677645 0.978111
vt 0.677633 0.976035
vt 0.677739 0.974267
vt 0.675335 0.975977
vt 0.675641 0.974320
vt 0.675884 0.973296
vt 0.677904 0.973206
vt 0.677984 0.972638
vt 0.679815 0.972633
vt 0.680631 0.971794
vt 0.674132 0.974341
vt 0.674177 0.973442
vt 0.673412 0.974324
vt 0.673833 0.973787
vt 0.673695 0.973612
vt 0.673008 0.975843
vt 0.672499 0.975835
vt 0.673031 0.974222
vt 0.672963 0.977785
vt 0.672339 0.977678
vt 0.672302 0.969563
vt 0.672111 0.967663
vt 0.675091 0.982072
vt 0.673954 0.981795
vt 0.673872 0.980296
vt 0.675281 0.980432
vt 0.677861 0.980523
vt 0.677894 0.982194
vt 0.679399 0.980581
vt 0.679415 0.982100
vt 0.680329 0.981526
vt 0.680341 0.980504
vt 0.681438 0.979759
vt 0.681636 0.980756
vt 0.675304 0.978027
vt 0.673703 0.977923
vt 0.673797 0.975987
vt 0.673093 0.980187
vt 0.672136 0.979426
vt 0.673349 0.981616
vt 0.671771 0.980449
vt 0.672184 0.965817
vt 0.672536 0.964696
vt 0.674120 0.965120
vt 0.681161 0.971103
vt 0.676462 0.965126
vt 0.679429 0.965099
vt 0.681583 0.964345
vt 0.665370 0.965894
vt 0.663415 0.965997
vt 0.662705 0.965028
vt 0.665429 0.964149
vt 0.668429 0.964053
vt 0.669463 0.967423
vt 0.667189 0.966362
vt 0.667520 0.982637
vt 0.667679 0.980597
vt 0.668836 0.980537
vt 0.668725 0.982245
vt 0.666262 0.982718
vt 0.666191 0.980646
vt 0.668914 0.974292
vt 0.669051 0.973482
vt 0.669451 0.974050
vt 0.661740 0.978163
vt 0.662872 0.978726
vt 0.663353 0.980840
vt 0.662021 0.981268
vt 0.663833 0.982414
vt 0.667771 0.969371
vt 0.665399 0.969025
vt 0.663484 0.969264
vt 0.661265 0.967497
vt 0.662509 0.971677
vt 0.661594 0.969748
vt 0.663681 0.972754
vt 0.665794 0.972500
vt 0.667915 0.972740
vt 0.669583 0.970072
vt 0.669495 0.973297
vt 0.670821 0.975627
vt 0.671170 0.978134
vt 0.670355 0.978035
vt 0.670082 0.975812
vt 0.669448 0.975967
vt 0.667617 0.973736
vt 0.667758 0.973049
vt 0.665866 0.972969
vt 0.663969 0.973136
vt 0.663108 0.973803
vt 0.662629 0.973708
vt 0.662685 0.974238
vt 0.661876 0.975707
vt 0.661491 0.975425
vt 0.661089 0.977848
vt 0.661058 0.980678
vt 0.662899 0.976291
vt 0.663613 0.974652
vt 0.664378 0.973923
vt 0.665961 0.973666
vt 0.667811 0.975856
vt 0.666109 0.975767
vt 0.664422 0.976158
vt 0.666164 0.978330
vt 0.664335 0.978453
vt 0.664642 0.980655
vt 0.665204 0.982489
vt 0.668023 0.978321
vt 0.669462 0.978248
vt 0.669787 0.980619
vt 0.669532 0.981919
vt 0.670574 0.981467
vt 0.656798 0.972467
vt 0.654176 0.972232
vt 0.654193 0.970119
vt 0.657029 0.975548
vt 0.657940 0.974113
vt 0.658625 0.975494
vt 0.656296 0.973695
vt 0.655177 0.976077
vt 0.654806 0.973838
vt 0.654557 0.972485
vt 0.656635 0.972682
vt 0.648179 0.981606
vt 0.647892 0.979944
vt 0.650362 0.981088
vt 0.650285 0.982737
vt 0.653207 0.976027
vt 0.655286 0.977855
vt 0.653087 0.977677
vt 0.651208 0.977267
vt 0.651586 0.974936
vt 0.653229 0.974508
vt 0.651102 0.971666
vt 0.649992 0.969119
vt 0.653876 0.967447
vt 0.651419 0.972575
vt 0.650130 0.967138
vt 0.657944 0.965956
vt 0.658309 0.967581
vt 0.658211 0.969712
vt 0.659939 0.977211
vt 0.658570 0.977398
vt 0.659377 0.974976
vt 0.658329 0.973329
vt 0.652369 0.973376
vt 0.650645 0.974023
vt 0.650225 0.973495
vt 0.650014 0.976641
vt 0.649185 0.975996
vt 0.650308 0.979162
vt 0.648648 0.978169
vt 0.650773 0.965336
vt 0.651599 0.963625
vt 0.654328 0.963514
vt 0.654013 0.965331
vt 0.657133 0.963670
vt 0.657846 0.964802
vt 0.658161 0.982635
vt 0.658071 0.981201
vt 0.660277 0.980214
vt 0.660492 0.981434
vt 0.658120 0.979335
vt 0.660135 0.979167
vt 0.657170 0.979341
vt 0.657489 0.977416
vt 0.655261 0.979610
vt 0.655395 0.981603
vt 0.653475 0.981276
vt 0.653339 0.979338
vt 0.651593 0.981309
vt 0.651457 0.979255
vt 0.651937 0.983673
vt 0.653565 0.983732
vt 0.655438 0.983945
vt 0.657315 0.981629
vt 0.657640 0.983497
vt 0.657128 0.971375
vt 0.684096 0.974575
vt 0.684385 0.973637
vt 0.685037 0.973068
vt 0.685122 0.974417
vt 0.683793 0.973195
vt 0.683228 0.974078
vt 0.684579 0.966025
vt 0.684376 0.968013
vt 0.682797 0.967318
vt 0.682873 0.965485
vt 0.687975 0.965722
vt 0.691069 0.966405
vt 0.691605 0.968182
vt 0.691033 0.971657
vt 0.690819 0.972962
vt 0.688754 0.972746
vt 0.688751 0.971684
vt 0.691386 0.971419
vt 0.691228 0.972592
vt 0.687889 0.967906
vt 0.686588 0.971326
vt 0.684335 0.970985
vt 0.682956 0.969299
vt 0.683863 0.978129
vt 0.682839 0.977998
vt 0.682840 0.976017
vt 0.683727 0.975960
vt 0.684791 0.978064
vt 0.684833 0.976087
vt 0.686699 0.978150
vt 0.686768 0.976062
vt 0.686786 0.974340
vt 0.688909 0.974435
vt 0.689094 0.976111
vt 0.686660 0.973163
vt 0.688715 0.973243
vt 0.686615 0.972636
vt 0.684656 0.972647
vt 0.683954 0.971954
vt 0.690455 0.973252
vt 0.690315 0.974419
vt 0.690829 0.973638
vt 0.691218 0.974496
vt 0.690976 0.973518
vt 0.691746 0.974403
vt 0.692288 0.976111
vt 0.691511 0.976133
vt 0.692355 0.977968
vt 0.691468 0.978062
vt 0.692322 0.969637
vt 0.692612 0.967624
vt 0.689073 0.982402
vt 0.688909 0.980566
vt 0.690283 0.980458
vt 0.690189 0.982141
vt 0.686380 0.982452
vt 0.686481 0.980596
vt 0.684850 0.982339
vt 0.685022 0.980614
vt 0.683905 0.981738
vt 0.682540 0.980873
vt 0.682779 0.979746
vt 0.683992 0.980507
vt 0.689056 0.978150
vt 0.690629 0.978152
vt 0.690615 0.976235
vt 0.692289 0.979684
vt 0.691184 0.980436
vt 0.692602 0.980837
vt 0.690958 0.981986
vt 0.692478 0.965758
vt 0.690390 0.965012
vt 0.692020 0.964571
vt 0.683286 0.971127
vt 0.688080 0.964958
vt 0.685125 0.964962
vt 0.682895 0.964292
vt 0.698644 0.966295
vt 0.698572 0.964526
vt 0.701354 0.965530
vt 0.700610 0.966579
vt 0.695881 0.964717
vt 0.696752 0.966718
vt 0.694942 0.967618
vt 0.695752 0.983012
vt 0.694619 0.982596
vt 0.694529 0.980852
vt 0.695699 0.980926
vt 0.697304 0.980966
vt 0.697028 0.983090
vt 0.695037 0.974656
vt 0.694106 0.973974
vt 0.695107 0.973643
vt 0.702531 0.978658
vt 0.701648 0.981586
vt 0.700303 0.981082
vt 0.701150 0.979126
vt 0.699527 0.982700
vt 0.696446 0.969498
vt 0.698479 0.969386
vt 0.700329 0.969690
vt 0.702290 0.968138
vt 0.701688 0.973374
vt 0.700277 0.973217
vt 0.702063 0.970326
vt 0.698345 0.972832
vt 0.696359 0.972853
vt 0.694784 0.972929
vt 0.694832 0.969939
vt 0.693656 0.970061
vt 0.693778 0.967588
vt 0.694405 0.972096
vt 0.693390 0.975886
vt 0.694437 0.976065
vt 0.696414 0.973428
vt 0.696486 0.974297
vt 0.698243 0.973488
vt 0.700090 0.973895
vt 0.701293 0.973719
vt 0.702876 0.970307
vt 0.702224 0.972942
vt 0.703221 0.967695
vt 0.702306 0.964914
vt 0.702560 0.976198
vt 0.701441 0.976701
vt 0.702036 0.973921
vt 0.700972 0.975083
vt 0.699905 0.974795
vt 0.698145 0.974286
vt 0.697917 0.976195
vt 0.695971 0.976049
vt 0.699864 0.976581
vt 0.699634 0.978824
vt 0.697620 0.978701
vt 0.698987 0.980918
vt 0.698128 0.982805
vt 0.695552 0.978596
vt 0.694092 0.978451
vt 0.693019 0.978198
vt 0.693347 0.981036
vt 0.693691 0.982251
vt 0.694975 0.963989
vt 0.694476 0.965189
vt 0.706345 0.972637
vt 0.708550 0.969700
vt 0.709123 0.972736
vt 0.706464 0.976222
vt 0.704947 0.976174
vt 0.705862 0.974847
vt 0.707092 0.974485
vt 0.708312 0.974473
vt 0.707947 0.976559
vt 0.706654 0.973142
vt 0.708510 0.973171
vt 0.714149 0.981850
vt 0.712245 0.982870
vt 0.712286 0.981127
vt 0.714360 0.980248
vt 0.709774 0.976545
vt 0.709916 0.978091
vt 0.707748 0.978148
vt 0.711102 0.975727
vt 0.711349 0.977847
vt 0.709509 0.975173
vt 0.712165 0.971392
vt 0.708952 0.967241
vt 0.712628 0.968963
vt 0.711597 0.973188
vt 0.712429 0.967139
vt 0.705150 0.967627
vt 0.705586 0.966180
vt 0.704964 0.969459
vt 0.703245 0.977490
vt 0.703889 0.975457
vt 0.704771 0.977758
vt 0.705208 0.973828
vt 0.710702 0.973609
vt 0.711931 0.974586
vt 0.712398 0.973997
vt 0.713561 0.976671
vt 0.712381 0.977395
vt 0.713782 0.978725
vt 0.712374 0.979610
vt 0.712424 0.965747
vt 0.709301 0.965703
vt 0.709319 0.963968
vt 0.712164 0.964260
vt 0.705784 0.965118
vt 0.706516 0.964051
vt 0.704491 0.982474
vt 0.702673 0.981308
vt 0.702983 0.980115
vt 0.704875 0.980944
vt 0.703137 0.979084
vt 0.704866 0.979459
vt 0.706056 0.977765
vt 0.706107 0.979502
vt 0.707668 0.979800
vt 0.709648 0.979660
vt 0.709435 0.981309
vt 0.707499 0.981491
vt 0.711102 0.979629
vt 0.710918 0.981349
vt 0.710708 0.983461
vt 0.709218 0.983473
vt 0.707456 0.983556
vt 0.705977 0.981293
vt 0.705502 0.983231
vt 0.706064 0.971547
vt 0.666570 0.921874
vt 0.666314 0.921596
vt 0.666892 0.921557
vt 0.667005 0.922048
vt 0.668288 0.923718
vt 0.666199 0.923872
vt 0.666370 0.923427
vt 0.666782 0.922816
vt 0.671332 0.914575
vt 0.671659 0.916433
vt 0.670024 0.916189
vt 0.669679 0.913711
vt 0.668142 0.916106
vt 0.668077 0.913759
vt 0.666085 0.916285
vt 0.666276 0.913928
vt 0.668763 0.928131
vt 0.668394 0.925909
vt 0.670760 0.925798
vt 0.670643 0.927893
vt 0.672708 0.917020
vt 0.672715 0.919321
vt 0.672189 0.919294
vt 0.672164 0.928092
vt 0.672981 0.926238
vt 0.672627 0.928765
vt 0.671822 0.921679
vt 0.671571 0.921854
vt 0.671496 0.921377
vt 0.671919 0.921365
vt 0.672004 0.921851
vt 0.671944 0.922700
vt 0.672241 0.921560
vt 0.672514 0.923507
vt 0.672667 0.923894
vt 0.670457 0.923736
vt 0.666002 0.919525
vt 0.665142 0.919683
vt 0.665303 0.916760
vt 0.666633 0.919398
vt 0.668081 0.919436
vt 0.670019 0.919380
vt 0.671576 0.919252
vt 0.672401 0.915208
vt 0.669947 0.921671
vt 0.668172 0.922906
vt 0.670244 0.922845
vt 0.668152 0.922229
vt 0.668151 0.921679
vt 0.666283 0.922135
vt 0.665943 0.921848
vt 0.669948 0.922221
vt 0.664788 0.914388
vt 0.663027 0.913514
vt 0.663548 0.916584
vt 0.661909 0.916719
vt 0.661047 0.912830
vt 0.660742 0.921596
vt 0.660889 0.923431
vt 0.659255 0.923367
vt 0.659364 0.921422
vt 0.662317 0.921711
vt 0.662622 0.923261
vt 0.662330 0.919067
vt 0.660572 0.919028
vt 0.658063 0.913532
vt 0.657220 0.917402
vt 0.656457 0.917685
vt 0.656861 0.914589
vt 0.658553 0.916959
vt 0.659987 0.929940
vt 0.660187 0.927864
vt 0.662136 0.927698
vt 0.662397 0.929323
vt 0.664007 0.928894
vt 0.663867 0.931974
vt 0.662340 0.932146
vt 0.665007 0.929545
vt 0.665044 0.932459
vt 0.664030 0.927530
vt 0.665145 0.927283
vt 0.661174 0.925126
vt 0.657878 0.926304
vt 0.658002 0.925481
vt 0.659136 0.923768
vt 0.657979 0.921884
vt 0.657772 0.922127
vt 0.656701 0.919902
vt 0.657238 0.919597
vt 0.658860 0.919134
vt 0.660101 0.916802
vt 0.659597 0.912872
vt 0.663944 0.919174
vt 0.664443 0.916539
vt 0.660195 0.932671
vt 0.658871 0.932879
vt 0.657676 0.930148
vt 0.664398 0.919233
vt 0.664318 0.921575
vt 0.663844 0.921280
vt 0.663941 0.925503
vt 0.661046 0.923760
vt 0.662803 0.923650
vt 0.663677 0.922148
vt 0.663952 0.922230
vt 0.657584 0.921132
vt 0.680241 0.914607
vt 0.680102 0.915612
vt 0.678533 0.915842
vt 0.678487 0.913528
vt 0.680571 0.921702
vt 0.680806 0.921877
vt 0.680345 0.922381
vt 0.680209 0.922046
vt 0.680819 0.921073
vt 0.681066 0.921263
vt 0.680218 0.921091
vt 0.676667 0.915678
vt 0.674639 0.915779
vt 0.674532 0.914545
vt 0.676743 0.913574
vt 0.674559 0.921011
vt 0.675282 0.920911
vt 0.675325 0.921911
vt 0.674766 0.921595
vt 0.674491 0.923115
vt 0.674467 0.923993
vt 0.674088 0.923542
vt 0.679918 0.928477
vt 0.679883 0.929545
vt 0.677365 0.930232
vt 0.678195 0.928767
vt 0.680764 0.923666
vt 0.680710 0.923059
vt 0.681165 0.923680
vt 0.678878 0.924285
vt 0.675237 0.922388
vt 0.676597 0.924348
vt 0.675343 0.928519
vt 0.677000 0.928935
vt 0.675724 0.930020
vt 0.674556 0.930033
vt 0.674280 0.928298
vt 0.676592 0.926424
vt 0.678813 0.926450
vt 0.674331 0.926262
vt 0.676766 0.922599
vt 0.676828 0.922081
vt 0.676866 0.921223
vt 0.674976 0.918118
vt 0.676710 0.918235
vt 0.674226 0.918159
vt 0.674096 0.926368
vt 0.681823 0.915514
vt 0.681660 0.916552
vt 0.680943 0.926642
vt 0.678812 0.922557
vt 0.678822 0.922092
vt 0.678814 0.921225
vt 0.678569 0.918226
vt 0.680047 0.918185
vt 0.680741 0.918348
vt 0.681341 0.918359
vt 0.681468 0.926590
vt 0.674550 0.921880
vt 0.674274 0.921325
vt 0.673645 0.918201
vt 0.673272 0.915011
vt 0.673348 0.916567
vt 0.681013 0.928540
vt 0.667531 0.928331
vt 0.666468 0.928987
vt 0.666058 0.926195
vt 0.672306 0.930932
vt 0.671759 0.928853
vt 0.669459 0.931049
vt 0.670167 0.929434
vt 0.668905 0.929477
vt 0.667849 0.929293
vt 0.667141 0.931412
vt 0.681033 0.929671
vt 0.657207 0.921493
vt 0.657573 0.927919
vt 0.664043 0.924805
vt 0.697566 0.921275
vt 0.697161 0.921512
vt 0.697202 0.920925
vt 0.697838 0.920913
vt 0.696214 0.923128
vt 0.697608 0.922181
vt 0.698227 0.922822
vt 0.698393 0.923315
vt 0.692572 0.914112
vt 0.694194 0.913178
vt 0.693957 0.915662
vt 0.692338 0.916018
vt 0.695822 0.913110
vt 0.695847 0.915483
vt 0.697623 0.913247
vt 0.697882 0.915624
vt 0.695850 0.927480
vt 0.694006 0.927222
vt 0.693699 0.925142
vt 0.696159 0.925291
vt 0.691285 0.916662
vt 0.691751 0.918926
vt 0.691212 0.918957
vt 0.692492 0.927410
vt 0.692070 0.928093
vt 0.691481 0.925572
vt 0.692061 0.921379
vt 0.691952 0.920925
vt 0.692403 0.920941
vt 0.692259 0.921652
vt 0.691980 0.922054
vt 0.691963 0.921680
vt 0.691598 0.921160
vt 0.691935 0.922605
vt 0.693857 0.923110
vt 0.691645 0.923253
vt 0.698684 0.916092
vt 0.698936 0.918976
vt 0.698050 0.918868
vt 0.697399 0.918742
vt 0.695919 0.918855
vt 0.693952 0.918872
vt 0.692371 0.918856
vt 0.691541 0.914836
vt 0.693984 0.921212
vt 0.693879 0.922330
vt 0.696128 0.922363
vt 0.695917 0.921717
vt 0.695875 0.921140
vt 0.697906 0.921518
vt 0.698269 0.921166
vt 0.693981 0.921777
vt 0.699103 0.913667
vt 0.700666 0.913786
vt 0.702475 0.912930
vt 0.702023 0.916748
vt 0.700514 0.916785
vt 0.703593 0.921118
vt 0.704882 0.920786
vt 0.705186 0.922836
vt 0.703648 0.923068
vt 0.702083 0.922982
vt 0.702116 0.921250
vt 0.701860 0.918991
vt 0.703530 0.918788
vt 0.705363 0.913280
vt 0.706644 0.914171
vt 0.707364 0.917126
vt 0.706520 0.916888
vt 0.705234 0.916619
vt 0.704497 0.929857
vt 0.702366 0.929518
vt 0.702633 0.927847
vt 0.704524 0.927940
vt 0.700805 0.929146
vt 0.702189 0.932098
vt 0.700950 0.932049
vt 0.699718 0.929799
vt 0.699917 0.932597
vt 0.699586 0.927584
vt 0.700720 0.927814
vt 0.703593 0.925161
vt 0.705363 0.923269
vt 0.706765 0.925333
vt 0.706978 0.926177
vt 0.706299 0.921219
vt 0.706553 0.921461
vt 0.707335 0.919214
vt 0.706726 0.918974
vt 0.705159 0.918710
vt 0.703754 0.916640
vt 0.703872 0.912815
vt 0.700317 0.919282
vt 0.699519 0.916836
vt 0.704112 0.932527
vt 0.706909 0.929962
vt 0.705633 0.932647
vt 0.699868 0.919408
vt 0.700531 0.921216
vt 0.700095 0.921561
vt 0.700605 0.925580
vt 0.701971 0.923418
vt 0.703610 0.923428
vt 0.700832 0.922049
vt 0.700540 0.922200
vt 0.706626 0.920457
vt 0.683945 0.914386
vt 0.685518 0.913258
vt 0.685465 0.915497
vt 0.684054 0.915391
vt 0.683502 0.921344
vt 0.683899 0.921560
vt 0.683810 0.922112
vt 0.683285 0.921525
vt 0.683086 0.920938
vt 0.683291 0.920774
vt 0.683872 0.920790
vt 0.687321 0.915370
vt 0.687246 0.913348
vt 0.689427 0.914304
vt 0.689338 0.915541
vt 0.689400 0.920776
vt 0.689238 0.921327
vt 0.688645 0.921462
vt 0.688707 0.920660
vt 0.689557 0.922661
vt 0.689953 0.923070
vt 0.689664 0.923541
vt 0.684310 0.928182
vt 0.686192 0.928488
vt 0.687101 0.929959
vt 0.684405 0.929250
vt 0.683318 0.923286
vt 0.682949 0.923293
vt 0.683317 0.922759
vt 0.685247 0.923889
vt 0.687558 0.923940
vt 0.688754 0.922196
vt 0.689120 0.928221
vt 0.688747 0.929723
vt 0.687449 0.928656
vt 0.689913 0.929707
vt 0.690171 0.927976
vt 0.687733 0.926092
vt 0.685378 0.926094
vt 0.689962 0.925860
vt 0.687280 0.922262
vt 0.687173 0.921719
vt 0.687151 0.920919
vt 0.688946 0.917838
vt 0.687254 0.917958
vt 0.689689 0.917887
vt 0.690268 0.925998
vt 0.682605 0.916376
vt 0.682476 0.915371
vt 0.683184 0.926303
vt 0.685262 0.922227
vt 0.685237 0.921713
vt 0.685258 0.920901
vt 0.685515 0.917942
vt 0.684040 0.917870
vt 0.683360 0.918017
vt 0.682791 0.918031
vt 0.682653 0.926260
vt 0.689646 0.921059
vt 0.689438 0.921566
vt 0.690242 0.917926
vt 0.690710 0.914790
vt 0.690602 0.916347
vt 0.683172 0.928240
vt 0.698558 0.925636
vt 0.698112 0.928404
vt 0.697067 0.927709
vt 0.692296 0.930242
vt 0.692935 0.928182
vt 0.694473 0.928769
vt 0.695066 0.930401
vt 0.695689 0.928833
vt 0.696730 0.928674
vt 0.697378 0.930820
vt 0.683197 0.929366
vt 0.707035 0.920739
vt 0.707166 0.927825
vt 0.700590 0.924820
vt 0.806065 0.969285
vt 0.813504 0.967607
vt 0.814956 0.970919
vt 0.815662 0.973586
vt 0.806325 0.973499
vt 0.742888 0.974297
vt 0.742492 0.978102
vt 0.739888 0.976575
vt 0.740881 0.973540
vt 0.731177 0.962103
vt 0.729659 0.953631
vt 0.741284 0.953630
vt 0.737758 0.963741
vt 0.758592 0.962565
vt 0.753156 0.962421
vt 0.749222 0.953631
vt 0.757235 0.953632
vt 0.754089 0.991217
vt 0.753477 0.984647
vt 0.757817 0.982937
vt 0.759794 0.991907
vt 0.747808 0.990883
vt 0.749130 0.981545
vt 0.745779 0.983777
vt 0.738779 0.990612
vt 0.741421 0.984028
vt 0.745344 0.978291
vt 0.745234 0.974144
vt 0.746857 0.973738
vt 0.747786 0.976648
vt 0.738172 0.981929
vt 0.732847 0.991086
vt 0.732904 0.983611
vt 0.728031 0.990617
vt 0.727133 0.980861
vt 0.732940 0.977283
vt 0.732847 0.973855
vt 0.735741 0.972851
vt 0.736732 0.976352
vt 0.722428 0.990910
vt 0.723080 0.985164
vt 0.715273 0.991782
vt 0.718445 0.985403
vt 0.714849 0.997828
vt 0.709156 0.997842
vt 0.708723 0.992999
vt 0.721629 0.997840
vt 0.728795 0.997819
vt 0.733504 0.997820
vt 0.739052 0.997807
vt 0.746672 0.997814
vt 0.752388 0.997828
vt 0.703912 0.997853
vt 0.703532 0.992881
vt 0.692119 0.993343
vt 0.692392 0.986593
vt 0.693963 0.988216
vt 0.696791 0.993252
vt 0.697379 0.989785
vt 0.700958 0.989738
vt 0.681260 0.992217
vt 0.685488 0.993173
vt 0.686484 0.997842
vt 0.681301 0.997844
vt 0.691492 0.997845
vt 0.696880 0.997853
vt 0.681720 0.953613
vt 0.687908 0.953616
vt 0.685953 0.957789
vt 0.681994 0.958747
vt 0.690266 0.958584
vt 0.800724 0.957324
vt 0.806152 0.958544
vt 0.803738 0.963716
vt 0.808938 0.960972
vt 0.799054 0.964454
vt 0.791038 0.964840
vt 0.792946 0.956129
vt 0.784018 0.963008
vt 0.786380 0.953952
vt 0.742494 0.962015
vt 0.745834 0.961549
vt 0.748853 0.963885
vt 0.775884 0.961637
vt 0.778188 0.952842
vt 0.725058 0.963305
vt 0.798703 0.967669
vt 0.797850 0.973423
vt 0.712926 0.963502
vt 0.713238 0.961326
vt 0.715954 0.963827
vt 0.713759 0.964939
vt 0.715064 0.980438
vt 0.715794 0.979088
vt 0.717402 0.981809
vt 0.716424 0.982459
vt 0.716296 0.976376
vt 0.718297 0.976899
vt 0.726955 0.979399
vt 0.722942 0.983550
vt 0.721422 0.977733
vt 0.724745 0.975788
vt 0.759369 0.997804
vt 0.749057 0.975064
vt 0.724252 0.971777
vt 0.724695 0.970030
vt 0.725620 0.970344
vt 0.725934 0.973887
vt 0.737275 0.970320
vt 0.732666 0.970567
vt 0.720518 0.969784
vt 0.722546 0.972463
vt 0.720149 0.972897
vt 0.718226 0.973091
vt 0.716074 0.972626
vt 0.753985 0.978485
vt 0.754089 0.975159
vt 0.757538 0.974428
vt 0.758023 0.977887
vt 0.739744 0.971028
vt 0.743035 0.970749
vt 0.745567 0.970573
vt 0.748569 0.969973
vt 0.749251 0.970828
vt 0.754738 0.971677
vt 0.759035 0.971086
vt 0.714374 0.975286
vt 0.721099 0.966742
vt 0.716877 0.968155
vt 0.721326 0.962234
vt 0.723741 0.967726
vt 0.725325 0.966726
vt 0.735435 0.968288
vt 0.732151 0.967497
vt 0.742725 0.966866
vt 0.740811 0.968089
vt 0.745120 0.966944
vt 0.746909 0.967003
vt 0.749486 0.967524
vt 0.758274 0.966174
vt 0.750941 0.976478
vt 0.751234 0.974024
vt 0.750123 0.970743
vt 0.753675 0.967086
vt 0.750873 0.968547
vt 0.759702 0.978508
vt 0.738074 0.973408
vt 0.738385 0.970344
vt 0.753810 0.983095
vt 0.749162 0.979781
vt 0.745799 0.982650
vt 0.741571 0.982969
vt 0.737623 0.979063
vt 0.732642 0.982139
vt 0.719362 0.983829
vt 0.729100 0.976477
vt 0.729450 0.973111
vt 0.727656 0.970972
vt 0.728440 0.968976
vt 0.737894 0.967366
vt 0.761096 0.962202
vt 0.759332 0.965660
vt 0.757685 0.968516
vt 0.715014 0.971042
vt 0.714037 0.967623
vt 0.759275 0.980505
vt 0.705978 0.988210
vt 0.709125 0.988812
vt 0.709307 0.960384
vt 0.709370 0.963081
vt 0.707340 0.963248
vt 0.707523 0.960233
vt 0.711677 0.963393
vt 0.711115 0.961712
vt 0.705255 0.962657
vt 0.704227 0.965157
vt 0.704348 0.961433
vt 0.705475 0.961086
vt 0.712948 0.983969
vt 0.708760 0.987879
vt 0.706526 0.987082
vt 0.709798 0.984867
vt 0.715264 0.984235
vt 0.712523 0.986828
vt 0.715057 0.982035
vt 0.712687 0.987717
vt 0.716599 0.983823
vt 0.697671 0.988707
vt 0.700069 0.988512
vt 0.693434 0.985459
vt 0.694715 0.987449
vt 0.704329 0.988105
vt 0.701845 0.987889
vt 0.702637 0.986278
vt 0.703799 0.985949
vt 0.702987 0.984044
vt 0.703316 0.963619
vt 0.703249 0.961404
vt 0.692387 0.983624
vt 0.693482 0.984013
vt 0.693497 0.964099
vt 0.692579 0.963770
vt 0.692833 0.960721
vt 0.693813 0.961314
vt 0.695990 0.984015
vt 0.697784 0.984477
vt 0.695397 0.963140
vt 0.700113 0.984791
vt 0.701689 0.984507
vt 0.701353 0.963079
vt 0.701908 0.959924
vt 0.703536 0.959363
vt 0.699471 0.959487
vt 0.700359 0.958625
vt 0.693538 0.959093
vt 0.695309 0.959819
vt 0.697452 0.958928
vt 0.697203 0.959368
vt 0.697557 0.963254
vt 0.706301 0.959350
vt 0.709908 0.959621
vt 0.689064 0.989439
vt 0.688621 0.988221
vt 0.691061 0.986039
vt 0.691458 0.983269
vt 0.684068 0.988917
vt 0.684364 0.987456
vt 0.681550 0.985383
vt 0.683009 0.985319
vt 0.681443 0.982221
vt 0.682184 0.983498
vt 0.683048 0.963765
vt 0.682125 0.962622
vt 0.683315 0.960011
vt 0.686183 0.959458
vt 0.689469 0.959531
vt 0.691695 0.960708
vt 0.691877 0.963021
vt 0.681248 0.988542
vt 0.686265 0.983338
vt 0.686449 0.962854
vt 0.689178 0.962991
vt 0.688896 0.983495
vt 0.696308 0.953631
vt 0.705784 0.953624
vt 0.713388 0.953628
vt 0.811710 0.963642
vt 0.704858 0.985672
vt 0.705543 0.986557
vt 0.719824 0.953637
vt 0.705989 0.984233
vt 0.789627 0.973350
vt 0.782322 0.973284
vt 0.773658 0.973206
vt 0.763604 0.957491
vt 0.763546 0.960469
vt 0.763769 0.984165
vt 0.763754 0.988250
vt 0.763764 0.997758
vt 0.763597 0.953634
vt 0.768222 0.959420
vt 0.766612 0.973142
vt 0.771014 0.950753
vt 0.805990 0.977707
vt 0.814913 0.976226
vt 0.813399 0.979522
vt 0.621614 0.975134
vt 0.623505 0.974269
vt 0.624532 0.977285
vt 0.622058 0.978942
vt 0.631766 0.962155
vt 0.625889 0.964109
vt 0.622014 0.953630
vt 0.632314 0.953630
vt 0.606817 0.967681
vt 0.608676 0.953635
vt 0.615386 0.953634
vt 0.611786 0.964111
vt 0.610412 0.991582
vt 0.605031 0.992130
vt 0.606704 0.982874
vt 0.610979 0.985413
vt 0.616536 0.991376
vt 0.615455 0.982536
vt 0.618787 0.984674
vt 0.623150 0.984812
vt 0.625965 0.991062
vt 0.619301 0.979247
vt 0.619414 0.975094
vt 0.616960 0.977701
vt 0.617831 0.974756
vt 0.626299 0.982629
vt 0.631951 0.991481
vt 0.631390 0.984543
vt 0.636525 0.981293
vt 0.636547 0.991017
vt 0.631071 0.977753
vt 0.627390 0.976904
vt 0.628280 0.973339
vt 0.630984 0.974195
vt 0.641869 0.991332
vt 0.640362 0.985752
vt 0.644826 0.985904
vt 0.648723 0.992136
vt 0.655135 0.993195
vt 0.655162 0.997856
vt 0.649892 0.997842
vt 0.643655 0.997851
vt 0.636745 0.997830
vt 0.632075 0.997834
vt 0.626155 0.997824
vt 0.617485 0.997830
vt 0.611146 0.997840
vt 0.660117 0.992936
vt 0.659969 0.997855
vt 0.670792 0.993160
vt 0.669357 0.987635
vt 0.671033 0.985822
vt 0.666430 0.993110
vt 0.662498 0.989646
vt 0.666049 0.989509
vt 0.676228 0.997846
vt 0.677083 0.993069
vt 0.671459 0.997845
vt 0.666431 0.997851
vt 0.677967 0.958018
vt 0.675454 0.953622
vt 0.673719 0.958921
vt 0.800435 0.989570
vt 0.803564 0.983233
vt 0.805884 0.988449
vt 0.808713 0.986070
vt 0.798893 0.982411
vt 0.792637 0.990625
vt 0.790886 0.981882
vt 0.783833 0.983588
vt 0.786033 0.992685
vt 0.621508 0.962511
vt 0.618429 0.962187
vt 0.615750 0.964851
vt 0.777822 0.993648
vt 0.775676 0.984813
vt 0.637628 0.963238
vt 0.798600 0.979191
vt 0.650295 0.963045
vt 0.649255 0.964454
vt 0.647127 0.963664
vt 0.650249 0.960954
vt 0.647031 0.980159
vt 0.646612 0.982729
vt 0.645611 0.982231
vt 0.646155 0.978805
vt 0.644197 0.977076
vt 0.645681 0.976482
vt 0.636642 0.979788
vt 0.638381 0.975964
vt 0.641369 0.978012
vt 0.640424 0.984115
vt 0.606172 0.997811
vt 0.615758 0.976124
vt 0.638718 0.971762
vt 0.637247 0.973990
vt 0.637356 0.970351
vt 0.638235 0.970000
vt 0.626761 0.970786
vt 0.630950 0.970674
vt 0.642470 0.969697
vt 0.642603 0.973013
vt 0.640329 0.972515
vt 0.646525 0.972541
vt 0.644469 0.973078
vt 0.610911 0.979638
vt 0.606689 0.978604
vt 0.608238 0.976120
vt 0.611148 0.976564
vt 0.621382 0.971533
vt 0.624441 0.971647
vt 0.619025 0.971490
vt 0.616266 0.971018
vt 0.615603 0.971893
vt 0.607484 0.973585
vt 0.610879 0.973228
vt 0.647391 0.975300
vt 0.641841 0.966625
vt 0.641373 0.962144
vt 0.646145 0.968109
vt 0.639110 0.967679
vt 0.637461 0.966676
vt 0.628330 0.968581
vt 0.631266 0.967582
vt 0.621526 0.967548
vt 0.623342 0.968702
vt 0.619339 0.967751
vt 0.617678 0.967914
vt 0.615303 0.968589
vt 0.607017 0.970778
vt 0.613948 0.977636
vt 0.613722 0.975173
vt 0.614754 0.971871
vt 0.614016 0.969714
vt 0.611537 0.968643
vt 0.605832 0.973947
vt 0.626110 0.973977
vt 0.625695 0.970876
vt 0.610732 0.983880
vt 0.615510 0.980801
vt 0.618779 0.983557
vt 0.622975 0.983760
vt 0.626682 0.979842
vt 0.631513 0.982567
vt 0.643871 0.984340
vt 0.633937 0.973360
vt 0.634525 0.976849
vt 0.635473 0.971068
vt 0.634640 0.969026
vt 0.625983 0.967822
vt 0.605740 0.969505
vt 0.608496 0.971237
vt 0.648055 0.971075
vt 0.648951 0.967234
vt 0.605207 0.981050
vt 0.654341 0.989357
vt 0.657675 0.988588
vt 0.654605 0.960063
vt 0.656645 0.959960
vt 0.656352 0.962762
vt 0.654257 0.962539
vt 0.651528 0.962662
vt 0.652446 0.961213
vt 0.658593 0.962752
vt 0.658743 0.960970
vt 0.659958 0.961542
vt 0.660038 0.965255
vt 0.650777 0.984667
vt 0.654663 0.985321
vt 0.657093 0.987551
vt 0.654530 0.988432
vt 0.650750 0.987063
vt 0.648068 0.984398
vt 0.647449 0.982051
vt 0.650667 0.988009
vt 0.646735 0.984167
vt 0.663372 0.988229
vt 0.665705 0.988457
vt 0.668613 0.986961
vt 0.670085 0.984926
vt 0.659392 0.988206
vt 0.661779 0.987647
vt 0.659972 0.985471
vt 0.661000 0.985763
vt 0.660536 0.983212
vt 0.661220 0.961563
vt 0.661118 0.963967
vt 0.670606 0.983216
vt 0.671296 0.983553
vt 0.670275 0.964414
vt 0.669822 0.961540
vt 0.671132 0.961163
vt 0.671013 0.964786
vt 0.665952 0.984214
vt 0.667835 0.983662
vt 0.667806 0.963187
vt 0.663137 0.984227
vt 0.661588 0.983636
vt 0.663770 0.963248
vt 0.662502 0.959992
vt 0.660762 0.959358
vt 0.664751 0.959289
vt 0.663726 0.958540
vt 0.668667 0.959656
vt 0.670588 0.959108
vt 0.666882 0.959005
vt 0.666672 0.958511
vt 0.666467 0.962806
vt 0.657964 0.959231
vt 0.653941 0.959396
vt 0.673760 0.988937
vt 0.672255 0.985391
vt 0.674151 0.987756
vt 0.672030 0.982719
vt 0.678351 0.988665
vt 0.678330 0.987380
vt 0.680095 0.985440
vt 0.680795 0.983418
vt 0.681146 0.963729
vt 0.680748 0.960061
vt 0.677832 0.959619
vt 0.674404 0.959973
vt 0.672173 0.961342
vt 0.671550 0.963855
vt 0.676722 0.983259
vt 0.677774 0.962779
vt 0.674420 0.963319
vt 0.674569 0.982823
vt 0.667140 0.953641
vt 0.657299 0.953634
vt 0.648983 0.953633
vt 0.811533 0.983451
vt 0.658884 0.985502
vt 0.658197 0.986768
vt 0.641972 0.953635
vt 0.658125 0.984025
vt 0.601352 0.960195
vt 0.601358 0.963688
vt 0.601123 0.990639
vt 0.601016 0.988074
vt 0.601093 0.997782
vt 0.601352 0.953637
vt 0.767976 0.986892
vt 0.770612 0.995608
vt 0.687835 0.946982
vt 0.696949 0.946645
vt 0.698635 0.950366
vt 0.689444 0.950364
vt 0.686665 0.941209
vt 0.694112 0.942121
vt 0.681881 0.946644
vt 0.681791 0.940087
vt 0.737765 0.921953
vt 0.735214 0.923226
vt 0.734420 0.919491
vt 0.737794 0.917792
vt 0.765835 0.931466
vt 0.764030 0.931177
vt 0.763470 0.926755
vt 0.765687 0.926754
vt 0.723559 0.934723
vt 0.730188 0.934292
vt 0.732043 0.941880
vt 0.719015 0.941805
vt 0.782172 0.946504
vt 0.785458 0.946719
vt 0.785864 0.948014
vt 0.754003 0.936712
vt 0.755369 0.939935
vt 0.748775 0.939214
vt 0.750090 0.934895
vt 0.795277 0.947460
vt 0.799530 0.947014
vt 0.800410 0.949743
vt 0.794521 0.950311
vt 0.770294 0.934738
vt 0.768339 0.935911
vt 0.769172 0.931325
vt 0.774193 0.936642
vt 0.774219 0.939326
vt 0.774077 0.932161
vt 0.801910 0.941677
vt 0.805515 0.941260
vt 0.803376 0.946237
vt 0.804166 0.949242
vt 0.792140 0.941375
vt 0.785761 0.942362
vt 0.786362 0.939910
vt 0.791097 0.939166
vt 0.800053 0.939242
vt 0.803175 0.936284
vt 0.805113 0.937125
vt 0.796189 0.944162
vt 0.796153 0.940827
vt 0.807919 0.935371
vt 0.806888 0.934011
vt 0.809019 0.932059
vt 0.809604 0.934770
vt 0.807179 0.937604
vt 0.803953 0.931370
vt 0.801449 0.933201
vt 0.801503 0.930765
vt 0.805016 0.930033
vt 0.806946 0.930549
vt 0.805083 0.932226
vt 0.802332 0.934839
vt 0.781531 0.942866
vt 0.782157 0.940292
vt 0.752523 0.904810
vt 0.759010 0.906324
vt 0.756911 0.913564
vt 0.750744 0.913074
vt 0.744954 0.905445
vt 0.745520 0.914667
vt 0.741892 0.912305
vt 0.737089 0.912067
vt 0.734617 0.905596
vt 0.741283 0.917465
vt 0.741075 0.921972
vt 0.744304 0.919407
vt 0.743057 0.922680
vt 0.733554 0.913872
vt 0.727584 0.905100
vt 0.727992 0.911118
vt 0.720505 0.914610
vt 0.721773 0.905365
vt 0.727176 0.917201
vt 0.731563 0.919177
vt 0.730411 0.923012
vt 0.726753 0.921356
vt 0.715435 0.904862
vt 0.715843 0.910126
vt 0.711335 0.910322
vt 0.708923 0.904726
vt 0.704418 0.904182
vt 0.703828 0.899120
vt 0.709125 0.899111
vt 0.715617 0.899122
vt 0.722868 0.899063
vt 0.728624 0.899101
vt 0.735123 0.899069
vt 0.744429 0.899062
vt 0.753294 0.899129
vt 0.699863 0.904145
vt 0.700250 0.899108
vt 0.690194 0.904395
vt 0.692383 0.909433
vt 0.690687 0.911157
vt 0.694331 0.904179
vt 0.697680 0.908388
vt 0.694686 0.908492
vt 0.681820 0.905070
vt 0.682099 0.899087
vt 0.686110 0.899086
vt 0.685557 0.904571
vt 0.690064 0.899096
vt 0.694925 0.899120
vt 0.681884 0.934103
vt 0.685038 0.935243
vt 0.688931 0.935115
vt 0.705618 0.946640
vt 0.711301 0.939120
vt 0.705774 0.939961
vt 0.708397 0.950357
vt 0.722369 0.950354
vt 0.731606 0.950358
vt 0.789402 0.949060
vt 0.790012 0.947435
vt 0.791428 0.944452
vt 0.747309 0.950353
vt 0.740570 0.950357
vt 0.741296 0.940620
vt 0.735846 0.935717
vt 0.739847 0.935823
vt 0.743661 0.934248
vt 0.753418 0.950350
vt 0.718099 0.931913
vt 0.777318 0.942514
vt 0.777539 0.940154
vt 0.782848 0.937123
vt 0.786472 0.937009
vt 0.778487 0.937263
vt 0.777949 0.932850
vt 0.781805 0.933195
vt 0.777626 0.926751
vt 0.781127 0.926751
vt 0.773899 0.926753
vt 0.769050 0.926754
vt 0.784828 0.926751
vt 0.785515 0.933177
vt 0.788212 0.926751
vt 0.789249 0.932906
vt 0.792216 0.926749
vt 0.792436 0.930066
vt 0.797064 0.929401
vt 0.797329 0.932245
vt 0.792898 0.932980
vt 0.802041 0.928802
vt 0.806486 0.928431
vt 0.808674 0.928755
vt 0.809821 0.929088
vt 0.808080 0.931141
vt 0.810746 0.929791
vt 0.810968 0.934041
vt 0.809451 0.938095
vt 0.811824 0.938186
vt 0.810935 0.941369
vt 0.808015 0.941079
vt 0.806207 0.946722
vt 0.808555 0.946069
vt 0.808907 0.947996
vt 0.806659 0.949047
vt 0.805940 0.933007
vt 0.798284 0.935239
vt 0.794114 0.936404
vt 0.799095 0.937081
vt 0.795132 0.938557
vt 0.790633 0.936957
vt 0.772906 0.941905
vt 0.766372 0.936149
vt 0.682028 0.950358
vt 0.810096 0.945150
vt 0.810612 0.946888
vt 0.708296 0.930644
vt 0.708000 0.929222
vt 0.709716 0.930688
vt 0.708423 0.933125
vt 0.708278 0.915837
vt 0.709248 0.913597
vt 0.710439 0.913499
vt 0.708740 0.916473
vt 0.711641 0.917965
vt 0.709869 0.919005
vt 0.720422 0.916122
vt 0.718288 0.919077
vt 0.714420 0.916841
vt 0.716058 0.911293
vt 0.810431 0.942977
vt 0.809297 0.943283
vt 0.761681 0.899029
vt 0.745373 0.921550
vt 0.718375 0.923302
vt 0.720205 0.922288
vt 0.720068 0.924561
vt 0.718841 0.925579
vt 0.731241 0.925804
vt 0.726668 0.924732
vt 0.713691 0.925884
vt 0.714065 0.922125
vt 0.716145 0.922306
vt 0.710438 0.922233
vt 0.712404 0.921685
vt 0.750700 0.917907
vt 0.756130 0.919494
vt 0.755901 0.922400
vt 0.750930 0.921676
vt 0.737585 0.925799
vt 0.734127 0.926283
vt 0.741049 0.925994
vt 0.744194 0.925507
vt 0.745216 0.925359
vt 0.758356 0.925635
vt 0.750826 0.925855
vt 0.708373 0.919730
vt 0.713567 0.928943
vt 0.713551 0.933268
vt 0.710408 0.927357
vt 0.718228 0.928005
vt 0.720060 0.928488
vt 0.729346 0.928472
vt 0.726295 0.928890
vt 0.737136 0.930008
vt 0.734959 0.929495
vt 0.740531 0.930400
vt 0.742856 0.929472
vt 0.744973 0.930081
vt 0.755935 0.930769
vt 0.746694 0.919735
vt 0.747411 0.922520
vt 0.746065 0.926373
vt 0.746483 0.929934
vt 0.750782 0.930180
vt 0.758899 0.923071
vt 0.733091 0.922051
vt 0.732826 0.925921
vt 0.756674 0.915490
vt 0.750858 0.914048
vt 0.745512 0.916184
vt 0.741924 0.913578
vt 0.737368 0.913727
vt 0.733440 0.915710
vt 0.727879 0.912279
vt 0.712139 0.911348
vt 0.723289 0.922724
vt 0.721930 0.919534
vt 0.721941 0.924894
vt 0.722892 0.927690
vt 0.731598 0.930426
vt 0.777427 0.945268
vt 0.759244 0.928117
vt 0.759556 0.934399
vt 0.756307 0.928124
vt 0.708940 0.924042
vt 0.708240 0.926823
vt 0.759741 0.917679
vt 0.704216 0.908030
vt 0.701418 0.908209
vt 0.705181 0.934459
vt 0.701991 0.934693
vt 0.702471 0.933231
vt 0.705508 0.933551
vt 0.707630 0.931759
vt 0.707289 0.933278
vt 0.699993 0.933263
vt 0.700402 0.934527
vt 0.699467 0.934235
vt 0.699133 0.932546
vt 0.704800 0.911951
vt 0.703118 0.911871
vt 0.702096 0.909165
vt 0.704192 0.908896
vt 0.706814 0.910076
vt 0.708441 0.912293
vt 0.707877 0.914567
vt 0.707093 0.909453
vt 0.709638 0.912221
vt 0.697223 0.909480
vt 0.694907 0.909611
vt 0.692950 0.910571
vt 0.691710 0.911925
vt 0.699861 0.909782
vt 0.698718 0.910457
vt 0.699976 0.911592
vt 0.699199 0.911538
vt 0.700187 0.913237
vt 0.699398 0.913136
vt 0.698732 0.933831
vt 0.698657 0.932228
vt 0.691822 0.913765
vt 0.691065 0.913906
vt 0.691628 0.930751
vt 0.691661 0.932490
vt 0.690887 0.933129
vt 0.690959 0.930725
vt 0.696346 0.912217
vt 0.694681 0.912644
vt 0.694319 0.931770
vt 0.697914 0.912157
vt 0.697052 0.931879
vt 0.698626 0.935473
vt 0.700128 0.936303
vt 0.696789 0.935429
vt 0.697097 0.936450
vt 0.693198 0.934696
vt 0.692686 0.935563
vt 0.695072 0.935246
vt 0.694765 0.936153
vt 0.695577 0.931890
vt 0.702046 0.936273
vt 0.705490 0.935573
vt 0.688271 0.909259
vt 0.689794 0.911774
vt 0.688143 0.910344
vt 0.690250 0.913797
vt 0.684905 0.909114
vt 0.685106 0.910254
vt 0.683226 0.912105
vt 0.682124 0.911871
vt 0.683291 0.914030
vt 0.682310 0.914207
vt 0.682887 0.930662
vt 0.683268 0.932598
vt 0.682016 0.930473
vt 0.685028 0.933377
vt 0.688142 0.933481
vt 0.689969 0.932562
vt 0.690383 0.930765
vt 0.682027 0.909874
vt 0.685670 0.912578
vt 0.685197 0.930457
vt 0.687663 0.931096
vt 0.687744 0.912844
vt 0.699202 0.941365
vt 0.700698 0.911620
vt 0.700915 0.913029
vt 0.701091 0.910331
vt 0.675950 0.947049
vt 0.674217 0.950364
vt 0.665001 0.950366
vt 0.666886 0.946702
vt 0.669648 0.942282
vt 0.676955 0.941307
vt 0.626198 0.922372
vt 0.625970 0.918307
vt 0.629535 0.919930
vt 0.628964 0.923573
vt 0.765834 0.922042
vt 0.764028 0.922331
vt 0.640698 0.934786
vt 0.645251 0.941742
vt 0.632269 0.941827
vt 0.634120 0.934389
vt 0.782164 0.907004
vt 0.785854 0.905491
vt 0.785451 0.906787
vt 0.608660 0.936691
vt 0.612862 0.934988
vt 0.614285 0.939186
vt 0.607581 0.939919
vt 0.795271 0.906051
vt 0.794514 0.903202
vt 0.800401 0.903780
vt 0.799518 0.906506
vt 0.770291 0.918769
vt 0.769170 0.922183
vt 0.768336 0.917595
vt 0.774213 0.914180
vt 0.774190 0.916864
vt 0.774075 0.921343
vt 0.803362 0.907287
vt 0.805484 0.912262
vt 0.801887 0.911840
vt 0.804149 0.904284
vt 0.792125 0.912132
vt 0.791086 0.914341
vt 0.786357 0.913595
vt 0.785752 0.911143
vt 0.800002 0.914312
vt 0.805077 0.916421
vt 0.803171 0.917245
vt 0.796141 0.912685
vt 0.796180 0.909351
vt 0.807882 0.918139
vt 0.809559 0.918729
vt 0.809041 0.921462
vt 0.806864 0.919509
vt 0.807131 0.915907
vt 0.803985 0.922099
vt 0.805020 0.923438
vt 0.801520 0.922683
vt 0.801486 0.920264
vt 0.805127 0.921234
vt 0.806979 0.922896
vt 0.802383 0.918640
vt 0.782152 0.913207
vt 0.781538 0.910623
vt 0.611110 0.905022
vt 0.612621 0.913510
vt 0.606471 0.914047
vt 0.604458 0.906617
vt 0.618516 0.905723
vt 0.617871 0.915117
vt 0.621575 0.912854
vt 0.628526 0.905865
vt 0.626367 0.912604
vt 0.622305 0.917982
vt 0.622568 0.922381
vt 0.620447 0.923050
vt 0.619116 0.919835
vt 0.629903 0.914344
vt 0.635055 0.905311
vt 0.635014 0.911454
vt 0.640529 0.905511
vt 0.642295 0.914841
vt 0.636323 0.917539
vt 0.637114 0.921719
vt 0.633861 0.923311
vt 0.632368 0.919550
vt 0.646683 0.904968
vt 0.646560 0.910264
vt 0.653395 0.904857
vt 0.651229 0.910649
vt 0.652658 0.899132
vt 0.659163 0.899148
vt 0.658212 0.904260
vt 0.646214 0.899131
vt 0.639268 0.899058
vt 0.634152 0.899088
vt 0.628283 0.899060
vt 0.618984 0.899052
vt 0.610739 0.899118
vt 0.663656 0.899120
vt 0.663116 0.904219
vt 0.673265 0.904465
vt 0.673198 0.911162
vt 0.671235 0.909654
vt 0.668978 0.904261
vt 0.668893 0.908772
vt 0.665947 0.908501
vt 0.678047 0.904603
vt 0.677938 0.899094
vt 0.673604 0.899110
vt 0.668444 0.899128
vt 0.678891 0.935267
vt 0.675336 0.935333
vt 0.652712 0.939056
vt 0.658364 0.946609
vt 0.658183 0.939989
vt 0.655656 0.950357
vt 0.642603 0.950353
vt 0.633695 0.950360
vt 0.790004 0.906072
vt 0.789395 0.904448
vt 0.791419 0.909053
vt 0.615886 0.950354
vt 0.622332 0.940601
vt 0.623106 0.950386
vt 0.628176 0.935736
vt 0.623914 0.935845
vt 0.619822 0.934364
vt 0.609492 0.950350
vt 0.645993 0.931835
vt 0.777535 0.913349
vt 0.777313 0.910990
vt 0.786467 0.916498
vt 0.782847 0.916384
vt 0.778484 0.916243
vt 0.781803 0.920307
vt 0.777948 0.920654
vt 0.785514 0.920327
vt 0.789252 0.920602
vt 0.792445 0.923437
vt 0.792908 0.920520
vt 0.797350 0.921226
vt 0.797084 0.924059
vt 0.802050 0.924643
vt 0.806532 0.925034
vt 0.808609 0.924804
vt 0.808041 0.922376
vt 0.809895 0.924372
vt 0.810688 0.923732
vt 0.810929 0.919454
vt 0.812397 0.920252
vt 0.809411 0.915420
vt 0.811779 0.915331
vt 0.807980 0.912432
vt 0.810894 0.912152
vt 0.806191 0.906794
vt 0.806638 0.904470
vt 0.808888 0.905514
vt 0.808536 0.907442
vt 0.805968 0.920501
vt 0.794121 0.917104
vt 0.798288 0.918233
vt 0.795127 0.914954
vt 0.799079 0.916406
vt 0.790624 0.916549
vt 0.772901 0.911600
vt 0.766369 0.917359
vt 0.810073 0.908362
vt 0.810593 0.906619
vt 0.656636 0.931380
vt 0.656391 0.933459
vt 0.654878 0.930815
vt 0.656780 0.929968
vt 0.655400 0.915961
vt 0.655121 0.916529
vt 0.652630 0.913753
vt 0.653870 0.913832
vt 0.654158 0.918995
vt 0.652065 0.918068
vt 0.642495 0.916356
vt 0.646433 0.911431
vt 0.648866 0.916954
vt 0.644896 0.919169
vt 0.810395 0.910541
vt 0.809261 0.910230
vt 0.601752 0.899039
vt 0.617988 0.921931
vt 0.645116 0.923354
vt 0.644883 0.925620
vt 0.643548 0.924698
vt 0.643217 0.922453
vt 0.633129 0.926051
vt 0.637380 0.925093
vt 0.650370 0.925691
vt 0.647296 0.922280
vt 0.649539 0.921993
vt 0.651410 0.921608
vt 0.653718 0.922163
vt 0.612553 0.918342
vt 0.612225 0.922081
vt 0.607120 0.922797
vt 0.607017 0.919932
vt 0.630193 0.926534
vt 0.626492 0.926080
vt 0.622646 0.926280
vt 0.619244 0.925823
vt 0.618181 0.925687
vt 0.612227 0.926191
vt 0.604241 0.925839
vt 0.655967 0.919534
vt 0.650688 0.928696
vt 0.654141 0.927158
vt 0.650581 0.933107
vt 0.645704 0.927971
vt 0.643853 0.928572
vt 0.635010 0.928674
vt 0.637870 0.929190
vt 0.626975 0.930141
vt 0.629296 0.929656
vt 0.623214 0.930533
vt 0.620697 0.929702
vt 0.618409 0.930324
vt 0.606579 0.930936
vt 0.616619 0.920155
vt 0.615871 0.922903
vt 0.617281 0.926673
vt 0.612167 0.930385
vt 0.616814 0.930171
vt 0.604010 0.923438
vt 0.631084 0.922390
vt 0.631520 0.926175
vt 0.612484 0.914484
vt 0.606641 0.915974
vt 0.617865 0.916629
vt 0.621547 0.914126
vt 0.626158 0.914281
vt 0.630184 0.916175
vt 0.635193 0.912628
vt 0.650489 0.911663
vt 0.641340 0.919829
vt 0.640254 0.923120
vt 0.641718 0.925175
vt 0.640993 0.927941
vt 0.632755 0.930598
vt 0.777421 0.908238
vt 0.602310 0.934475
vt 0.603165 0.928155
vt 0.606339 0.928309
vt 0.655545 0.923826
vt 0.656570 0.927314
vt 0.603388 0.918283
vt 0.661733 0.908396
vt 0.658779 0.908352
vt 0.659706 0.934847
vt 0.658728 0.933690
vt 0.661263 0.933403
vt 0.662697 0.934818
vt 0.657461 0.931909
vt 0.657692 0.933773
vt 0.664614 0.933487
vt 0.665436 0.932884
vt 0.665300 0.934468
vt 0.664316 0.934765
vt 0.658458 0.912304
vt 0.658839 0.909172
vt 0.661177 0.909344
vt 0.660832 0.911961
vt 0.654493 0.912423
vt 0.656148 0.910273
vt 0.655364 0.914605
vt 0.655849 0.909657
vt 0.653288 0.912429
vt 0.668709 0.909924
vt 0.666516 0.909655
vt 0.672251 0.912022
vt 0.670776 0.910833
vt 0.663856 0.909858
vt 0.665174 0.910574
vt 0.664833 0.911668
vt 0.664167 0.911695
vt 0.664898 0.913323
vt 0.664136 0.913353
vt 0.666068 0.932448
vt 0.666054 0.934053
vt 0.673298 0.913892
vt 0.672541 0.913849
vt 0.672795 0.931227
vt 0.673577 0.931152
vt 0.673477 0.933522
vt 0.672776 0.932826
vt 0.669337 0.913102
vt 0.667573 0.912808
vt 0.670666 0.932120
vt 0.666203 0.912515
vt 0.667591 0.932227
vt 0.666252 0.935663
vt 0.664695 0.936443
vt 0.668056 0.935614
vt 0.667747 0.936657
vt 0.671976 0.935911
vt 0.671484 0.935032
vt 0.669969 0.936411
vt 0.669684 0.935504
vt 0.669201 0.932038
vt 0.662766 0.936405
vt 0.659397 0.935858
vt 0.675712 0.909321
vt 0.675892 0.910385
vt 0.674193 0.911700
vt 0.674114 0.913702
vt 0.679099 0.909275
vt 0.679000 0.910430
vt 0.681065 0.912200
vt 0.681339 0.914157
vt 0.681034 0.930482
vt 0.680546 0.932402
vt 0.678842 0.933345
vt 0.676042 0.933509
vt 0.674379 0.932912
vt 0.674234 0.931106
vt 0.678764 0.912862
vt 0.678117 0.930671
vt 0.676073 0.930657
vt 0.676413 0.912796
vt 0.664648 0.941465
vt 0.663353 0.913039
vt 0.663300 0.911653
vt 0.662645 0.910402
vt 0.797066 0.926722
vt 0.802172 0.926713
vt 0.806970 0.926755
vt 0.809745 0.926762
vt 0.810996 0.926751
vt 0.811654 0.928388
vt 0.812402 0.933240
vt 0.811680 0.925123
vt 0.761633 0.915198
vt 0.761568 0.937953
vt 0.601621 0.937975
vt 0.601675 0.915959
vt 0.601655 0.950355
vt 0.761759 0.950353
vn 0.000417 0.599776 -0.800168
vn 0.000224 0.112582 0.993642
vn 0.001216 -0.111560 0.993757
vn 0.000676 -0.202789 0.979222
vn -0.000311 0.999953 0.009737
vn -0.000200 0.952654 -0.304056
vn -0.000197 0.990255 0.139268
vn 0.000043 0.967272 0.253741
vn 0.000269 0.852043 0.523472
vn 0.000427 0.624535 0.780997
vn -0.001549 0.350625 0.936515
vn -0.000325 0.459821 -0.888012
vn -0.000294 -0.218984 -0.975728
vn -0.003604 -0.601995 0.798492
vn -0.014199 -0.992360 0.122556
vn -0.010696 -0.991292 -0.131244
vn -0.022201 -0.092391 0.995475
vn -0.019583 -0.878095 0.478086
vn -0.013332 0.197791 0.980154
vn -0.016642 -0.676419 0.736329
vn -0.002922 0.745603 0.666384
vn -0.032479 -0.265734 0.963499
vn -0.027572 -0.456344 0.889376
vn -0.033935 -0.988507 0.147319
vn -0.009813 0.460979 0.887357
vn -0.000830 -0.109637 0.993971
vn 0.000291 -0.668652 0.743576
vn -0.070863 0.619120 0.782092
vn -0.005045 -0.392178 0.919876
vn -0.091616 0.613485 0.784374
vn -0.083266 0.610592 0.787556
vn -0.095221 0.609272 0.787223
vn -0.119754 0.496536 0.859716
vn -0.022058 -0.738850 0.673509
vn -0.015826 0.084411 0.996305
vn 0.002057 -0.900311 0.435242
vn 0.015781 -0.872919 0.487610
vn 0.031891 -0.832394 0.553265
vn 0.014049 -0.609908 0.792348
vn -0.005673 -0.031130 0.999499
vn -0.007999 -0.982110 0.188136
vn 0.006967 -0.595967 -0.802979
vn 0.001797 -0.023973 -0.999711
vn 0.006038 0.251355 -0.967876
vn 0.005292 0.447637 -0.894200
vn -0.005163 -0.816016 0.578006
vn -0.089791 0.100352 0.990892
vn 0.004017 0.900538 0.434758
vn 0.000163 0.351674 -0.936122
vn -0.000069 0.511544 -0.859257
vn -0.000201 0.282681 0.959214
vn 0.003682 -0.584629 -0.811292
vn -0.066746 -0.116275 0.990972
vn -0.003032 -0.105551 0.994409
vn -0.000316 0.849172 -0.528117
vn -0.000319 0.665882 -0.746057
vn -0.004778 0.175363 0.984492
vn -0.003324 0.236391 0.971652
vn -0.000358 -0.004652 -0.999989
vn -0.099472 0.584034 0.805611
vn -0.001287 -0.326298 0.945266
vn -0.000183 0.436098 0.899899
vn 0.990358 -0.078978 0.113813
vn 0.988525 -0.145538 0.040466
vn 0.832141 -0.520419 0.191587
vn 0.925476 -0.271546 0.264116
vn 0.837605 -0.004696 0.546257
vn 0.513253 0.547749 0.660714
vn 0.491750 0.507523 0.707532
vn 0.510952 0.557340 0.654447
vn 0.517190 0.661293 0.543328
vn 0.466389 0.883080 0.051482
vn 0.245525 0.804148 -0.541354
vn 0.127083 0.677037 -0.724894
vn 0.061194 0.615922 -0.785427
vn 0.329537 0.254207 0.909277
vn 0.733483 0.573154 0.365373
vn 0.706055 0.415933 0.573137
vn 0.736179 0.335140 0.587981
vn 0.506532 0.057598 0.860295
vn 0.710882 0.164303 0.683851
vn 0.544500 -0.104413 0.832237
vn 0.793689 -0.046650 0.606533
vn 0.463892 0.851759 -0.243538
vn 0.431526 0.901143 0.041549
vn 0.596790 0.799780 0.064758
vn 0.664779 0.725006 -0.180098
vn 0.224323 0.974332 0.018883
vn 0.225743 0.930123 -0.289674
vn 0.225155 0.963929 0.141935
vn 0.578520 0.802207 0.147577
vn 0.425639 0.892844 0.147178
vn 0.839296 0.537510 0.081643
vn 0.818278 0.559981 0.129780
vn 0.864590 0.501968 0.022618
vn 0.226064 0.940642 0.253156
vn 0.559005 0.796360 0.230920
vn 0.419657 0.873280 0.247527
vn 0.404173 0.774988 0.485837
vn 0.557426 0.712530 0.426119
vn 0.218952 0.829425 0.513921
vn 0.268803 0.615561 0.740830
vn 0.668848 0.475945 0.571068
vn 0.131097 0.624386 0.770036
vn 0.071516 0.343826 0.936306
vn 0.481918 0.342652 0.806439
vn 0.984295 0.150470 0.092314
vn 0.981220 0.146966 0.124935
vn 0.901655 0.199083 0.383906
vn 0.612703 0.485632 0.623504
vn 0.258272 0.434884 -0.862654
vn 0.683294 0.314151 -0.659104
vn 0.486517 0.378701 -0.787329
vn 0.953601 0.096518 -0.285184
vn 0.895755 -0.317083 -0.311578
vn 0.998008 -0.010056 -0.062279
vn 0.901456 -0.303597 -0.308554
vn 0.578657 -0.263936 -0.771683
vn 0.353660 -0.230787 -0.906456
vn 0.181198 -0.221429 -0.958195
vn 0.873152 -0.389090 -0.293625
vn 0.801425 -0.488892 -0.344531
vn 0.573666 -0.564225 -0.593766
vn 0.353347 -0.576670 -0.736613
vn 0.153339 -0.586657 -0.795186
vn 0.554624 -0.101352 -0.825905
vn 0.394223 0.841037 -0.370464
vn 0.593846 -0.540844 0.595680
vn 0.439237 -0.897558 -0.038225
vn 0.550630 -0.834322 -0.026706
vn 0.689415 -0.704642 0.167885
vn 0.572024 -0.816748 0.075572
vn 0.331547 -0.942128 -0.049707
vn 0.464095 -0.885149 0.033586
vn 0.651474 -0.669777 0.356342
vn 0.606781 -0.109288 0.787320
vn 0.727330 -0.145442 0.670699
vn 0.779884 -0.187601 0.597149
vn 0.714088 -0.119243 0.689826
vn 0.626770 -0.083346 0.774734
vn 0.757824 -0.559284 0.336013
vn 0.799441 -0.467415 0.377382
vn 0.865796 -0.448728 0.221450
vn 0.834561 -0.539093 0.113519
vn 0.870772 -0.351354 0.343956
vn 0.884561 -0.250579 0.393399
vn 0.936987 -0.276858 0.213082
vn 0.902525 -0.366809 0.225612
vn 0.983568 -0.028694 0.178245
vn 0.989054 0.024246 0.145548
vn 0.969566 -0.054304 0.238733
vn 0.987573 -0.135718 0.079241
vn 0.879878 -0.336302 0.335732
vn 0.960622 -0.212017 0.179595
vn 0.980256 -0.157343 0.119757
vn 0.788893 -0.238469 0.566375
vn 0.852441 -0.285833 0.437770
vn 0.795081 -0.238851 0.557492
vn 0.730016 -0.216786 0.648136
vn 0.735618 -0.189232 0.650429
vn 0.637252 0.027280 0.770173
vn 0.658126 -0.066667 0.749950
vn 0.633746 -0.190819 0.749636
vn 0.481404 -0.007795 0.876464
vn 0.533873 -0.386170 0.752232
vn 0.392059 0.765960 0.509504
vn 0.691828 0.184317 0.698142
vn 0.678892 0.112591 0.725554
vn 0.400340 0.729254 0.554902
vn 0.578305 0.003443 0.815814
vn 0.315806 0.726794 0.609949
vn -0.001261 -0.999695 0.024672
vn 0.588854 -0.420477 0.690253
vn 0.544731 -0.445828 0.710286
vn 0.037872 -0.995452 0.087415
vn 0.207238 -0.744096 0.635117
vn 0.041672 0.983419 0.176497
vn 0.608670 0.314558 0.728405
vn 0.200618 -0.970564 -0.133259
vn 0.442418 -0.715284 0.540958
vn 0.551855 -0.291643 0.781281
vn 0.689417 0.024439 0.723952
vn 0.646998 0.116845 0.753486
vn 0.807550 -0.348800 0.475607
vn 0.741964 -0.166544 0.649425
vn 0.779263 -0.300580 0.549910
vn 0.704845 -0.156226 0.691945
vn 0.498988 -0.327103 0.802505
vn 0.668765 -0.087345 0.738325
vn 0.671349 -0.131963 0.729298
vn 0.687562 -0.291508 0.665043
vn 0.621942 0.149381 0.768683
vn 0.582406 0.145030 0.799856
vn 0.570997 0.213808 0.792621
vn 0.334618 -0.001898 0.942352
vn 0.364961 0.060306 0.929068
vn 0.904663 0.294851 0.307648
vn 0.860007 0.014881 0.510064
vn 0.691005 -0.015299 0.722688
vn 0.786048 0.034941 0.617177
vn 0.859430 0.495789 -0.124795
vn 0.593665 -0.769294 0.236113
vn 0.561881 0.131888 0.816636
vn 0.785224 -0.090593 0.612549
vn 0.579455 -0.006811 0.814976
vn -0.109625 -0.897043 0.428131
vn -0.748537 -0.527528 0.401753
vn 0.565497 -0.809967 0.155455
vn 0.332687 -0.632175 -0.699768
vn -0.444370 -0.793808 -0.415216
vn 0.072714 -0.997169 0.019163
vn 0.671126 -0.476638 0.567808
vn 0.906224 0.361716 0.218907
vn 0.675515 -0.559072 0.480747
vn 0.882973 0.438927 0.166436
vn 0.417013 -0.021502 0.908646
vn 0.604855 0.110589 0.788620
vn 0.876029 0.230288 0.423721
vn 0.861992 0.301681 0.407379
vn 0.919282 0.278904 0.277728
vn 0.943544 0.230481 0.237916
vn 0.923286 0.146608 0.355034
vn 0.896674 0.253260 0.363091
vn 0.603690 0.184292 0.775625
vn 0.778603 0.060386 0.624605
vn 0.444270 0.125385 0.887075
vn 0.184973 0.171252 0.967707
vn 0.784195 0.280492 0.553501
vn 0.896215 0.222968 0.383515
vn 0.440346 0.212971 0.872204
vn 0.869674 0.278500 0.407560
vn 0.862002 0.333876 0.381417
vn 0.980137 0.029374 0.196136
vn 0.955259 0.140874 0.260067
vn 0.325622 0.099772 0.940221
vn 0.478472 -0.099328 0.872467
vn 0.623458 0.035214 0.781064
vn 0.401329 -0.139147 0.905303
vn 0.313575 -0.300455 0.900776
vn 0.739024 -0.003922 0.673667
vn 0.852206 -0.006340 0.523168
vn 0.924051 -0.036000 0.380569
vn 0.319780 -0.520057 0.792011
vn 0.675271 -0.330544 0.659355
vn 0.581129 -0.363955 0.727892
vn 0.768400 -0.313492 0.557929
vn 0.608100 -0.432694 0.665575
vn 0.500985 -0.480229 0.719996
vn 0.422302 -0.549485 0.720921
vn 0.236687 -0.773928 0.587380
vn 0.131021 -0.758170 0.638758
vn 0.354539 -0.604466 0.713388
vn 0.102452 -0.720497 0.685848
vn 0.167959 -0.491621 0.854458
vn 0.068967 -0.572699 0.816859
vn 0.257135 -0.641080 0.723117
vn 0.223545 -0.798392 0.559104
vn 0.291211 -0.639006 0.711946
vn 0.607201 -0.326307 0.724452
vn 0.706408 -0.135022 0.694807
vn 0.700741 -0.004472 0.713401
vn 0.514369 0.076661 0.854135
vn 0.632323 0.157019 0.758626
vn 0.287565 -0.511458 0.809763
vn 0.435731 -0.533594 0.724856
vn 0.685301 -0.104119 0.720779
vn 0.647518 -0.113017 0.753623
vn 0.508708 -0.443134 0.738138
vn 0.078785 -0.994491 0.069145
vn 0.590188 -0.049698 0.805735
vn 0.560815 0.252144 0.788613
vn 0.498692 0.102852 0.860656
vn 0.324882 -0.315244 0.891669
vn 0.588095 -0.721422 0.365643
vn 0.309056 -0.768408 0.560387
vn 0.255171 -0.772405 0.581617
vn 0.253436 -0.532165 0.807818
vn 0.712267 -0.496222 0.496426
vn 0.384532 -0.690620 0.612518
vn 0.492490 -0.696085 0.522418
vn 0.740261 -0.377626 0.556248
vn 0.087639 -0.078312 0.993069
vn 0.700250 -0.010013 0.713828
vn -0.010551 0.083021 0.996492
vn 0.812216 -0.285330 0.508815
vn 0.741245 0.131130 0.658302
vn 0.825311 0.008813 0.564610
vn 0.685201 -0.693128 0.223772
vn 0.694839 -0.706539 0.134169
vn 0.846782 -0.269537 -0.458595
vn 0.662857 0.097167 0.742414
vn 0.766478 -0.340263 0.544731
vn 0.969998 -0.145763 -0.194571
vn 0.883829 0.260173 0.388789
vn 0.510402 0.430196 0.744595
vn 0.926728 0.157146 -0.341293
vn 0.856949 -0.106233 -0.504334
vn 0.209585 0.340809 0.916474
vn 0.483937 -0.637488 -0.599511
vn -0.350453 -0.885793 -0.304225
vn -0.928137 -0.255915 0.270313
vn 0.354491 0.560715 0.748288
vn 0.132466 0.266571 0.954669
vn 0.124368 0.003612 0.992230
vn 0.237494 -0.964476 0.115682
vn 0.471881 -0.879335 0.064022
vn 0.549841 -0.835180 -0.012225
vn 0.669015 -0.690968 0.273827
vn 0.871564 0.093658 0.481253
vn 0.862681 0.043486 0.503876
vn 0.960031 -0.207242 0.188126
vn 0.995592 -0.093099 -0.011381
vn 0.868290 0.022153 -0.495563
vn 0.628370 0.024121 -0.777540
vn 0.368323 0.003923 -0.929690
vn 0.038314 -0.017151 -0.999119
vn 0.945970 0.177591 0.271296
vn 0.934634 0.248459 -0.254414
vn 0.641050 0.288259 -0.711310
vn 0.334678 0.252002 -0.908012
vn 0.041826 0.240122 -0.969841
vn 0.772171 0.623817 -0.120845
vn 0.543556 0.552538 -0.631861
vn 0.294928 0.471137 -0.831292
vn 0.061831 0.442726 -0.894522
vn 0.566516 -0.735998 0.370630
vn 0.296548 -0.803512 0.516166
vn 0.806953 0.272483 0.524004
vn 0.860020 0.238222 0.451239
vn 0.611559 -0.209373 0.762993
vn 0.569983 0.340525 0.747771
vn 0.639003 -0.182890 0.747145
vn 0.640512 -0.029957 0.767363
vn 0.478562 -0.118762 0.869985
vn 0.007157 -0.099390 0.995023
vn -0.145425 0.030798 0.988890
vn -0.015081 0.394518 0.918764
vn -0.441158 0.750021 0.492797
vn 0.477469 -0.381309 0.791597
vn 0.788417 0.271303 0.552081
vn 0.672314 -0.359745 0.646975
vn 0.945716 -0.098656 0.309658
vn 0.175504 0.524951 0.832841
vn 0.376119 0.589166 0.715134
vn 0.519779 0.597617 0.610478
vn 0.164475 0.597175 0.785067
vn 0.234852 0.618001 0.750279
vn 0.204363 -0.953249 -0.222603
vn -0.656745 -0.748660 0.090525
vn 0.182016 -0.374404 0.909226
vn -0.615136 -0.770975 -0.164941
vn 0.813458 -0.580266 0.039712
vn 0.420845 -0.893901 -0.154371
vn 0.118006 0.558690 0.820939
vn -0.067666 0.983637 0.166971
vn 0.714025 -0.610648 0.342457
vn 0.494297 0.406347 0.768474
vn 0.790622 0.519339 0.324351
vn 0.977116 0.212262 -0.013758
vn 0.941561 -0.314069 -0.121755
vn 0.193582 0.189540 0.962601
vn 0.536547 -0.836408 -0.111976
vn -0.044938 -0.998977 -0.005094
vn -0.607175 -0.782523 0.137825
vn -0.901475 -0.318137 0.293482
vn 0.427058 -0.837015 0.342092
vn 0.188999 0.920240 0.342692
vn 0.222914 0.930792 0.289717
vn 0.162183 0.973382 0.161938
vn -0.317002 0.919639 -0.231891
vn 0.517169 0.790182 0.328859
vn 0.775149 0.617961 0.131408
vn 0.977812 0.208069 0.024330
vn 0.960524 -0.019466 -0.277516
vn 0.831010 -0.454120 -0.321245
vn 0.902151 -0.314186 -0.295653
vn 0.980575 0.036428 -0.192732
vn 0.941040 0.333901 0.054346
vn 0.929808 0.358398 0.083710
vn 0.919957 0.371752 0.124418
vn 0.379332 0.893769 -0.239342
vn 0.702945 0.608451 -0.368314
vn 0.822158 0.288081 -0.490983
vn 0.764232 0.031724 -0.644160
vn 0.734837 -0.525635 -0.428629
vn 0.809338 -0.304719 -0.502114
vn 0.861307 0.211177 -0.462119
vn 0.795878 0.592462 -0.124765
vn 0.722932 0.686524 0.077808
vn 0.699024 0.701275 0.139924
vn 0.680007 0.703456 0.206740
vn 0.680183 0.621632 0.388490
vn 0.715658 0.529250 0.455772
vn 0.741174 0.301124 0.599988
vn 0.662671 0.298932 0.686663
vn 0.638305 -0.016789 0.769600
vn 0.520416 -0.404021 0.752286
vn 0.368792 -0.637204 0.676731
vn 0.201854 -0.563589 0.801014
vn -0.396306 -0.894131 -0.208496
vn 0.165346 0.588123 0.791690
vn 0.328524 -0.129571 0.935566
vn 0.335337 -0.180249 0.924694
vn 0.322605 0.094479 0.941807
vn 0.543592 -0.187887 0.818050
vn 0.539462 -0.203555 0.817035
vn 0.589116 -0.062570 0.805623
vn 0.611142 0.063572 0.788964
vn 0.624770 -0.119099 0.771672
vn 0.676070 -0.194784 0.710625
vn 0.696334 -0.403955 0.593245
vn 0.084505 -0.967166 -0.239684
vn -0.035030 0.995408 -0.089083
vn 0.286135 0.884836 0.367684
vn 0.656159 0.254373 0.710458
vn 0.672917 0.098900 0.733076
vn 0.664911 0.006279 0.746896
vn 0.739279 -0.151873 0.656050
vn 0.785444 -0.225262 0.576484
vn 0.823028 -0.380960 0.421301
vn 0.800597 -0.537530 0.264775
vn 0.714727 -0.696734 0.061046
vn 0.640924 -0.767597 -0.003272
vn 0.455648 0.417814 0.786013
vn 0.456347 0.791255 0.407017
vn 0.436157 0.666856 0.604211
vn 0.275492 0.957088 0.089924
vn 0.235072 0.949783 -0.206529
vn 0.094309 0.829954 -0.549803
vn 0.344404 0.914127 -0.213913
vn 0.166900 0.824237 -0.541090
vn 0.441091 0.891417 0.103992
vn -0.043957 0.551639 -0.832924
vn 0.028936 0.671840 -0.740130
vn 0.310232 0.676793 0.667613
vn 0.231070 0.876391 0.422547
vn 0.334651 0.721713 0.605920
vn 0.317317 0.737708 0.595901
vn 0.281709 0.733533 0.618522
vn 0.261353 0.756265 0.599799
vn -0.097494 0.421178 -0.901723
vn 0.001252 0.562390 -0.826871
vn 0.209892 0.596013 0.775057
vn 0.260430 0.633791 0.728345
vn 0.142399 0.538649 0.830410
vn 0.439232 0.641950 0.628471
vn 0.382224 0.625949 0.679774
vn 0.237292 0.454923 0.858334
vn 0.451330 0.630433 0.631550
vn 0.304009 0.580916 0.755060
vn 0.742897 0.252526 0.619947
vn 0.411775 -0.907360 0.084494
vn 0.843523 -0.368438 -0.390797
vn 0.946216 -0.302786 -0.113996
vn 0.767770 -0.472360 -0.432903
vn 0.812938 -0.440020 -0.381463
vn 0.407447 -0.533842 -0.740946
vn 0.650027 -0.498380 -0.573657
vn 0.125204 -0.566159 -0.814732
vn 0.953404 -0.301151 -0.018105
vn 0.868520 -0.300939 -0.393839
vn 0.387104 -0.482799 0.785529
vn 0.324568 -0.266088 0.907663
vn 0.165864 -0.114996 0.979421
vn 0.165596 -0.165747 0.972165
vn 0.363107 0.213921 0.906858
vn 0.504090 0.135340 0.852981
vn 0.988772 -0.056308 0.138414
vn 0.994202 -0.026219 0.104280
vn 0.906908 0.075644 0.414482
vn 0.229130 0.315122 0.920976
vn 0.225993 0.364210 0.903481
vn 0.239577 0.824531 -0.512593
vn 0.489670 0.744569 -0.453697
vn 0.698523 0.621403 -0.354858
vn 0.833319 0.490169 -0.255566
vn 0.923299 0.348638 -0.161152
vn 0.252005 0.642058 -0.724055
vn 0.498925 0.573929 -0.649368
vn 0.705417 0.477103 -0.524176
vn 0.857096 0.353636 -0.374605
vn 0.945526 0.220280 -0.239702
vn 0.997911 -0.043592 0.047673
vn 0.306920 0.864353 0.398365
vn 0.971591 -0.015256 0.236174
vn 0.942615 0.078181 0.324600
vn 0.890105 0.163055 0.425589
vn 0.808914 0.231419 0.540466
vn 0.712347 0.263538 0.650469
vn 0.547377 0.268771 0.792553
vn 0.428788 0.252726 0.867335
vn 0.100447 0.148822 0.983749
vn 0.509017 0.250725 0.823431
vn 0.973291 -0.083959 0.213670
vn 0.935089 -0.067617 0.347903
vn 0.508028 -0.581039 0.635846
vn 0.949867 -0.103276 0.295105
vn 0.242592 -0.881778 0.404495
vn 0.432612 -0.765614 -0.476111
vn 0.136854 -0.333252 -0.932853
vn 0.640266 -0.420783 -0.642651
vn 0.160444 0.928275 -0.335504
vn 0.849226 0.515790 0.113028
vn 0.201063 0.788373 0.581413
vn 0.843001 0.191941 0.502502
vn 0.840491 0.021186 0.541412
vn 0.914195 -0.141049 0.379938
vn 0.813472 -0.295907 0.500702
vn 0.149631 -0.699326 -0.698966
vn 0.093557 0.234588 0.967582
vn 0.466984 0.273779 0.840816
vn 0.567204 0.275575 0.776105
vn 0.734580 0.256065 0.628349
vn 0.812949 0.230915 0.534596
vn 0.876845 0.182240 0.444894
vn 0.925706 0.112074 0.361260
vn 0.965434 -0.069375 0.251246
vn 0.947033 -0.046026 0.317821
vn 0.852509 0.052709 0.520047
vn 0.866978 -0.102555 0.487681
vn 0.890082 0.227334 -0.395060
vn 0.195990 0.383308 -0.902587
vn 0.572991 0.320246 -0.754403
vn 0.958260 -0.150816 -0.242885
vn 0.945051 -0.188291 -0.267257
vn 0.935696 -0.163713 -0.312522
vn 0.837060 -0.091814 -0.539353
vn 0.606345 -0.016441 -0.795032
vn 0.409127 0.005451 -0.912461
vn 0.221087 -0.000502 -0.975254
vn 0.836939 0.355109 0.416450
vn 0.832733 0.335498 0.440451
vn 0.669105 0.326124 0.667789
vn 0.553226 0.299934 0.777162
vn 0.349417 0.222469 0.910173
vn 0.289126 0.171374 0.941826
vn 0.508946 -0.024037 0.860463
vn 0.660749 -0.137613 0.737884
vn 0.787422 -0.223892 0.574316
vn 0.987507 -0.115739 0.106931
vn 0.992730 -0.083933 0.086273
vn 0.993101 -0.071695 0.092788
vn 0.979109 -0.100109 0.176985
vn 0.954356 -0.117196 0.274716
vn 0.933377 -0.221317 0.282534
vn 0.209943 -0.976180 0.054738
vn 0.251031 -0.946937 -0.200733
vn 0.947910 -0.318437 -0.008020
vn 0.554690 -0.057614 0.830060
vn 0.863245 -0.238729 0.444765
vn 0.903994 -0.270641 0.330981
vn 0.918193 -0.295031 0.264346
vn 0.817135 -0.220661 0.532540
vn 0.575688 -0.270460 0.771644
vn 0.296060 0.523275 0.799082
vn 0.447242 0.320852 0.834883
vn 0.620255 0.153064 0.769321
vn 0.698635 -0.101266 0.708276
vn 0.712250 -0.244192 0.658081
vn 0.757684 -0.600156 0.256372
vn 0.969801 -0.167121 0.177642
vn 0.894277 0.140438 0.424907
vn 0.697386 0.495961 0.517373
vn 0.506943 0.580507 0.637198
vn 0.439984 0.619684 0.649927
vn 0.062471 0.168426 0.983733
vn 0.275164 -0.052795 0.959946
vn 0.348275 -0.165399 0.922685
vn 0.373884 -0.305090 0.875860
vn -0.046945 0.349570 0.935733
vn 0.339774 -0.589800 0.732591
vn -0.099802 0.466807 0.878710
vn -0.185003 -0.849899 -0.493403
vn -0.265960 -0.721249 -0.639582
vn -0.319642 -0.834807 -0.448249
vn -0.296150 -0.872651 -0.388298
vn -0.207116 -0.889588 -0.407107
vn -0.018882 -0.914008 -0.405257
vn 0.008677 0.945874 -0.324418
vn -0.005887 -0.960464 -0.278341
vn -0.246443 -0.942978 -0.223736
vn -0.324899 0.908213 -0.263798
vn -0.487350 0.847149 -0.211729
vn -0.450298 -0.877210 -0.166538
vn -0.672727 0.722731 -0.158421
vn -0.535460 -0.836045 -0.119632
vn -0.941820 -0.315730 -0.115279
vn -0.812224 0.571964 -0.114668
vn -0.926071 0.366135 -0.091308
vn -0.991504 0.080269 -0.102357
vn -0.181685 0.898787 -0.398964
vn -0.079207 0.947916 -0.308514
vn -0.029529 0.969736 -0.242363
vn 0.011245 0.987140 -0.159464
vn -0.004273 -0.761411 -0.648255
vn -0.338839 -0.686124 -0.643756
vn -0.437372 -0.614038 -0.657010
vn -0.437930 -0.537111 -0.720923
vn -0.579692 -0.539784 -0.610402
vn -0.945756 0.195518 -0.259457
vn -0.551142 0.746757 -0.372284
vn -0.356933 0.819539 -0.448279
vn -0.001346 0.659513 0.751692
vn 0.002590 -0.403298 0.915065
vn -0.016755 -0.506113 0.862304
vn -0.292303 0.698733 0.652940
vn -0.532380 0.512160 0.673991
vn -0.113620 -0.540264 0.833790
vn -0.732708 0.240535 0.636618
vn -0.515607 -0.333324 0.789332
vn -0.352354 -0.582558 -0.732443
vn -0.500193 -0.513481 -0.697240
vn -0.605082 -0.511613 -0.610022
vn -0.839006 -0.421431 -0.344187
vn -0.925224 0.312319 -0.215445
vn -0.859896 0.439527 -0.259603
vn -0.758325 0.561211 -0.331641
vn -0.618105 0.656600 -0.432229
vn -0.437097 0.722282 -0.535961
vn -0.282993 0.739238 -0.611099
vn 0.007363 0.727534 -0.686032
vn 0.001178 -0.685444 -0.728125
vn 0.001426 -0.920992 0.389578
vn -0.157916 -0.926397 0.341834
vn -0.206646 -0.896264 0.392439
vn -0.295680 -0.882950 0.364654
vn -0.608792 -0.743279 0.277322
vn -0.889882 -0.328712 0.316319
vn -0.922798 0.325121 0.206736
vn -0.779007 0.609919 0.145418
vn -0.674620 0.727169 0.126936
vn -0.509994 0.857460 0.068326
vn -0.317100 0.948356 -0.008315
vn -0.000487 0.999979 0.006511
vn -0.287545 0.939564 0.185844
vn -0.158209 0.977618 0.138682
vn -0.366076 0.903066 0.224633
vn 0.216384 -0.956435 -0.195987
vn -0.376098 -0.906721 -0.190809
vn -0.929226 -0.337530 -0.150372
vn -0.958657 0.198309 0.204086
vn -0.688725 -0.713446 -0.129043
vn 0.906039 -0.377009 0.192243
vn 0.426020 -0.897618 -0.113084
vn 0.179885 0.983096 -0.034105
vn 0.652906 0.690348 0.311662
vn -0.335332 0.909909 0.244167
vn -0.243875 0.949678 0.196560
vn -0.420175 0.865600 0.272376
vn 0.232756 -0.837115 0.495038
vn -0.035295 -0.895237 0.444190
vn -0.797806 -0.440307 0.411867
vn -0.775319 0.530120 0.343298
vn -0.479489 -0.766975 0.426427
vn 0.693905 -0.291708 0.658333
vn 0.353550 -0.763326 0.540681
vn 0.083696 0.996475 -0.005693
vn 0.577821 0.156631 0.800993
vn -0.209809 0.600191 0.771849
vn -0.106154 0.628009 0.770932
vn -0.359177 0.582432 0.729222
vn 0.135235 -0.254295 0.957625
vn -0.105355 -0.310680 0.944658
vn -0.633284 -0.161732 0.756832
vn -0.529164 0.358440 0.769094
vn -0.469143 -0.256942 0.844918
vn 0.342067 -0.136769 0.929669
vn 0.259909 -0.193597 0.946027
vn -0.012907 0.653411 0.756893
vn 0.101129 0.666243 0.738846
vn 0.952813 -0.302903 -0.019952
vn 0.964000 -0.264685 0.025399
vn 0.971262 -0.209173 -0.113565
vn 0.505976 -0.645212 -0.572442
vn 0.132858 -0.552021 -0.823178
vn 0.512935 -0.556178 -0.653883
vn 0.899232 -0.397869 -0.181886
vn 0.762911 -0.626162 -0.160896
vn 0.471516 -0.698924 0.537752
vn 0.456442 -0.297916 0.838395
vn 0.846429 -0.283433 0.450803
vn 0.856721 -0.208865 0.471598
vn 0.858315 -0.072551 0.507967
vn 0.773879 -0.575572 0.264250
vn 0.819824 -0.562609 0.106578
vn 0.867486 -0.497317 0.011956
vn 0.951541 -0.307414 0.008172
vn 0.961150 -0.052209 0.271043
vn 0.818369 -0.307216 0.485685
vn 0.823569 -0.564885 -0.051371
vn 0.907300 -0.418414 -0.041668
vn 0.947588 -0.302024 0.104206
vn 0.961720 -0.202216 0.184941
vn 0.966880 -0.108660 0.230947
vn 0.729014 -0.022067 0.684143
vn 0.979709 -0.187009 0.072096
vn 0.748813 -0.202664 -0.631036
vn 0.173348 -0.104631 -0.979287
vn 0.057956 -0.210609 0.975851
vn 0.619825 -0.186868 0.762166
vn 0.913686 -0.401282 0.064422
vn 0.965715 -0.251005 0.066273
vn 0.002758 0.144102 0.989559
vn 0.689973 -0.015540 0.723669
vn 0.434468 -0.567792 0.699178
vn 0.950334 -0.311068 -0.010102
vn 0.731079 -0.251992 -0.634053
vn 0.959628 -0.148901 0.238625
vn 0.942527 -0.310580 -0.123220
vn 0.989335 -0.058504 0.133390
vn 0.788887 -0.512573 0.339008
vn 0.966489 -0.168501 0.193664
vn 0.857901 -0.316017 0.405142
vn 0.802055 -0.136029 0.581553
vn 0.663432 -0.421029 -0.618541
vn 0.999400 -0.022080 0.026689
vn 0.922897 -0.160779 0.349873
vn 0.885219 0.245110 -0.395359
vn 0.878562 -0.136832 -0.457609
vn 0.039149 0.301766 0.952578
vn 0.717495 -0.113240 0.687298
vn 0.857034 0.378898 -0.349185
vn 0.937851 0.347028 0.002544
vn 0.883016 0.466357 -0.052848
vn 0.967588 0.204969 0.147515
vn 0.821555 0.563304 0.087954
vn 0.776476 -0.118722 0.618862
vn 0.208028 0.511931 0.833458
vn 0.954244 0.103807 0.280432
vn 0.775583 0.513935 0.366527
vn 0.747196 -0.262672 -0.610492
vn 0.911789 -0.283746 -0.296866
vn 0.856252 -0.415093 -0.307457
vn 0.848553 -0.429267 -0.309334
vn 0.836990 -0.441945 -0.322694
vn 0.753168 -0.480530 -0.449254
vn 0.547896 -0.500846 -0.670047
vn 0.326831 -0.476424 -0.816212
vn 0.166244 -0.452980 -0.875884
vn 0.003199 -0.443787 -0.896127
vn 0.521757 -0.689114 -0.502883
vn -0.007462 0.300611 0.953718
vn 0.508704 0.189987 0.839717
vn 0.601402 0.129053 0.788455
vn 0.651852 0.062013 0.755806
vn 0.616089 -0.027222 0.787206
vn 0.645453 -0.124437 0.753595
vn 0.650553 -0.194315 0.734182
vn 0.642956 -0.158080 0.749412
vn 0.671669 -0.091883 0.735131
vn 0.684830 -0.066655 0.725648
vn 0.653703 -0.078569 0.752661
vn 0.571563 -0.110041 0.813146
vn 0.443742 -0.136929 0.885631
vn -0.013665 -0.024729 0.999601
vn -0.012212 0.593904 0.804443
vn 0.417661 0.534885 0.734478
vn 0.501109 0.560685 0.659183
vn 0.504671 0.602224 0.618574
vn 0.452938 0.683238 0.572741
vn 0.344393 0.784627 0.515513
vn -0.105816 0.988504 0.107999
vn 0.011902 0.998048 0.061305
vn 0.172527 0.559741 0.810509
vn 0.164868 -0.136075 0.976884
vn 0.193490 -0.179036 0.964628
vn 0.241755 0.107230 0.964394
vn 0.271052 0.282063 0.920310
vn 0.348146 0.088535 0.933250
vn 0.392528 -0.063224 0.917564
vn 0.414918 -0.081977 0.906158
vn 0.557594 0.044374 0.828927
vn 0.627366 0.117641 0.769787
vn 0.648324 0.000769 0.761364
vn 0.676895 -0.047752 0.734529
vn 0.701025 -0.097573 0.706430
vn 0.649821 -0.386893 0.654253
vn -0.015095 -0.993440 -0.113357
vn -0.312310 -0.759380 -0.570793
vn -0.426044 -0.498152 -0.755202
vn -0.729233 -0.491366 -0.476214
vn -0.734468 -0.669950 -0.108273
vn 0.104043 -0.983949 -0.144982
vn 0.205774 0.812010 0.546165
vn -0.170612 0.973215 0.154092
vn -0.311116 -0.830917 -0.461286
vn -0.489369 0.850878 -0.191114
vn -0.641089 0.719516 -0.267025
vn -0.571469 -0.515542 -0.638467
vn -0.400393 -0.740331 -0.539996
vn -0.400487 -0.561418 -0.724168
vn -0.710561 -0.587449 -0.387306
vn -0.574981 -0.374720 -0.727311
vn 0.008007 -0.627315 -0.778724
vn -0.382566 -0.458234 -0.802287
vn -0.458308 -0.356531 -0.814150
vn -0.498681 -0.316085 -0.807098
vn -0.059371 0.617861 0.784043
vn 0.868722 0.432550 0.241294
vn 0.805780 0.556695 0.202010
vn 0.939139 0.329906 -0.095817
vn 0.704607 -0.668662 0.237529
vn 0.427783 -0.749854 0.504698
vn -0.013804 -0.409802 0.912070
vn -0.393465 0.191850 0.899099
vn 0.995448 0.012523 -0.094485
vn 0.978964 0.146160 -0.142362
vn 0.886466 0.041335 0.460944
vn -0.244344 0.101512 0.964361
vn -0.051344 -0.865120 0.498930
vn 0.698267 -0.304838 0.647686
vn 0.926199 -0.282568 0.249622
vn 0.893001 -0.279565 0.352693
vn 0.854721 -0.288929 0.431244
vn 0.831550 -0.254879 0.493520
vn 0.778866 -0.186318 0.598877
vn 0.721149 -0.193780 0.665127
vn 0.639933 -0.226921 0.734161
vn 0.464808 -0.295812 0.834535
vn 0.243637 -0.364204 0.898886
vn 0.186957 -0.294297 0.937249
vn 0.696893 -0.243102 -0.674716
vn 0.731720 -0.109601 -0.672736
vn -0.458836 0.862266 -0.214399
vn 0.925094 -0.248830 0.286852
vn 0.955145 -0.204227 0.214449
vn 0.977676 -0.158573 0.137853
vn 0.988774 -0.134469 0.065149
vn 0.987317 -0.145747 -0.062954
vn 0.924853 -0.346786 -0.156162
vn 0.932442 -0.320743 0.166364
vn 0.938805 -0.342260 0.038779
vn 0.847577 -0.491649 -0.199734
vn 0.821949 -0.563806 -0.080762
vn 0.816930 -0.576492 0.016822
vn 0.838422 -0.484190 0.250217
vn 0.863572 -0.199631 0.463023
vn 0.894244 -0.175823 0.411600
vn 0.913313 -0.149352 0.378884
vn 0.938354 -0.117267 0.325177
vn 0.981901 -0.067400 0.176999
vn 0.996269 0.011431 -0.085542
vn 0.925455 0.098379 -0.365862
vn 0.808688 0.160724 -0.565855
vn 0.647309 0.181303 -0.740351
vn 0.337931 0.157315 -0.927930
vn 0.019656 0.133448 -0.990861
vn 0.004845 0.135479 -0.990768
vn 0.791849 -0.610716 0.001440
vn 0.704773 -0.709380 0.008653
vn 0.882241 -0.470670 -0.011009
vn 0.949921 -0.312396 0.007632
vn 0.895140 -0.347566 -0.279145
vn 0.883041 -0.292877 -0.366689
vn 0.692857 -0.675364 0.252650
vn 0.735100 -0.458928 0.499012
vn 0.831145 -0.368108 0.416767
vn 0.915945 -0.263479 0.302693
vn 0.883685 -0.310515 0.350260
vn 0.940300 -0.221113 0.258735
vn 0.773301 -0.421401 0.473737
vn 0.704092 -0.489174 0.514746
vn 0.640040 -0.088554 0.763222
vn 0.662075 -0.250784 0.706232
vn 0.748017 -0.085004 0.658214
vn 0.763243 -0.235901 0.601507
vn 0.616933 0.030609 0.786420
vn 0.671414 0.040779 0.739960
vn 0.721018 0.043459 0.691553
vn 0.936087 -0.327625 -0.128075
vn 0.984067 -0.177799 -0.000398
vn 0.983320 -0.176255 0.044891
vn 0.967992 -0.183900 -0.170801
vn 0.671446 -0.133932 -0.728851
vn 0.405801 -0.203417 -0.891037
vn 0.057669 -0.234606 -0.970379
vn 0.000294 -0.237119 -0.971481
vn 0.794482 -0.061031 -0.604214
vn 0.984372 -0.003999 0.176055
vn 0.983055 -0.144007 0.113424
vn 0.871908 -0.020468 -0.489241
vn 0.952912 -0.033732 -0.301364
vn 0.994789 -0.083963 -0.057838
vn 0.982180 -0.184343 -0.036594
vn 0.985678 -0.026317 0.166574
vn 0.988288 0.071166 0.134992
vn 0.998603 -0.031468 0.042440
vn 0.993032 0.080696 0.085878
vn 0.981565 0.131707 -0.138508
vn 0.972086 0.222880 -0.073306
vn 0.956374 0.292139 -0.002069
vn 0.893134 0.445118 -0.064666
vn -0.000183 0.992033 -0.125977
vn 0.221752 0.968717 -0.111419
vn 0.441677 0.894023 -0.075129
vn 0.624349 0.780251 -0.037371
vn 0.756106 0.654389 -0.008898
vn 0.527656 -0.353714 -0.772312
vn 0.615343 -0.347919 0.707323
vn 0.543253 -0.356957 0.759906
vn 0.465275 -0.409099 0.784957
vn 0.336367 -0.549850 0.764541
vn 0.188457 -0.759079 0.623123
vn 0.188961 -0.764676 0.616088
vn 0.215595 -0.707291 0.673244
vn 0.294198 -0.602740 0.741722
vn 0.845716 -0.134006 0.516533
vn 0.914509 -0.066359 0.399086
vn 0.836710 0.036909 0.546401
vn -0.110532 0.367887 0.923278
vn 0.650800 -0.335018 0.681339
vn -0.025755 0.219615 0.975247
vn 0.509730 0.289389 0.810203
vn 0.592981 0.359598 0.720461
vn 0.611680 0.410621 0.676194
vn 0.579469 0.466897 0.667999
vn 0.516910 0.539567 0.664584
vn 0.422952 0.517338 0.743958
vn 0.682969 -0.302124 0.665037
vn 0.272469 -0.928305 0.253001
vn 0.454553 -0.855211 0.248990
vn 0.519035 -0.797582 0.307353
vn 0.395904 -0.824310 0.404690
vn 0.369107 -0.792112 0.486126
vn 0.377854 -0.752471 0.539457
vn 0.381218 -0.737988 0.556819
vn -0.035480 -0.751605 0.658658
vn 0.119039 -0.127921 0.984615
vn 0.067951 0.302912 0.950593
vn 0.083683 0.433187 0.897411
vn 0.211100 0.042360 0.976546
vn 0.290535 -0.432243 0.853672
vn 0.277001 -0.735812 0.617941
vn 0.162569 -0.984155 0.070778
vn 0.013455 -0.907571 -0.419683
vn -0.078264 -0.761637 -0.643260
vn -0.147712 -0.593576 -0.791106
vn -0.111467 -0.674925 -0.729418
vn -0.090700 -0.921075 -0.378673
vn -0.148614 0.922574 -0.356050
vn -0.138917 0.732339 -0.666619
vn -0.046074 0.987096 -0.153359
vn 0.075876 0.905797 0.416864
vn 0.150127 0.728626 0.668257
vn 0.249861 0.540702 0.803251
vn 0.365002 0.232451 0.901521
vn 0.424460 -0.130141 0.896045
vn 0.415860 -0.539209 0.732335
vn 0.342775 -0.566758 0.749193
vn 0.271846 -0.118833 0.954976
vn 0.303711 0.095464 0.947970
vn 0.427266 -0.085015 0.900120
vn 0.468210 -0.774588 0.425197
vn 0.332005 -0.941197 0.062613
vn 0.176779 -0.980039 -0.090955
vn 0.894724 -0.234399 0.380165
vn 0.964969 -0.174411 0.196000
vn 0.992195 0.008207 0.124423
vn 0.995448 -0.005709 0.095131
vn 0.458246 -0.649019 0.607277
vn 0.629125 -0.777020 -0.021019
vn 0.634904 -0.758180 -0.148530
vn 0.123891 -0.604594 0.786840
vn 0.220306 -0.761191 0.609962
vn 0.221360 -0.798421 0.559932
vn 0.251871 -0.739405 0.624372
vn 0.275834 -0.452566 0.847998
vn 0.243572 -0.016065 0.969750
vn 0.684124 0.117072 0.719909
vn 0.492131 0.316698 0.810869
vn 0.677414 0.357476 0.642900
vn 0.795219 0.313492 0.518989
vn 0.898029 0.224537 0.378321
vn 0.953122 0.133139 0.271722
vn 0.981681 0.041517 0.185954
vn 0.176476 0.123593 0.976515
vn 0.253767 0.192534 0.947910
vn 0.362948 0.257344 0.895568
vn 0.963857 0.085104 0.252462
vn 0.980889 0.090759 0.172106
vn 0.979156 0.019498 0.202171
vn 0.973657 -0.035752 0.225195
vn 0.510762 0.112747 0.852297
vn 0.550009 -0.189297 0.813423
vn 0.519564 -0.525198 0.673959
vn 0.062466 -0.195491 0.978714
vn -0.182504 -0.205633 0.961461
vn -0.324008 -0.031241 0.945538
vn -0.280149 0.188789 0.941209
vn 0.006874 0.358700 0.933428
vn 0.445457 0.137637 0.884660
vn 0.568694 -0.097262 0.816779
vn 0.620178 -0.256797 0.741239
vn 0.636192 -0.311446 0.705877
vn 0.670444 -0.243130 0.700994
vn 0.692231 -0.207832 0.691102
vn 0.814874 -0.158765 0.557471
vn 0.937928 -0.072205 0.339230
vn 0.156721 0.435293 0.886543
vn -0.000227 0.476337 0.879263
vn 0.317974 -0.028790 0.947662
vn 0.296133 -0.100236 0.949873
vn 0.380062 -0.494944 0.781398
vn 0.978219 0.003207 0.207549
vn 0.987165 0.028143 0.157202
vn 0.964768 -0.077953 0.251290
vn 0.964366 -0.060720 0.257509
vn 0.754321 -0.052885 0.654372
vn 0.974627 0.001864 0.223829
vn 0.597180 0.005373 0.802089
vn 0.449910 0.112019 0.886020
vn 0.312465 0.208124 0.926849
vn 0.256465 0.265428 0.929394
vn 0.295987 0.317462 0.900894
vn 0.475330 0.456949 0.751837
vn 0.602247 0.486096 0.633253
vn 0.817839 0.410711 0.403057
vn 0.841187 0.367628 0.396554
vn -0.109938 0.551085 0.827175
vn 0.899208 -0.036996 0.435955
vn -0.367818 0.897777 0.242296
vn 0.323188 0.628497 0.707489
vn 0.708655 0.061898 0.702835
vn 0.696753 0.097140 0.710703
vn 0.717673 0.196046 0.668216
vn 0.857219 0.137985 0.496121
vn 0.959906 0.116231 0.255090
vn -0.602793 -0.619962 -0.502283
vn -0.393380 -0.656869 -0.643254
vn -0.188204 -0.782140 -0.594001
vn 0.222873 -0.944610 -0.240913
vn 0.579054 -0.777220 0.246221
vn 0.642871 -0.541376 0.541876
vn 0.594735 -0.385339 0.705553
vn 0.589487 -0.204425 0.781483
vn 0.620782 -0.057436 0.781876
vn 0.624945 -0.005563 0.780649
vn 0.982149 0.098938 0.159984
vn 0.989020 0.070818 0.129709
vn 0.984568 0.071065 0.159921
vn 0.558199 0.143405 -0.817220
vn 0.195809 0.123436 -0.972842
vn 0.838452 -0.029297 -0.544187
vn 0.976672 -0.150579 0.153096
vn 0.551114 -0.146618 0.821448
vn 0.659633 -0.360768 0.659341
vn 0.195325 -0.542208 0.817226
vn 0.562607 0.540913 -0.625209
vn 0.194257 0.678070 -0.708862
vn 0.883870 0.436004 -0.169333
vn 0.893586 -0.065350 0.444109
vn 0.401476 -0.482065 0.778736
vn 0.619841 -0.767769 0.162258
vn 0.811037 -0.541845 0.220506
vn 0.830277 0.430295 0.354241
vn 0.143223 0.974068 0.175155
vn 0.248613 0.967731 0.041091
vn 0.970390 -0.056095 0.234940
vn 0.958082 0.021770 0.285665
vn 0.958484 0.173361 0.226397
vn 0.416335 -0.403056 0.814992
vn 0.386256 -0.010495 0.922332
vn 0.333429 0.345145 0.877326
vn 0.922778 -0.267768 0.277093
vn 0.971402 -0.109144 0.210869
vn 0.961686 -0.189303 0.198303
vn 0.873599 -0.356387 0.331380
vn 0.501331 -0.288580 0.815714
vn 0.619517 -0.082483 0.780638
vn 0.738589 0.077552 0.669681
vn 0.819393 0.018782 0.572924
vn 0.865472 -0.169699 0.471339
vn 0.497184 -0.414490 0.762237
vn 0.317071 -0.609663 0.726483
vn 0.723942 -0.454710 0.518794
vn 0.959733 0.101790 0.261823
vn 0.989766 -0.004303 0.142632
vn 0.986698 -0.060455 0.150902
vn 0.952681 -0.123037 0.277957
vn 0.902891 -0.312400 0.295287
vn 0.852229 -0.251591 0.458702
vn 0.871587 -0.346149 0.347155
vn 0.925028 0.066377 0.374054
vn 0.869836 0.068186 0.488607
vn 0.727391 -0.374464 0.575048
vn 0.912816 0.174631 0.369149
vn 0.934352 0.138310 0.328416
vn 0.948997 -0.087215 0.302983
vn 0.931525 -0.115093 0.344985
vn 0.978358 0.042323 0.202545
vn 0.965861 0.025425 0.257810
vn 0.933792 0.333251 0.130295
vn 0.953054 0.049241 0.298771
vn 0.844899 -0.448762 -0.291132
vn 0.917628 -0.330637 -0.220541
vn 0.887732 -0.306078 -0.343873
vn 0.938598 -0.130361 -0.319437
vn -0.060535 0.611198 0.789160
vn -0.238808 0.403948 0.883061
vn -0.115090 0.853367 0.508448
vn -0.058288 0.757765 0.649920
vn 0.935013 -0.205887 -0.288725
vn 0.884949 -0.277825 -0.373737
vn 0.980249 -0.188242 0.060641
vn 0.989448 -0.127277 0.069239
vn 0.992441 -0.117417 -0.035706
vn 0.954290 -0.110103 -0.277863
vn 0.885048 -0.126540 -0.447971
vn 0.219442 0.190424 0.956861
vn 0.244331 0.241463 0.939148
vn 0.261021 0.318211 0.911378
vn 0.309625 0.221600 0.924676
vn 0.351365 0.257546 0.900118
vn 0.379215 0.329465 0.864667
vn 0.931319 0.162779 0.325805
vn 0.953811 0.142828 0.264281
vn 0.971996 0.141799 0.187395
vn 0.003459 0.089863 -0.995948
vn 0.019537 0.099455 -0.994850
vn 0.346273 0.124587 -0.929824
vn 0.631534 0.126145 -0.765018
vn 0.777280 0.096871 -0.621653
vn 0.888933 0.053433 -0.454909
vn 0.979304 -0.013974 -0.201910
vn 0.991800 -0.100641 0.078768
vn 0.952285 -0.171189 0.252680
vn 0.924171 -0.215126 0.315640
vn 0.901852 -0.246293 0.354970
vn 0.870502 -0.275043 0.408139
vn 0.822044 -0.304155 0.481387
vn 0.766507 -0.327991 0.552168
vn 0.724077 -0.347709 0.595660
vn 0.683559 -0.374828 0.626299
vn 0.591438 -0.416575 0.690410
vn 0.369785 -0.462349 0.805911
vn -0.003159 -0.482457 0.875914
vn -0.000079 -0.450919 -0.892565
vn 0.086412 -0.441274 -0.893202
vn 0.430891 -0.404700 -0.806568
vn 0.722759 -0.342758 -0.600114
vn 0.833885 -0.237818 -0.498074
vn 0.104188 0.500378 0.859515
vn 0.000058 0.504218 0.863576
vn 0.259383 0.535806 0.803512
vn 0.426036 0.472788 0.771340
vn 0.558141 0.440899 0.702913
vn 0.825248 0.350568 0.442795
vn 0.892389 0.351544 0.282945
vn 0.802261 0.475004 0.361592
vn 0.807731 0.418021 0.415727
vn 0.806568 0.557870 0.195524
vn 0.908146 0.368240 0.199176
vn 0.997321 -0.060109 0.041685
vn 0.994837 0.079517 0.063051
vn 0.986317 0.150295 0.067753
vn 0.936145 0.349316 0.040128
vn 0.987092 0.159590 -0.013434
vn 0.996081 0.085309 0.023366
vn 0.988801 0.145615 0.032685
vn 0.954870 0.225502 0.193319
vn 0.931772 0.235286 0.276481
vn 0.906231 0.247307 0.342906
vn -0.000395 0.241480 -0.970406
vn 0.255039 0.223943 -0.940640
vn 0.458053 0.189873 -0.868410
vn 0.641672 0.151957 -0.751775
vn 0.849429 0.070759 -0.522938
vn 0.951466 -0.022613 -0.306921
vn 0.970223 -0.065654 -0.233146
vn 0.985255 -0.069936 -0.156144
vn 0.999453 0.024562 -0.022132
vn 0.994823 0.009132 -0.101215
vn 0.974585 -0.014062 -0.223575
vn 0.993909 0.096775 -0.052723
vn 0.967319 0.221307 0.123762
vn 0.728893 0.360223 0.582197
vn 0.791955 0.324337 0.517313
vn 0.760650 0.416785 0.497697
vn 0.844622 0.287774 0.451443
vn 0.879685 0.263146 0.396116
vn 0.971162 0.221313 0.088687
vn 0.974280 0.214664 0.068547
vn 0.987352 0.158012 -0.012930
vn 0.980176 0.195376 0.032921
vn 0.918053 -0.043496 0.394065
vn 0.957266 -0.024887 0.288137
vn 0.979571 -0.037163 0.197635
vn 0.975643 -0.013908 0.218923
vn 0.946549 -0.096208 0.307877
vn 0.934149 -0.171854 -0.312781
vn 0.987487 -0.147511 -0.055761
vn 0.872888 -0.476244 0.106101
vn 0.665718 -0.636885 0.388840
vn 0.987547 -0.099926 -0.121511
vn 0.838609 -0.128132 -0.529450
vn 0.823314 -0.232369 -0.517840
vn 0.117857 -0.991317 -0.058313
vn -0.009627 -0.997779 -0.065917
vn 0.541731 0.549286 0.636248
vn 0.409154 0.588653 0.697195
vn 0.000345 0.724641 0.689127
vn 0.176111 0.716842 0.674627
vn 0.310387 0.698448 0.644849
vn 0.529592 0.638234 0.558739
vn 0.417095 0.670774 0.613265
vn 0.622368 0.602871 0.499204
vn 0.857713 0.325078 0.398311
vn 0.875363 0.334200 0.349357
vn 0.514261 0.698232 0.498003
vn 0.450029 0.718457 0.530371
vn 0.802675 0.525823 0.281466
vn 0.669947 0.680614 0.296539
vn 0.547535 0.771843 0.323208
vn 0.419693 0.839662 0.344709
vn 0.230737 0.905449 0.356262
vn 0.000167 0.933664 0.358151
vn -0.970015 -0.110266 -0.216593
vn -0.963813 0.132924 -0.231074
vn -0.937323 -0.217781 -0.272024
vn -0.811188 -0.470815 -0.346854
vn 0.678523 -0.271125 0.682714
vn 0.685530 -0.230210 0.690690
vn 0.662646 -0.140609 0.735615
vn 0.574992 -0.101326 0.811860
vn 0.408551 -0.123995 0.904274
vn 0.092398 -0.116088 0.988932
vn -0.107200 -0.184495 0.976970
vn -0.045779 -0.410131 0.910877
vn 0.043143 -0.470110 0.881553
vn 0.170327 -0.373872 0.911706
vn 0.350931 -0.277642 0.894294
vn 0.818195 -0.379590 -0.431820
vn 0.793942 -0.405509 -0.453011
vn 0.145589 -0.174867 0.973769
vn 0.128912 0.054434 0.990161
vn 0.154976 0.166270 0.973826
vn 0.164392 0.234003 0.958237
vn 0.153166 0.326016 0.932874
vn -0.031077 0.726049 -0.686941
vn -0.055716 0.989056 -0.136618
vn -0.002117 0.900598 0.434647
vn 0.038435 0.743330 0.667820
vn 0.098314 0.580267 0.808471
vn 0.187545 0.220061 0.957288
vn 0.233503 -0.231086 0.944498
vn 0.203022 -0.690548 0.694209
vn 0.139894 -0.656945 0.740846
vn 0.096995 -0.056533 0.993678
vn 0.124726 0.173266 0.976945
vn 0.205516 -0.086863 0.974791
vn 0.219121 -0.854873 0.470296
vn 0.144318 -0.983585 0.108321
vn -0.011644 -0.997659 -0.067388
vn 0.094466 -0.993546 -0.062790
vn 0.085937 -0.024240 0.996006
vn 0.115927 -0.121045 0.985855
vn 0.250366 -0.156906 0.955352
vn 0.427450 -0.047087 0.902812
vn 0.599463 0.209267 0.772562
vn 0.677208 0.377257 0.631717
vn 0.701971 0.430546 0.567333
vn 0.717634 0.440652 0.539284
vn 0.735229 0.426473 0.526839
vn 0.755383 0.413077 0.508687
vn 0.760599 0.441843 0.475672
vn 0.743464 0.481905 0.463711
vn 0.721793 0.492018 0.486758
vn 0.533718 -0.452114 0.714659
vn 0.434178 -0.625805 0.647964
vn 0.230690 -0.791946 0.565335
vn 0.154802 -0.866408 0.474734
vn -0.006464 0.105551 0.994393
vn 0.072768 0.098086 0.992514
vn 0.155356 0.420757 0.893772
vn 0.265452 0.430781 0.862533
vn 0.371343 0.415738 0.830221
vn 0.989416 -0.046589 0.137423
vn 0.996936 -0.047004 0.062517
vn 0.279814 0.779267 0.560756
vn 0.207918 0.974370 -0.085865
vn 0.183923 0.980247 -0.072725
vn 0.612365 -0.242399 0.752497
vn 0.216096 -0.436663 0.873286
vn -0.231548 -0.455902 0.859383
vn -0.551515 -0.688304 0.471241
vn 0.968437 -0.183776 0.168394
vn 0.953824 0.297366 -0.042342
vn 0.442621 -0.611229 0.656114
vn 0.135099 -0.890481 0.434503
vn 0.168930 -0.662734 0.729552
vn 0.878586 0.382703 0.285701
vn 0.737415 0.673600 0.049812
vn 0.830400 0.544075 0.120078
vn 0.660669 -0.668124 0.342236
vn -0.107698 -0.903057 0.415800
vn -0.735744 -0.614648 0.284410
vn -0.910353 -0.385757 0.149830
vn -0.923200 -0.356693 0.143083
vn 0.908368 0.313751 0.276458
vn 0.756043 0.630766 0.174736
vn 0.730929 0.640677 0.235110
vn 0.663758 -0.622454 0.414701
vn -0.138917 -0.957123 0.254199
vn -0.701273 -0.712000 0.035667
vn -0.784703 -0.619521 -0.020857
vn 0.895660 0.068767 0.439391
vn 0.828331 0.184261 0.529071
vn 0.762663 0.339404 0.550590
vn 0.579933 -0.312240 0.752452
vn 0.762448 0.172879 0.623526
vn 0.713242 0.472415 0.517793
vn 0.675946 0.548814 0.491834
vn 0.605254 0.512057 0.609479
vn 0.355192 0.329626 0.874749
vn 0.266064 0.242352 0.932993
vn 0.525727 0.215596 0.822879
vn 0.595662 0.137500 0.791379
vn 0.866112 0.242627 0.437016
vn 0.913612 0.139861 0.381775
vn -0.507444 0.580196 0.637082
vn -0.517118 0.661142 0.543581
vn -0.730994 0.576358 0.365320
vn -0.696562 0.499061 0.515499
vn -0.772999 0.623235 -0.118540
vn -0.458892 0.886553 0.058676
vn -0.371430 0.897941 -0.236099
vn -0.706837 0.607278 -0.362760
vn -0.514193 0.790489 0.332767
vn -0.773579 0.619300 0.134326
vn -0.244496 0.804665 -0.541051
vn -0.127780 0.675187 -0.726495
vn -0.298131 0.468744 -0.831503
vn -0.550140 0.552008 -0.626604
vn -0.059333 0.613195 -0.787700
vn -0.056993 0.439281 -0.896540
vn -0.944678 0.179697 0.274397
vn -0.893993 0.144611 0.424105
vn -0.464473 0.851508 -0.243308
vn -0.442671 0.893532 -0.075113
vn -0.625038 0.779676 -0.037859
vn -0.664931 0.724835 -0.180226
vn -0.222527 0.968572 -0.111131
vn -0.226196 0.930024 -0.289638
vn -0.225846 0.963786 0.141808
vn -0.225134 0.974144 0.018900
vn -0.580402 0.800969 0.146909
vn -0.598250 0.798738 0.064141
vn -0.432608 0.900647 0.041063
vn -0.426713 0.892383 0.146863
vn -0.840039 0.536389 0.081369
vn -0.724314 0.685101 0.077499
vn -0.701287 0.699173 0.139118
vn -0.819670 0.558005 0.129505
vn -0.698839 0.620973 -0.354988
vn -0.489768 0.744402 -0.453864
vn -0.240047 0.824312 -0.512725
vn -0.226915 0.940435 0.253165
vn -0.560788 0.795241 0.230452
vn -0.420983 0.872635 0.247550
vn -0.406251 0.775293 0.483612
vn -0.559118 0.712364 0.424176
vn -0.549003 0.771078 0.322544
vn -0.421452 0.839020 0.344128
vn -0.219651 0.829827 0.512973
vn -0.231618 0.905320 0.356018
vn -0.833389 0.489720 -0.256198
vn -0.923322 0.348585 -0.161134
vn -0.945259 0.220699 -0.240370
vn -0.857213 0.353406 -0.374553
vn -0.706263 0.476889 -0.523230
vn -0.498658 0.574401 -0.649156
vn -0.252404 0.642074 -0.723902
vn -0.258447 0.434654 -0.862717
vn -0.684175 0.314315 -0.658112
vn -0.485914 0.378808 -0.787650
vn -0.953629 0.097425 -0.284782
vn -0.861737 0.212006 -0.460937
vn -0.836579 -0.090202 -0.540370
vn -0.849725 0.071631 -0.522337
vn -0.951974 -0.021855 -0.305397
vn -0.936829 -0.161486 -0.310281
vn -0.605005 -0.015892 -0.796063
vn -0.408904 0.005838 -0.912559
vn -0.457280 0.189496 -0.868900
vn -0.641270 0.151990 -0.752112
vn -0.353633 -0.230352 -0.906577
vn -0.577268 -0.263509 -0.772868
vn -0.554652 -0.490714 -0.671983
vn -0.330374 -0.464683 -0.821537
vn -0.181442 -0.221233 -0.958193
vn -0.162720 -0.444942 -0.880652
vn -0.221623 -0.000133 -0.975132
vn -0.255389 0.223654 -0.940614
vn -0.896453 -0.317166 -0.309479
vn -0.838246 -0.442474 -0.318687
vn -0.757186 -0.475829 -0.447500
vn -0.808018 -0.304930 -0.504109
vn -0.440161 -0.896925 -0.042235
vn -0.547993 -0.835824 -0.033200
vn -0.686245 -0.710149 0.157339
vn -0.571807 -0.817319 0.070901
vn -0.338899 -0.939393 -0.051839
vn -0.472101 -0.880854 0.034873
vn -0.360455 -0.930473 0.065517
vn -0.197985 -0.975899 -0.091780
vn -0.500957 -0.751812 0.428744
vn -0.664416 -0.658156 0.354093
vn -0.627281 -0.117217 0.769922
vn -0.455825 -0.091643 0.885339
vn -0.740682 -0.149755 0.654954
vn -0.784306 -0.195356 0.588812
vn -0.724144 -0.131622 0.676972
vn -0.647687 -0.089701 0.756608
vn -0.758379 -0.562411 0.329479
vn -0.799104 -0.475178 0.368291
vn -0.796727 -0.547989 0.254821
vn -0.824561 -0.386871 0.412832
vn -0.787441 -0.233354 0.570510
vn -0.743696 -0.165559 0.647693
vn -0.665128 -0.086949 0.741650
vn -0.691629 -0.081833 0.717602
vn -0.587877 -0.110013 0.801435
vn -0.509378 -0.020338 0.860302
vn -0.335293 0.073715 0.939226
vn -0.465337 -0.132158 0.875212
vn -0.300466 -0.121021 0.946084
vn -0.436172 -0.520065 0.734361
vn -0.371332 -0.550334 0.747827
vn -0.554914 -0.361190 0.749408
vn -0.630929 -0.290554 0.719380
vn -0.637130 -0.166571 0.752542
vn -0.655460 -0.057940 0.753004
vn -0.684176 0.007543 0.729278
vn -0.710117 -0.095839 0.697530
vn -0.666322 -0.001939 0.745661
vn -0.667877 0.080994 0.739851
vn -0.501335 0.554476 0.664244
vn -0.505224 0.540600 0.672682
vn -0.375150 0.749697 0.545176
vn -0.398053 0.702485 0.589974
vn -0.449741 0.553154 0.701251
vn -0.360377 0.716487 0.597306
vn -0.228670 0.719171 0.656128
vn -0.308956 0.539815 0.783036
vn -0.294814 -0.754443 0.586430
vn -0.147604 -0.987477 0.055705
vn -0.033023 -0.999101 0.026578
vn -0.359377 -0.789831 0.497006
vn -0.055956 -0.998397 0.008503
vn -0.393222 -0.788610 0.472727
vn -0.366692 -0.797100 0.479759
vn -0.027214 -0.999095 0.032698
vn -0.458678 -0.771488 0.440932
vn -0.089088 -0.993500 -0.070864
vn -0.190452 -0.970223 -0.149648
vn -0.564292 -0.745103 0.355523
vn -0.558293 -0.772619 0.302273
vn -0.277052 -0.955292 -0.103248
vn -0.566954 -0.402667 0.718626
vn -0.595519 -0.194430 0.779457
vn -0.608825 -0.125800 0.783267
vn -0.649832 -0.228295 0.724983
vn -0.683770 0.005125 0.729679
vn -0.654315 0.085731 0.751347
vn -0.652111 -0.152140 0.742701
vn -0.680827 -0.121661 0.722270
vn -0.581811 0.189510 0.790938
vn -0.138056 0.403559 0.904478
vn -0.269740 -0.001236 0.962932
vn -0.597002 -0.143477 0.789306
vn -0.747285 -0.169671 0.642477
vn -0.778575 -0.305314 0.548273
vn -0.692846 -0.295803 0.657620
vn -0.674995 -0.146340 0.723164
vn -0.713213 -0.152056 0.684256
vn -0.673569 -0.091023 0.733499
vn -0.604431 0.058459 0.794510
vn -0.609661 -0.017572 0.792467
vn -0.631555 -0.043533 0.774108
vn -0.625785 -0.011266 0.779914
vn -0.107157 -0.116186 0.987430
vn -0.075176 0.300119 0.950935
vn -0.527408 0.197359 0.826372
vn -0.499927 0.133376 0.855736
vn -0.650212 0.049960 0.758109
vn -0.619844 0.135608 0.772919
vn -0.582126 0.148168 0.799485
vn -0.611771 0.124796 0.781129
vn -0.556592 -0.227648 0.798988
vn -0.587922 -0.083958 0.804549
vn -0.761955 -0.152862 0.629331
vn -0.653892 0.282343 0.701932
vn -0.673096 -0.589271 0.446880
vn -0.525580 -0.625228 0.576936
vn -0.578836 -0.748156 0.324363
vn -0.469199 -0.751864 -0.463199
vn 0.105365 -0.949874 -0.294341
vn -0.403307 -0.886738 0.225916
vn -0.876032 0.419218 0.238377
vn -0.914303 0.331505 0.232709
vn -0.776123 0.450933 0.440786
vn -0.739217 0.486743 0.465445
vn -0.816497 0.531219 0.226141
vn -0.889274 0.408498 0.205722
vn -0.301589 -0.008525 0.953400
vn -0.338359 0.026673 0.940639
vn -0.855621 0.054259 0.514750
vn -0.326583 0.004786 0.945156
vn -0.875145 0.217404 0.432269
vn -0.857528 0.289059 0.425547
vn -0.889511 0.221872 0.399429
vn -0.910671 0.128321 0.392699
vn -0.918191 0.238370 0.316393
vn -0.935522 0.195230 0.294420
vn -0.780892 0.366668 0.505730
vn -0.793226 0.391000 0.466811
vn -0.758279 0.396755 0.517300
vn -0.759520 0.405111 0.508934
vn -0.749146 0.419351 0.512763
vn -0.834094 0.360488 0.417535
vn -0.841574 0.381817 0.382060
vn -0.886165 0.163406 0.433602
vn -0.803709 0.228751 0.549296
vn -0.787615 0.311050 0.531893
vn -0.892232 0.225012 0.391525
vn -0.696104 0.117861 0.708200
vn -0.770057 0.323187 0.550057
vn -0.886785 0.260805 0.381567
vn -0.869022 -0.042963 0.492904
vn -0.853199 0.037625 0.520226
vn -0.888843 0.241892 0.389162
vn -0.773645 0.301121 0.557493
vn -0.738667 0.038083 0.672994
vn -0.410760 -0.115259 0.904429
vn -0.337241 -0.490509 0.803535
vn -0.539095 -0.340022 0.770559
vn -0.639732 0.017490 0.768399
vn -0.696237 -0.286644 0.658096
vn -0.608993 -0.302821 0.733094
vn -0.780234 -0.283029 0.557789
vn -0.926999 0.000225 0.375064
vn -0.594635 -0.439620 0.673159
vn -0.501733 -0.496953 0.708027
vn -0.436583 -0.551463 0.710833
vn -0.254167 -0.762934 0.594416
vn -0.371465 -0.612089 0.698113
vn -0.613045 -0.248760 0.749863
vn -0.598379 -0.370908 0.710190
vn -0.686407 -0.203796 0.698078
vn -0.655515 -0.116397 0.746158
vn -0.567100 -0.097501 0.817858
vn -0.567470 -0.153403 0.808978
vn -0.075216 -0.408368 0.909713
vn 0.020633 0.045738 0.998740
vn -0.460077 -0.021754 0.887613
vn -0.423184 -0.281541 0.861191
vn 0.198549 -0.097949 0.975184
vn 0.060714 -0.411086 0.909573
vn -0.256972 -0.618652 0.742452
vn -0.230188 -0.823654 0.518274
vn 0.171389 -0.135832 0.975795
vn 0.195706 -0.172629 0.965349
vn 0.062676 -0.387569 0.919707
vn 0.037584 -0.353369 0.934729
vn -0.595187 0.054027 0.801769
vn -0.440554 -0.098406 0.892317
vn -0.671882 0.180863 0.718236
vn -0.683360 0.154476 0.713552
vn -0.651368 0.203745 0.730895
vn -0.681004 -0.408876 0.607498
vn -0.596305 -0.573838 0.561364
vn -0.549699 -0.484609 0.680430
vn -0.595415 -0.427293 0.680369
vn -0.318377 -0.453160 0.832636
vn -0.509578 -0.501624 0.699073
vn -0.244518 -0.830704 0.500142
vn -0.241137 -0.724709 0.645484
vn -0.299015 -0.763565 0.572327
vn -0.291824 -0.793191 0.534497
vn -0.721002 -0.450330 0.526650
vn -0.661299 -0.409195 0.628684
vn 0.450420 -0.889722 -0.074279
vn -0.145989 -0.958487 0.244926
vn -0.693407 -0.585443 0.420052
vn -0.770480 0.608066 0.191354
vn -0.917946 0.270013 0.290636
vn -0.574845 0.119399 0.809504
vn -0.742979 0.121465 0.658201
vn -0.826291 -0.044577 0.561477
vn -0.657872 -0.057181 0.750956
vn -0.764255 0.643402 0.044143
vn -0.864239 0.489387 -0.116581
vn -0.906646 0.247867 0.341401
vn -0.906568 0.310269 0.286126
vn -0.956605 0.285548 -0.058050
vn -0.864011 0.482833 0.142676
vn -0.171545 -0.888833 0.424910
vn -0.616955 -0.750927 0.235531
vn -0.630539 -0.697886 0.339671
vn -0.000576 -0.940994 0.338423
vn 0.471372 -0.646679 0.599679
vn 0.651127 -0.735931 0.185577
vn -0.628811 -0.740976 0.235693
vn -0.870551 -0.372019 -0.322091
vn -0.524115 0.169190 0.834673
vn -0.636884 0.026388 0.770508
vn -0.174381 -0.795150 0.580799
vn -0.103687 -0.878007 0.467282
vn -0.596409 -0.755230 0.271888
vn -0.400105 -0.613970 0.680409
vn -0.520566 -0.417145 0.744984
vn -0.579598 -0.072683 0.811655
vn -0.705215 0.068798 0.705648
vn -0.875476 -0.007877 -0.483197
vn -0.441807 -0.449132 -0.776586
vn 0.297364 -0.760362 -0.577428
vn 0.879216 -0.476337 0.009092
vn 0.866778 -0.175592 0.466758
vn -0.297286 -0.114308 0.947921
vn -0.834777 0.333298 0.438247
vn -0.812906 0.423211 0.400096
vn -0.869684 -0.360847 0.336807
vn -0.854502 -0.289187 0.431506
vn -0.794485 -0.240907 0.557456
vn -0.741501 -0.197968 0.641081
vn -0.677580 -0.114458 0.726488
vn -0.785137 -0.183193 0.591608
vn -0.731515 -0.188579 0.655228
vn -0.738088 -0.222203 0.637065
vn -0.801319 -0.240300 0.547854
vn -0.864436 -0.241568 0.440903
vn -0.830803 -0.257647 0.493340
vn -0.854362 -0.289740 0.431413
vn -0.885638 -0.255278 0.387915
vn -0.709335 0.258729 0.655670
vn -0.673807 0.351524 0.649934
vn -0.655618 0.315278 0.686123
vn -0.996512 0.010009 -0.082851
vn -0.979496 -0.014280 -0.200958
vn -0.991412 -0.102127 0.081680
vn -0.981157 -0.069666 0.180215
vn -0.810070 0.161867 -0.563548
vn -0.777525 0.097629 -0.621228
vn -0.888759 0.053612 -0.455228
vn -0.925648 0.098299 -0.365396
vn -0.340299 0.161170 -0.926402
vn -0.348179 0.127726 -0.928686
vn -0.632450 0.128540 -0.763862
vn -0.650345 0.184298 -0.736944
vn -0.017581 0.100983 -0.994733
vn -0.015831 0.135456 -0.990657
vn -0.977903 0.207080 0.028705
vn -0.935473 0.246481 -0.253252
vn -0.824685 0.287921 -0.486822
vn -0.645659 0.291254 -0.705900
vn -0.337002 0.255823 -0.906082
vn -0.036397 0.241836 -0.969634
vn -0.810364 0.233160 0.537538
vn -0.806720 0.273252 0.523961
vn -0.741110 0.302002 0.599626
vn -0.732318 0.258096 0.630156
vn -0.860186 0.238457 0.450798
vn -0.875275 0.184378 0.447099
vn -0.901709 0.199179 0.383729
vn -0.924940 0.113825 0.362671
vn -0.489904 -0.059024 0.869776
vn -0.623942 0.080230 0.777341
vn -0.645789 0.018181 0.763299
vn -0.505846 -0.124769 0.853553
vn -0.312846 -0.199193 0.928682
vn -0.327432 -0.134060 0.935316
vn -0.819377 -0.279274 0.500628
vn -0.949899 -0.081299 0.301797
vn -0.692043 0.116384 0.712412
vn -0.681796 0.127201 0.720399
vn -0.682986 -0.034397 0.729621
vn -0.557375 -0.288510 0.778521
vn -0.780047 0.315732 0.540222
vn -0.725578 0.463896 0.508269
vn -0.193511 0.625337 0.755981
vn -0.187560 0.542300 0.818982
vn -0.254875 0.651017 0.714994
vn -0.088892 -0.748405 0.657258
vn -0.096057 -0.688113 0.719217
vn -0.163259 -0.925721 -0.341156
vn 0.421705 -0.883483 -0.204016
vn -0.206846 -0.727700 0.653963
vn -0.124485 -0.769944 0.625851
vn 0.571952 -0.807425 0.144693
vn -0.098033 -0.459010 0.883006
vn -0.079654 -0.754488 0.651462
vn 0.557818 -0.825676 -0.084259
vn -0.317212 -0.693853 0.646486
vn -0.390003 -0.609145 0.690536
vn -0.804210 -0.561131 0.195901
vn -0.665333 -0.692617 -0.278591
vn -0.153498 -0.726982 0.669279
vn -0.462525 -0.818066 -0.341816
vn -0.314191 0.658260 0.684088
vn -0.382754 0.371886 0.845695
vn -0.594652 0.416965 0.687408
vn -0.935409 0.077476 -0.344974
vn -0.666367 -0.410444 -0.622487
vn -0.060788 -0.864108 -0.499622
vn 0.663253 -0.739637 0.114162
vn 0.605673 -0.379789 0.699229
vn 0.018583 -0.506304 0.862155
vn 0.325419 0.687376 0.649320
vn 0.545485 0.523573 0.654460
vn 0.141311 -0.533014 0.834222
vn -0.137838 0.978061 0.156194
vn -0.245886 0.889594 0.384920
vn -0.244830 0.866635 0.434744
vn -0.158326 0.874590 0.458285
vn -0.903512 -0.313556 -0.292144
vn -0.848070 -0.430107 -0.309491
vn -0.970964 -0.065097 -0.230199
vn -0.946349 -0.186614 -0.263816
vn -0.930040 0.357922 0.083173
vn -0.941140 0.333934 0.052371
vn -0.865326 0.500740 0.021699
vn -0.920430 0.370501 0.124650
vn -0.796207 0.591970 -0.125004
vn -0.756874 0.653494 -0.009347
vn -0.682884 0.701115 0.205201
vn -0.682768 0.619680 0.387072
vn -0.672677 0.678547 0.295093
vn -0.570351 0.340926 0.747308
vn -0.566685 0.276300 0.776226
vn -0.547915 0.268398 0.792308
vn -0.494896 0.316685 0.809190
vn -0.444264 0.224628 0.867278
vn -0.138567 -0.192238 0.971516
vn -0.160714 0.494747 0.854047
vn -0.193591 -0.104338 0.975518
vn -0.654729 -0.060403 0.753446
vn -0.678552 -0.120427 0.724614
vn -0.645669 -0.374454 0.665504
vn -0.701798 -0.710383 0.053254
vn -0.281476 0.955082 0.092683
vn -0.241432 0.947927 -0.207712
vn -0.096076 0.828339 -0.551927
vn -0.341373 0.915530 -0.212766
vn -0.165053 0.822764 -0.543891
vn -0.439022 0.891359 0.112868
vn -0.454162 0.790080 0.411716
vn -0.232040 0.875628 0.423596
vn -0.260749 0.756430 0.599853
vn -0.029175 0.670617 -0.741230
vn 0.043802 0.551791 -0.832831
vn -0.000715 0.561431 -0.827524
vn 0.097712 0.421767 -0.901424
vn -0.435089 0.667143 0.604664
vn -0.260884 0.633550 0.728391
vn -0.210024 0.595595 0.775343
vn -0.439309 0.642055 0.628309
vn -0.451016 0.630546 0.631661
vn -0.511523 0.556801 0.654459
vn -0.513718 0.547277 0.660744
vn -0.280791 0.733588 0.618874
vn -0.334661 0.721870 0.605728
vn -0.316727 0.737661 0.596272
vn -0.310414 0.676887 0.667433
vn -0.439355 0.620036 0.650017
vn -0.142975 0.538653 0.830308
vn -0.382508 0.626153 0.679427
vn -0.492014 0.507307 0.707504
vn -0.903392 -0.278454 0.326107
vn -0.892982 -0.279408 0.352866
vn -0.857649 -0.467462 0.214284
vn -0.628728 -0.777581 -0.008244
vn -0.819575 -0.564236 0.099677
vn -0.455767 0.417602 0.786057
vn -0.304336 0.581174 0.754729
vn -0.814271 -0.440611 -0.377921
vn -0.768674 -0.477263 -0.425864
vn -0.740920 -0.524739 -0.419149
vn -0.804830 -0.488198 -0.337507
vn -0.650990 -0.507850 -0.564181
vn -0.406933 -0.545458 -0.732722
vn -0.354626 -0.578091 -0.734882
vn -0.581420 -0.563935 -0.586454
vn -0.120558 -0.573958 -0.809962
vn -0.143786 -0.588198 -0.795832
vn -0.844397 -0.366232 -0.390982
vn -0.828353 -0.455265 -0.326444
vn 0.007700 -0.038104 0.999244
vn -0.141999 -0.274643 0.951003
vn -0.455790 -0.434406 0.776883
vn -0.539148 -0.608952 0.581806
vn -0.001409 0.765060 0.643957
vn 0.394247 0.764665 0.509762
vn -0.019278 0.931094 0.364271
vn 0.106885 0.571738 0.813444
vn -0.434617 -0.724356 0.535179
vn -0.372466 -0.723006 0.581834
vn -0.503499 -0.795683 0.336716
vn -0.876888 -0.439831 0.193950
vn -0.954844 -0.291597 -0.056963
vn -0.891974 -0.099098 0.441091
vn -0.746538 -0.479527 0.461233
vn -0.633494 -0.309523 0.709141
vn -0.771914 -0.207392 0.600947
vn -0.993661 0.067995 0.089527
vn -0.968571 0.113834 -0.221162
vn -0.821650 0.350811 0.449247
vn -0.946230 0.323413 0.007300
vn -0.659201 -0.375984 0.651222
vn -0.859379 0.319573 0.399176
vn -0.755008 0.215376 0.619335
vn -0.794868 -0.195437 0.574447
vn -0.900116 -0.136643 0.413667
vn 0.012270 0.133067 0.991031
vn -0.090931 -0.009662 0.995810
vn 0.029231 -0.110014 0.993500
vn 0.220501 0.063321 0.973329
vn -0.319067 -0.279151 0.905688
vn -0.278997 -0.441106 0.852987
vn -0.270993 -0.537370 0.798622
vn -0.332888 0.112545 0.936226
vn -0.645418 -0.296513 0.703929
vn -0.330353 -0.333501 0.882975
vn -0.242891 -0.199110 0.949399
vn -0.464717 -0.110071 0.878591
vn -0.251264 -0.005057 0.967905
vn -0.194602 -0.108014 0.974917
vn -0.373188 -0.530908 0.760834
vn -0.694646 -0.468280 0.546060
vn -0.632068 -0.566046 0.529227
vn -0.142000 -0.175382 0.974206
vn -0.102139 -0.140375 0.984816
vn -0.111879 0.032025 0.993206
vn -0.078315 -0.010282 0.996876
vn -0.320181 0.177280 0.930621
vn -0.449746 0.179397 0.874954
vn -0.607128 0.209597 0.766463
vn -0.668692 0.306067 0.677624
vn -0.517458 0.296885 0.802556
vn -0.446561 0.454451 0.770752
vn -0.600321 0.477539 0.641538
vn -0.717934 0.189991 0.669682
vn -0.780538 0.037015 0.624012
vn -0.677881 0.530295 0.509181
vn -0.568121 0.442878 0.693612
vn -0.282081 0.256256 0.924534
vn -0.283849 0.193226 0.939198
vn -0.250897 0.286065 0.924780
vn -0.242378 0.343274 0.907423
vn -0.137907 0.310341 0.940569
vn -0.184095 0.263176 0.947020
vn -0.282230 0.293879 0.913226
vn -0.375375 0.210908 0.902558
vn -0.241465 0.216950 0.945848
vn -0.199012 0.385822 0.900853
vn -0.218466 0.346189 0.912374
vn -0.337375 0.516899 0.786761
vn -0.505684 0.573120 0.644839
vn -0.336132 0.529379 0.778957
vn -0.180294 0.467689 0.865310
vn -0.026829 0.406657 0.913187
vn -0.523576 -0.022450 0.851683
vn -0.460616 0.106850 0.881144
vn -0.338830 0.209344 0.917262
vn -0.384563 0.093408 0.918361
vn -0.482753 0.342383 0.806054
vn -0.468288 0.273983 0.840024
vn -0.098362 0.234130 0.967216
vn -0.074874 0.342239 0.936625
vn -0.970952 -0.015235 0.238788
vn -0.940812 0.078870 0.329624
vn -0.950620 0.134294 0.279799
vn -0.980890 0.043659 0.189602
vn -0.951959 0.155516 0.263796
vn -0.979616 0.039467 0.196962
vn -0.253681 0.902517 0.348006
vn -0.493360 0.591110 0.638111
vn -0.669166 -0.177420 0.721623
vn -0.661008 -0.107878 0.742584
vn -0.332655 -0.450395 0.828544
vn -0.551655 -0.283677 0.784349
vn -0.582213 -0.252017 0.772991
vn -0.434165 -0.495894 0.752057
vn -0.633824 0.114998 0.764881
vn -0.635083 -0.001884 0.772441
vn -0.632775 0.240386 0.736078
vn -0.661303 -0.218202 0.717681
vn -0.654341 -0.177571 0.735055
vn 0.120689 0.978177 -0.169129
vn -0.258333 -0.336361 -0.905608
vn -0.742264 -0.400008 -0.537622
vn -0.600766 -0.636103 -0.484204
vn -0.213164 -0.577752 -0.787885
vn -0.205656 0.654233 -0.727794
vn -0.899545 0.405454 -0.162560
vn -0.910934 0.196420 -0.362792
vn -0.180113 0.383785 -0.905687
vn -0.252605 0.778282 0.574863
vn -0.840063 0.212889 0.498971
vn -0.837132 0.436592 0.329541
vn -0.198962 0.965074 0.170427
vn -0.318860 0.947494 0.024144
vn -0.401374 0.830078 0.387129
vn -0.848452 -0.071343 0.524442
vn -0.821998 0.048656 0.567408
vn -0.642960 0.455210 0.615943
vn -0.858585 0.053270 0.509896
vn -0.931435 -0.053965 0.359885
vn -0.964893 -0.079523 0.250315
vn -0.940388 -0.101367 0.324645
vn -0.902660 -0.116098 0.414400
vn -0.170538 -0.705065 -0.688332
vn -0.476339 -0.762931 -0.437079
vn -0.171006 -0.983426 0.060254
vn -0.255877 -0.946716 -0.195593
vn -0.431815 0.254405 0.865341
vn -0.182912 0.128723 -0.974666
vn -0.851339 -0.034423 -0.523486
vn -0.796610 -0.184497 -0.575650
vn -0.231951 -0.069873 -0.970215
vn -0.741887 0.253850 0.620615
vn -0.735522 0.336368 0.588102
vn -0.710174 0.165384 0.684325
vn -0.568162 -0.201685 0.797819
vn -0.416253 -0.093047 0.904475
vn -0.915472 -0.307450 0.259586
vn -0.951259 -0.173073 0.255248
vn -0.937969 -0.118147 0.325969
vn -0.705857 0.417552 0.572203
vn -0.871522 0.097695 0.480526
vn -0.862107 0.047243 0.504519
vn -0.837035 -0.001506 0.547147
vn -0.793099 -0.044315 0.607479
vn -0.993169 -0.078646 0.086199
vn -0.989188 -0.101692 0.105664
vn -0.960477 -0.212872 0.179359
vn -0.979441 -0.159508 0.123503
vn -0.986801 -0.135497 0.088687
vn -0.994121 -0.065563 0.086169
vn -0.995256 -0.020907 0.095013
vn -0.988193 -0.051116 0.144435
vn -0.982738 -0.030335 0.182501
vn -0.990087 0.023439 0.138487
vn -0.940815 -0.338869 -0.005947
vn -0.706661 -0.533804 0.464416
vn -0.871298 -0.278063 0.404377
vn -0.966087 -0.220433 0.134484
vn -0.615605 -0.787589 -0.027082
vn -0.373903 -0.871202 0.318125
vn -0.973782 -0.100535 0.204064
vn -0.947664 -0.125235 0.293681
vn -0.990263 -0.072937 0.118570
vn -0.990743 -0.133763 0.023140
vn -0.295476 0.523426 0.799199
vn -0.447104 0.320100 0.835245
vn -0.619904 0.153284 0.769560
vn -0.709605 -0.238581 0.662978
vn -0.697687 -0.097410 0.709749
vn -0.747295 -0.082527 0.659348
vn -0.761057 -0.232416 0.605619
vn -0.986062 -0.067079 -0.152254
vn -0.958701 -0.149199 -0.242140
vn -0.902316 -0.302628 -0.306988
vn -0.857626 -0.412986 -0.306463
vn -0.475155 0.563767 -0.675570
vn -0.476561 0.342164 -0.809823
vn -0.491831 0.166227 -0.854676
vn -0.521247 -0.062325 -0.851127
vn -0.369677 -0.705504 0.604651
vn -0.159483 -0.641052 0.750745
vn 0.007171 0.994768 0.101905
vn -0.436803 0.687672 0.579923
vn -0.507191 0.025911 0.861444
vn -0.295725 -0.350666 0.888583
vn -0.128440 -0.409972 0.903009
vn -0.526497 0.182726 0.830309
vn -0.560385 -0.095989 0.822651
vn -0.518485 -0.283387 0.806762
vn 0.743498 0.260430 0.615944
vn 0.552139 -0.313793 0.772448
vn 0.393655 0.861874 -0.319701
vn -0.063690 0.168450 0.983650
vn -0.273538 -0.052186 0.960444
vn -0.347475 -0.163540 0.923318
vn -0.376061 -0.300985 0.876348
vn -0.330715 0.253343 0.909090
vn -0.238025 0.455223 0.857972
vn 0.045253 0.350228 0.935571
vn -0.505520 0.058334 0.860841
vn -0.575927 -0.262241 0.774298
vn -0.542968 -0.099669 0.833818
vn -0.638150 -0.083335 0.765388
vn -0.659903 -0.242817 0.711033
vn -0.374335 -0.457500 0.806577
vn -0.591499 -0.411614 0.693327
vn 0.098792 0.466867 0.878792
vn -0.550199 -0.834959 -0.011136
vn -0.248322 -0.961702 0.116041
vn -0.473960 -0.878091 0.065706
vn -0.564745 -0.735724 0.373864
vn -0.667991 -0.691121 0.275936
vn -0.301909 -0.800332 0.517997
vn 0.110299 -0.870914 -0.478897
vn 0.203067 -0.788719 -0.580246
vn 0.263867 -0.770711 -0.579982
vn 0.291537 -0.865522 -0.407280
vn 0.259763 -0.833055 -0.488408
vn 0.252397 -0.882687 -0.396432
vn 0.025946 -0.912426 -0.408419
vn 0.053145 0.982423 -0.178943
vn -0.019327 0.998050 -0.059357
vn 0.369530 -0.699160 -0.612065
vn 0.420503 -0.610394 -0.671265
vn 0.398097 -0.534864 -0.745278
vn 0.207889 0.895762 -0.392929
vn 0.136832 -0.763758 -0.630834
vn -0.007430 0.998475 -0.054696
vn 0.408132 0.792956 -0.452382
vn 0.588795 0.717954 -0.371298
vn 0.653561 0.635769 -0.410678
vn 0.462167 0.711452 -0.529375
vn 0.316146 0.721914 -0.615541
vn 0.204334 0.716826 -0.666640
vn 0.239395 -0.590000 -0.771097
vn 0.380195 -0.471233 -0.795859
vn 0.456717 -0.366709 -0.810515
vn 0.518396 -0.364785 -0.773432
vn 0.870927 0.424090 -0.248262
vn 0.777552 0.546642 -0.310798
vn 0.349238 0.897924 -0.267889
vn 0.501734 0.840053 -0.206333
vn 0.556853 0.827370 0.073304
vn 0.343783 0.939032 -0.005712
vn 0.476435 -0.865241 -0.156104
vn 0.239064 -0.943850 -0.228027
vn 0.168775 -0.924307 0.342304
vn 0.217089 -0.894579 0.390642
vn 0.575014 -0.810501 -0.111563
vn 0.315859 -0.877922 0.359841
vn 0.696787 0.703323 -0.140800
vn 0.685303 0.717689 0.123622
vn 0.154507 -0.912207 -0.379481
vn 0.202244 0.912082 -0.356656
vn 0.962022 -0.249972 -0.109671
vn 0.780134 -0.617492 -0.100468
vn 0.638334 -0.720686 0.270448
vn 0.814361 0.571231 -0.102523
vn 0.769882 0.623712 0.135152
vn 0.918999 0.384381 -0.087710
vn 0.989367 0.100443 -0.105184
vn 0.905915 -0.301386 0.297463
vn 0.916889 0.351252 0.189569
vn 0.527392 -0.517194 -0.674068
vn 0.322768 -0.577590 -0.749807
vn 0.656598 -0.518764 -0.547506
vn 0.868825 -0.393281 -0.300789
vn 0.776366 -0.483651 -0.404150
vn 0.922312 0.321155 -0.214940
vn 0.286844 -0.643203 -0.709938
vn 0.260737 0.946006 0.192586
vn 0.064071 0.980259 0.187050
vn 0.336751 0.906071 0.256192
vn -0.183146 -0.967371 -0.175075
vn 0.333346 -0.940462 -0.066425
vn 0.569288 -0.820959 0.044027
vn 0.858955 -0.510887 -0.034525
vn -0.934533 -0.299025 0.192955
vn -0.637765 -0.770062 -0.016137
vn -0.404698 -0.908510 -0.104066
vn 0.929334 0.153800 0.335685
vn 0.287939 0.901867 0.322068
vn -0.695104 -0.126300 0.707728
vn -0.946632 0.000407 0.322315
vn -0.085385 0.981301 0.172502
vn 0.314679 0.897100 0.310143
vn 0.153961 0.959399 0.236324
vn 0.423406 0.837142 0.346297
vn -0.220756 -0.868448 0.443921
vn 0.002267 -0.920520 0.390688
vn 0.648208 -0.622662 0.438312
vn 0.736542 0.495244 0.460695
vn 0.302319 -0.858743 0.413719
vn -0.697741 -0.321403 0.640202
vn -0.428341 -0.661632 0.615440
vn -0.299842 -0.787343 0.538688
vn 0.023109 0.992522 0.119860
vn 0.208444 0.506458 0.836691
vn 0.074422 0.590775 0.803397
vn 0.432464 0.381275 0.817070
vn -0.167032 -0.347104 0.922832
vn 0.088048 -0.479660 0.873026
vn 0.553155 -0.504430 0.663000
vn 0.618103 0.062852 0.783580
vn 0.401754 -0.579473 0.709088
vn -0.255815 -0.254931 0.932507
vn 0.000947 0.676212 0.736707
vn -0.313816 -0.164324 0.935156
vn -0.046884 0.732925 0.678692
vn -0.954226 -0.295155 -0.048343
vn -0.950378 -0.286012 0.122385
vn -0.964998 -0.192735 0.177856
vn -0.966860 -0.255165 -0.008555
vn -0.913183 -0.407368 -0.012195
vn -0.886954 -0.412869 -0.207005
vn -0.738908 -0.649921 -0.177813
vn -0.834345 -0.550020 -0.036701
vn -0.612006 -0.775271 0.156213
vn -0.853656 -0.468970 0.226580
vn -0.941285 0.018575 0.337101
vn -0.483526 -0.432622 0.760947
vn -0.570969 -0.243357 0.784074
vn -0.983791 -0.021133 0.178072
vn -0.935298 -0.221263 0.276151
vn -0.761171 -0.590324 0.268583
vn -0.829119 -0.533640 0.166705
vn -0.835401 -0.290946 0.466321
vn -0.882806 -0.464683 0.068729
vn -0.842488 -0.211727 0.495364
vn -0.956774 -0.290167 0.019644
vn -0.871949 -0.090518 0.481156
vn -0.808586 -0.039551 0.587047
vn -0.984824 -0.172343 0.020483
vn -0.989745 -0.126084 0.067136
vn -0.685761 -0.136593 0.714894
vn -0.968913 -0.118878 0.216971
vn -0.406763 0.067825 0.911013
vn -0.029899 0.160213 0.986630
vn -0.076227 -0.200924 0.976637
vn -0.412410 -0.393288 0.821731
vn -0.704747 -0.026021 0.708981
vn -0.632077 -0.180984 0.753474
vn -0.733532 0.060662 0.676942
vn -0.806792 0.001819 0.590832
vn -0.962044 -0.161668 0.219852
vn -0.771087 -0.534983 0.345279
vn -0.964881 -0.181950 0.189469
vn -0.835385 -0.344217 0.428540
vn -0.986430 -0.088634 0.138199
vn -0.634351 -0.058071 0.770861
vn -0.667403 -0.354637 0.654833
vn -0.212623 -0.545540 0.810665
vn -0.729439 -0.259671 -0.632843
vn -0.964259 -0.219429 -0.148509
vn -0.936838 -0.314932 -0.152158
vn -0.656019 -0.424023 -0.624374
vn -0.998337 -0.044925 0.036115
vn -0.909280 -0.189854 0.370359
vn -0.891436 0.227738 -0.391763
vn -0.852399 -0.197592 0.484121
vn -0.048317 0.308589 0.949967
vn -0.722081 -0.127173 0.680019
vn -0.874929 -0.131703 -0.465997
vn -0.863088 0.371805 -0.341818
vn -0.948378 0.316817 -0.014394
vn -0.885313 0.460269 -0.066127
vn -0.971962 0.188700 0.140294
vn -0.822651 0.560629 0.094549
vn -0.195114 0.543336 0.816527
vn -0.778875 -0.147788 0.609518
vn -0.956556 0.096795 0.275012
vn -0.291065 0.420666 0.859256
vn -0.734899 0.560050 0.382449
vn -0.969297 -0.229573 0.088085
vn -0.744321 -0.269201 -0.611161
vn -0.869858 -0.392206 -0.299202
vn -0.516123 -0.554386 -0.652896
vn -0.518310 -0.683791 -0.513599
vn -0.633741 -0.002875 0.773540
vn -0.528916 0.333765 0.780288
vn -0.398066 0.252840 0.881825
vn -0.592383 0.385992 0.707173
vn -0.599945 0.370900 0.708872
vn -0.598019 0.367219 0.712407
vn -0.587482 0.399584 0.703703
vn -0.413327 -0.137961 0.900071
vn -0.618408 0.105908 0.778688
vn -0.549090 0.024722 0.835398
vn -0.117481 0.988795 0.092104
vn -0.029574 0.999498 0.011351
vn -0.036038 0.549557 0.834678
vn -0.564705 0.197704 0.801263
vn 0.413480 -0.526182 -0.743079
vn 0.601194 -0.459710 -0.653630
vn -0.517386 -0.566713 -0.641208
vn -0.271747 -0.945826 0.177671
vn -0.385845 -0.865232 0.320152
vn -0.234946 -0.970391 -0.056053
vn -0.322513 0.754530 0.571550
vn -0.521498 0.385894 0.761003
vn -0.249930 -0.309008 0.917632
vn -0.503762 0.862353 0.050714
vn 0.239592 0.970833 0.008854
vn -0.102656 0.994700 -0.005717
vn 0.074443 -0.896891 -0.435941
vn -0.610687 -0.240344 -0.754517
vn 0.564179 0.767338 -0.304786
vn 0.671405 0.687396 -0.276950
vn 0.537316 0.830389 -0.147464
vn 0.796845 0.446504 -0.407029
vn 0.548690 -0.671686 -0.497772
vn 0.891245 0.416807 -0.178757
vn 0.383356 -0.642638 -0.663366
vn 0.321403 -0.780313 -0.536480
vn 0.933447 -0.245249 -0.261782
vn 0.575010 -0.712895 -0.401427
vn 0.553897 -0.649617 -0.520764
vn -0.754572 0.600002 0.265741
vn -0.794697 -0.468843 0.385541
vn -0.657153 0.282033 0.699004
vn -0.991852 0.046594 -0.118566
vn -0.975431 0.186441 -0.117362
vn -0.845842 0.116106 0.520644
vn -0.118693 0.523024 0.844013
vn -0.355862 -0.775845 0.520987
vn -0.792037 -0.610122 0.020678
vn -0.775913 0.074248 0.626456
vn -0.559416 0.169060 0.811463
vn -0.702570 -0.303856 0.643480
vn -0.662729 -0.132361 0.737069
vn -0.807798 -0.347995 0.475775
vn -0.924623 -0.249432 0.287847
vn -0.927264 -0.282389 0.245842
vn -0.880575 -0.335894 0.334309
vn -0.953417 -0.206996 0.219429
vn -0.976029 -0.162857 0.144377
vn -0.986868 -0.139585 0.081284
vn -0.990935 -0.113386 -0.072053
vn -0.916199 -0.374029 -0.143810
vn -0.869216 -0.322563 -0.374722
vn -0.926403 -0.339990 0.161813
vn -0.929529 -0.367119 0.034648
vn -0.806060 -0.586422 -0.079855
vn -0.839400 -0.512326 -0.181464
vn -0.798626 -0.601807 0.004918
vn -0.863042 -0.197688 0.464841
vn -0.893676 -0.174038 0.413587
vn -0.913134 -0.148317 0.379721
vn -0.815799 -0.218385 0.535518
vn -0.830492 -0.488793 0.267140
vn -0.781411 -0.623806 0.016227
vn -0.690842 -0.722950 0.008962
vn -0.753736 -0.601315 0.265146
vn -0.897331 -0.371195 0.238768
vn -0.876295 -0.481702 0.008435
vn -0.946550 -0.321899 0.020591
vn -0.893813 -0.364974 -0.260563
vn -0.877540 -0.292433 -0.380009
vn -0.694549 -0.673335 0.253419
vn -0.343381 -0.588398 0.732036
vn -0.681913 -0.371087 0.630308
vn -0.722061 -0.343206 0.600697
vn -0.762232 -0.324472 0.560107
vn -0.900411 -0.247824 0.357552
vn -0.868405 -0.276079 0.411891
vn -0.923100 -0.216711 0.317684
vn -0.818155 -0.303379 0.488450
vn -0.938833 -0.223329 0.262140
vn -0.958457 -0.210404 0.192590
vn -0.934182 -0.280635 0.220337
vn -0.913882 -0.265564 0.307074
vn -0.880069 -0.312432 0.357581
vn -0.824947 -0.369022 0.428119
vn -0.590813 -0.542024 0.597620
vn -0.769794 -0.419564 0.481023
vn -0.736514 -0.457079 0.498624
vn -0.702235 -0.490809 0.515725
vn -0.615881 0.032846 0.787154
vn -0.670921 0.042685 0.740299
vn -0.720361 0.045345 0.692115
vn -0.935115 -0.320889 -0.150299
vn -0.984180 -0.177091 -0.005264
vn -0.949085 -0.314844 -0.010539
vn -0.983734 -0.173746 0.045597
vn -0.669800 -0.135477 -0.730078
vn -0.407851 -0.203493 -0.890083
vn -0.434781 -0.403427 -0.805116
vn -0.722864 -0.342936 -0.599886
vn -0.061072 -0.233248 -0.970498
vn -0.090556 -0.439306 -0.893762
vn -0.369120 0.004795 -0.929369
vn -0.626863 0.024229 -0.778752
vn -0.038699 -0.016083 -0.999121
vn -0.818375 -0.180506 0.545601
vn -0.940218 -0.079032 0.331278
vn -0.969359 -0.056164 0.239142
vn -0.965457 -0.068674 0.251351
vn -0.984169 -0.006331 0.177117
vn -0.968784 -0.168970 0.181401
vn -0.982239 -0.146278 0.117515
vn -0.763279 0.031565 -0.645297
vn -0.793576 -0.062067 -0.605298
vn -0.871405 -0.020715 -0.490127
vn -0.867671 0.022295 -0.496639
vn -0.953130 -0.033749 -0.300673
vn -0.960655 -0.019516 -0.277059
vn -0.994891 -0.084868 -0.054677
vn -0.995529 -0.094098 -0.008262
vn -0.988128 0.073079 0.135142
vn -0.992917 0.082731 0.085274
vn -0.984283 0.150926 0.091700
vn -0.981107 0.147713 0.124941
vn -0.985636 -0.024884 0.167040
vn -0.998583 -0.033299 0.041506
vn -0.997204 -0.061533 0.042408
vn -0.994716 0.081703 0.062165
vn -0.981781 0.130976 -0.137664
vn -0.981037 0.035764 -0.190495
vn -0.986355 0.150757 0.066146
vn -0.972027 0.223389 -0.072534
vn -0.893626 0.444171 -0.064376
vn -0.956205 0.292687 -0.002339
vn -0.982617 -0.182417 -0.034467
vn -0.954426 -0.297958 -0.017063
vn -0.946980 -0.301057 -0.112218
vn -0.968490 -0.182520 -0.169448
vn -0.522768 -0.338875 -0.782226
vn -0.505112 -0.413309 0.757653
vn -0.583652 -0.368731 0.723456
vn -0.386488 -0.557385 0.734812
vn -0.265353 -0.692526 0.670817
vn -0.178460 -0.813938 0.552863
vn -0.161549 -0.812750 0.559767
vn -0.253908 -0.713893 0.652601
vn -0.209814 -0.770033 0.602518
vn -0.334178 -0.630389 0.700667
vn -0.673549 -0.273269 0.686772
vn -0.629947 -0.316533 0.709207
vn -0.676998 -0.251307 0.691750
vn -0.616230 -0.362424 0.699220
vn 0.077609 0.724365 -0.685034
vn 0.049365 0.993259 -0.104880
vn -0.025551 0.885986 0.463008
vn -0.073359 0.730810 0.678627
vn -0.139511 0.565626 0.812776
vn -0.233154 0.218191 0.947645
vn -0.276464 -0.218964 0.935747
vn -0.235077 -0.678052 0.696408
vn -0.171422 -0.648750 0.741443
vn -0.126304 -0.064427 0.989897
vn -0.154468 0.158211 0.975248
vn -0.244814 -0.088216 0.965549
vn -0.259519 -0.839582 0.477233
vn -0.180462 -0.977220 0.111691
vn -0.121843 -0.990558 -0.062840
vn -0.136176 -0.988832 -0.060556
vn -0.379781 -0.226769 0.896851
vn -0.789752 -0.209392 0.576582
vn -0.901832 -0.212014 0.376497
vn -0.970106 -0.151367 0.189687
vn -0.995366 0.000835 0.096155
vn -0.991778 0.021295 0.126183
vn -0.858619 0.144000 0.491973
vn -0.908777 0.062499 0.412574
vn -0.188780 0.135813 0.972583
vn -0.260142 0.197581 0.945139
vn -0.368849 0.260725 0.892173
vn -0.973110 -0.040336 0.226784
vn -0.979609 0.016121 0.200264
vn -0.953207 -0.051642 0.297876
vn -0.284876 -0.077360 0.955438
vn -0.226645 0.000263 0.973977
vn -0.497852 -0.185798 0.847126
vn -0.463438 0.106780 0.879672
vn -0.338929 0.282247 0.897476
vn -0.348272 0.198321 0.916174
vn -0.164118 0.411570 0.896479
vn -0.356415 -0.233260 0.904742
vn -0.486323 -0.562048 0.669023
vn -0.423708 -0.518445 0.742756
vn -0.516558 0.136934 0.845232
vn -0.691595 0.127110 0.711013
vn -0.978974 0.002331 0.203973
vn -0.965238 0.079263 0.249064
vn -0.981407 0.088212 0.170469
vn -0.987330 0.027180 0.156337
vn -0.964699 -0.078872 0.251266
vn -0.966523 -0.067644 0.247505
vn -0.975237 0.024267 0.219825
vn -0.601412 0.007472 0.798904
vn -0.757814 -0.038119 0.651356
vn -0.903033 -0.012273 0.429396
vn -0.959737 0.122229 0.252912
vn -0.981714 0.101989 0.160734
vn -0.988711 0.072799 0.130960
vn -0.984582 0.069638 0.160466
vn -0.508660 -0.231354 0.829301
vn -0.808064 -0.132503 0.574000
vn -0.459162 -0.561696 0.688235
vn -0.385612 0.835248 -0.392000
vn -0.208700 0.909048 -0.360661
vn -0.856521 0.508088 0.090654
vn -0.885038 -0.169292 0.433646
vn -0.511486 -0.681170 0.523821
vn -0.970649 -0.054523 0.234240
vn -0.960824 0.003479 0.277137
vn -0.966674 0.134199 0.218020
vn -0.908701 -0.411917 0.067723
vn -0.930482 -0.254273 0.263721
vn -0.974724 -0.108955 0.195042
vn -0.739563 -0.357222 0.570472
vn -0.871910 0.076699 0.483623
vn -0.951626 -0.305459 -0.033214
vn -0.959518 -0.208831 0.188984
vn -0.861972 -0.402061 0.308791
vn -0.964631 -0.007248 0.263503
vn -0.952096 0.003814 0.305777
vn -0.952260 -0.001203 0.305285
vn -0.924271 -0.089790 0.371028
vn -0.454406 -0.401125 0.795370
vn -0.313672 -0.621560 0.717825
vn -0.686548 -0.507499 0.520670
vn -0.947235 -0.086853 0.308548
vn -0.990670 -0.000931 0.136276
vn -0.962849 0.108988 0.247068
vn -0.931915 0.132659 0.337544
vn -0.931293 -0.115698 0.345410
vn -0.986066 -0.061986 0.154377
vn -0.951468 -0.129961 0.278961
vn -0.861507 -0.397681 0.315681
vn -0.843129 -0.315670 0.435300
vn -0.920505 -0.013255 0.390505
vn -0.932225 0.081390 0.352608
vn -0.909551 0.173579 0.377607
vn -0.897312 -0.331856 0.291038
vn -0.978434 0.044171 0.201781
vn -0.965917 0.027224 0.257415
vn -0.956817 0.271149 0.104784
vn -0.988999 -0.049486 0.139401
vn -0.952804 0.050832 0.299299
vn -0.917460 -0.331912 -0.219322
vn -0.849366 -0.442816 -0.287214
vn -0.887411 -0.309986 -0.341188
vn -0.934758 -0.132276 -0.329742
vn 0.021270 0.998147 -0.057003
vn -0.004984 0.999770 0.020839
vn 0.217266 0.619187 0.754588
vn 0.169016 0.479038 0.861369
vn -0.105441 0.551566 0.827440
vn -0.567589 0.082291 0.819189
vn -0.283645 -0.132509 0.949730
vn -0.935194 -0.205074 -0.288716
vn -0.884755 -0.276224 -0.375377
vn -0.978808 -0.194000 0.065567
vn -0.989002 -0.129360 0.071703
vn -0.992547 -0.117112 -0.033695
vn -0.954568 -0.109588 -0.277112
vn -0.884718 -0.126790 -0.448551
vn -0.354517 0.257445 0.898910
vn -0.247721 0.241149 0.938340
vn -0.224476 0.192235 0.955330
vn -0.314269 0.223819 0.922572
vn -0.263448 0.316361 0.911324
vn -0.381039 0.328238 0.864331
vn -0.931512 0.162890 0.325196
vn -0.954062 0.143308 0.263114
vn -0.972044 0.142634 0.186509
vn -0.996680 -0.052393 0.062317
vn -0.833384 -0.238242 -0.498710
vn -0.426984 0.472650 0.770900
vn -0.559728 0.441152 0.701491
vn -0.105894 0.499275 0.859948
vn -0.131138 0.624932 0.769587
vn -0.805016 0.471589 0.359935
vn -0.805633 0.522386 0.279407
vn -0.809047 0.554880 0.193779
vn -0.909205 0.366405 0.197719
vn -0.951349 0.307275 0.022748
vn -0.981491 0.190410 -0.020467
vn -0.997881 -0.045853 0.046154
vn -0.906747 0.247164 0.341642
vn -0.932350 0.235134 0.274653
vn -0.955146 0.225408 0.192061
vn -0.995953 0.087011 0.022522
vn -0.988695 0.146417 0.032326
vn -0.893693 0.349808 0.280975
vn -0.998054 -0.010787 -0.061421
vn -0.995173 0.076725 -0.061189
vn -0.987844 0.027959 -0.152915
vn -0.967949 -0.008222 -0.251011
vn -0.993868 0.096807 -0.053433
vn -0.967286 0.221316 0.124002
vn -0.730841 0.359532 0.580179
vn -0.793306 0.323762 0.515600
vn -0.762944 0.415276 0.495442
vn -0.671314 0.475374 0.568644
vn -0.260883 0.535028 0.803545
vn -0.270035 0.616116 0.739921
vn -0.411087 0.589230 0.695568
vn -0.544080 0.549678 0.633901
vn -0.845649 0.287269 0.449838
vn -0.880186 0.262920 0.395152
vn -0.971133 0.221646 0.088169
vn -0.974244 0.215491 0.066430
vn -0.987172 0.159171 -0.012452
vn -0.979978 0.196491 0.032147
vn -0.817962 -0.379239 -0.432570
vn -0.794155 -0.404887 -0.453194
vn -0.833341 -0.141319 -0.534389
vn -0.924210 -0.177561 -0.338095
vn -0.983092 -0.155723 -0.096336
vn -0.980126 -0.118313 -0.159233
vn -0.817233 -0.237905 -0.524910
vn -0.904332 -0.289639 -0.313518
vn -0.873048 -0.476800 0.102217
vn -0.658275 -0.645784 0.386830
vn -0.092020 0.852268 0.514948
vn -0.527014 0.151838 0.836183
vn -0.176430 0.717587 0.673752
vn -0.312293 0.699223 0.643086
vn -0.419831 0.671177 0.610953
vn -0.532229 0.638148 0.556327
vn -0.826937 0.349215 0.440709
vn -0.809976 0.415444 0.413940
vn -0.718216 0.527345 0.453953
vn -0.624396 0.602382 0.497258
vn -0.858689 0.324095 0.397008
vn -0.876487 0.332824 0.347848
vn -0.452599 0.718865 0.527624
vn -0.516689 0.698265 0.495438
vn 0.930912 0.286275 -0.226826
vn 0.969840 -0.044079 -0.239722
vn 0.979019 -0.015276 -0.203195
vn 0.853501 -0.428740 -0.296171
vn -0.169664 -0.174432 0.969942
vn -0.139259 0.080741 0.986959
vn -0.160084 0.168679 0.972584
vn -0.106188 0.151761 0.982697
vn -0.167743 0.233493 0.957780
vn -0.156534 0.323908 0.933049
vn -0.081437 0.101415 0.991505
vn -0.267384 0.428685 0.862980
vn -0.372323 0.414548 0.830376
vn -0.158772 0.417952 0.894488
vn -0.129858 -0.895525 0.425643
vn -0.765562 0.566605 0.304751
vn -0.199547 0.252929 0.946683
vn -0.045024 -0.657656 0.751971
vn -0.473395 -0.615793 0.629838
vn -0.172112 -0.667923 0.724056
vn 0.654744 -0.701541 -0.281338
vn 0.299117 -0.953575 -0.034986
vn -0.899001 0.039444 0.436167
vn -0.841487 0.161723 0.515505
vn -0.840708 -0.240121 0.485337
vn -0.816807 -0.207443 0.538325
vn -0.768401 -0.228362 0.597838
vn -0.681137 -0.230515 0.694920
vn -0.555746 -0.183700 0.810802
vn -0.462270 -0.084386 0.882715
vn -0.445112 0.086216 0.891315
vn -0.730343 0.146233 0.667245
vn -0.853519 -0.478107 0.207171
vn -0.868154 -0.480904 0.122639
vn -0.921640 -0.280795 0.267832
vn -0.905704 -0.116620 0.407553
vn -0.846690 -0.062147 0.528444
vn -0.765070 -0.123344 0.632024
vn -0.610749 -0.157280 0.776047
vn -0.023199 -0.067216 0.997469
vn 0.616655 -0.180174 0.766338
vn 0.781762 -0.130970 0.609668
vn 0.863496 -0.039839 0.502780
vn 0.924598 -0.082850 0.371826
vn 0.930974 -0.265645 0.250441
vn 0.867477 -0.482031 0.123004
vn 0.818558 -0.550736 0.163253
vn 0.771510 0.053391 0.633973
vn 0.466077 0.124378 0.875958
vn 0.471765 -0.046710 0.880486
vn 0.549249 -0.158081 0.820570
vn 0.676890 -0.216980 0.703377
vn 0.767935 -0.220128 0.601515
vn 0.815772 -0.205802 0.540520
vn 0.837552 -0.238184 0.491706
vn 0.824952 -0.256430 0.503684
vn 0.809933 -0.283860 0.513257
vn 0.812709 -0.281398 0.510215
vn 0.790524 -0.284869 0.542145
vn 0.690883 -0.335599 0.640355
vn 0.505010 -0.417968 0.755160
vn 0.250006 -0.504554 0.826391
vn -0.023574 -0.537010 0.843246
vn -0.288831 -0.486580 0.824510
vn -0.532783 -0.397879 0.746883
vn -0.705973 -0.328225 0.627591
vn -0.796234 -0.287280 0.532429
vn -0.814662 -0.286673 0.504128
vn -0.812337 -0.288510 0.506824
vn -0.829449 -0.257918 0.495472
vn -0.814859 -0.081499 -0.573902
vn -0.735472 -0.234123 -0.635820
vn -0.971621 -0.210640 -0.107626
vn -0.950078 -0.160725 0.267431
vn -0.936259 -0.166494 0.309352
vn -0.974406 -0.148019 0.169183
vn -0.990230 -0.108987 0.086988
vn -0.990642 -0.102482 0.090141
vn -0.986698 -0.125871 0.102880
vn -0.974754 -0.180376 0.131601
vn -0.944125 -0.260418 0.202014
vn -0.883462 -0.323528 0.338857
vn -0.802034 -0.319292 0.504771
vn -0.696005 -0.245150 0.674891
vn -0.559184 -0.132269 0.818425
vn -0.413293 -0.008352 0.910560
vn -0.308015 0.100238 0.946086
vn -0.307491 0.153668 0.939061
vn 0.382306 0.107496 0.917762
vn 0.323387 0.075195 0.943274
vn 0.373474 -0.013487 0.927543
vn 0.535502 -0.133019 0.833993
vn 0.692763 -0.248076 0.677155
vn 0.800800 -0.325299 0.502892
vn 0.879527 -0.331851 0.341038
vn 0.939681 -0.270494 0.209363
vn 0.973157 -0.186001 0.135533
vn 0.986673 -0.126494 0.102345
vn 0.990264 -0.106175 0.090022
vn 0.989389 -0.116121 0.087323
vn 0.971854 -0.152026 0.179967
vn 0.934346 -0.156832 0.320003
vn 0.953515 -0.144974 0.264183
vn 0.974022 -0.202589 -0.101185
vn 0.728063 -0.240845 -0.641809
vn 0.800682 -0.104253 -0.589948
vn 0.206280 -0.627468 0.750821
vn 0.253003 -0.430601 0.866356
vn 0.282767 -0.116574 0.952078
vn 0.335807 0.599112 0.726841
vn 0.365106 0.599282 0.712432
vn 0.399201 0.581668 0.708732
vn 0.413785 0.568899 0.710729
vn -0.524148 0.521319 0.673420
vn -0.508310 0.537554 0.672798
vn -0.464601 0.571473 0.676435
vn -0.415019 0.585045 0.696765
vn -0.315408 -0.102585 0.943395
vn -0.257833 -0.401839 0.878662
vn -0.177204 -0.610921 0.771605
vn -0.078079 -0.745489 0.661928
vn 0.029419 -0.762204 0.646668
vn 0.132450 -0.750666 0.647269
vn 0.403654 0.566822 0.718175
vn -0.516111 0.524944 0.676804
vn 0.533629 -0.021133 0.845455
vn 0.909465 0.143718 0.390152
vn 0.945233 0.268306 -0.185870
vn 0.969417 0.130791 -0.207666
vn 0.761794 -0.647815 0.002362
vn 0.540007 -0.831492 0.130441
vn 0.167435 -0.894841 0.413793
vn -0.577033 -0.507485 0.639916
vn -0.858677 -0.056727 0.509367
vn -0.751242 -0.131192 0.646857
vn 0.316978 0.360464 0.877263
vn 0.438678 -0.052451 0.897112
vn -0.055163 -0.729236 0.682035
vn -0.396057 -0.886470 0.239395
vn -0.593556 -0.800301 0.084917
vn -0.768073 -0.640281 -0.010260
vn -0.974796 0.123019 -0.186115
vn -0.937301 0.301938 -0.174071
vn -0.877402 0.187966 0.441401
vn -0.464563 0.004658 0.885528
vn -0.839778 0.482209 -0.249493
vn -0.808867 0.552944 -0.199968
vn -0.435651 0.899122 -0.042290
vn 0.257404 0.938634 0.229584
vn 0.287002 0.929536 0.231503
vn 0.306991 0.768305 0.561662
vn 0.335093 0.197000 0.921360
vn 0.340086 -0.146282 0.928947
vn 0.478949 -0.198830 0.855029
vn 0.630350 -0.215222 0.745881
vn 0.726958 -0.215310 0.652054
vn 0.794294 -0.217379 0.567312
vn 0.836002 -0.220853 0.502319
vn 0.857145 -0.231304 0.460218
vn 0.876693 -0.241215 0.416202
vn 0.902605 -0.240405 0.357085
vn 0.925267 -0.230075 0.301573
vn 0.951139 -0.206723 0.229348
vn 0.974584 -0.180448 0.132757
vn 0.983971 -0.178263 -0.004767
vn 0.946335 -0.195699 -0.257202
vn 0.886023 -0.333036 -0.322567
vn 0.829408 -0.529518 -0.178028
vn 0.826159 -0.551276 -0.116432
vn 0.863164 -0.501398 -0.059571
vn 0.874128 -0.479688 -0.076157
vn 0.830027 0.493622 -0.259602
vn 0.727654 0.648227 -0.224326
vn 0.652983 0.723366 -0.224398
vn 0.417171 0.899638 0.128922
vn -0.096389 0.667192 0.738623
vn -0.321793 0.173963 0.930691
vn -0.306900 -0.079052 0.948453
vn -0.353933 -0.181607 0.917470
vn -0.511491 -0.219192 0.830862
vn -0.649887 -0.219644 0.727601
vn -0.736839 -0.215827 0.640692
vn -0.800641 -0.216317 0.558732
vn -0.838421 -0.220603 0.498382
vn -0.857752 -0.232316 0.458575
vn -0.877254 -0.242455 0.414296
vn -0.902545 -0.241660 0.356389
vn -0.924160 -0.231891 0.303571
vn -0.948765 -0.212326 0.234014
vn -0.971914 -0.192046 0.136021
vn -0.980660 -0.195502 0.009170
vn -0.953138 -0.181607 -0.241965
vn -0.903642 -0.239440 -0.355105
vn -0.868967 -0.445913 -0.214611
vn -0.842184 -0.526908 -0.114431
vn -0.864603 -0.499378 -0.055534
vn -0.870286 -0.487034 -0.073484
vn 0.787308 0.017678 0.616306
vn 0.916529 -0.393927 0.069258
vn 0.921324 -0.375725 -0.099959
vn 0.982006 -0.183309 0.045416
vn 0.975885 0.050401 0.212388
vn 0.907849 0.273845 0.317520
vn 0.853847 0.356668 0.379122
vn 0.832531 0.268201 0.484727
vn 0.672140 0.215705 0.708307
vn 0.303038 0.273528 0.912880
vn -0.037580 0.305382 0.951488
vn -0.353083 0.269456 0.895950
vn -0.671208 0.214343 0.709603
vn -0.825661 0.257298 0.502077
vn -0.857741 0.320815 0.401695
vn -0.909864 0.239076 0.339102
vn -0.975048 0.029431 0.220034
vn -0.978349 -0.197444 0.062036
vn -0.922294 -0.376270 -0.088292
vn -0.916928 -0.399054 -0.000490
vn -0.818835 -0.024765 0.573494
vn 0.960108 -0.223049 -0.168649
vn -0.958383 -0.229684 -0.169549
vn 0.852554 -0.493705 -0.171483
vn -0.852768 -0.493324 -0.171518
vn 0.563289 0.589102 0.579366
vn 0.883481 0.052528 0.465512
vn 0.892955 -0.259730 0.367657
vn 0.803305 -0.541281 0.248427
vn 0.324610 -0.934400 -0.146711
vn -0.015345 -0.931624 -0.363100
vn 0.041679 -0.926707 -0.373467
vn -0.265874 -0.950665 -0.159836
vn -0.797120 -0.553789 0.240659
vn -0.900619 -0.246837 0.357711
vn -0.881642 0.055030 0.468699
vn -0.544208 0.592534 0.593920
vn 0.422378 -0.866548 -0.265877
vn -0.430234 -0.861060 -0.271061
vn 0.587185 -0.750602 -0.303003
vn 0.109889 -0.826660 -0.551868
vn 0.416430 -0.848775 -0.325833
vn 0.822524 -0.526395 0.215320
vn 0.854150 -0.297324 0.426645
vn 0.800853 0.021920 0.598460
vn -0.796737 0.021003 0.603961
vn -0.857587 -0.276512 0.433688
vn -0.819555 -0.529790 0.218294
vn -0.377809 -0.859889 -0.343294
vn -0.087824 -0.825733 -0.557182
vn -0.579177 -0.753517 -0.311071
vn 0.812877 -0.539772 -0.218809
vn 0.830357 -0.481568 -0.280356
vn -0.821412 -0.527020 -0.218019
vn -0.831191 -0.478998 -0.282281
vn 0.847138 -0.461623 -0.263177
vn -0.843160 -0.465347 -0.269319
vn -0.537166 0.810942 0.232004
vn -0.539766 0.709403 0.453210
vn -0.535619 0.612280 0.581571
vn -0.555399 0.546373 0.626903
vn -0.593106 0.488754 0.639800
vn -0.611044 0.416145 0.673386
vn -0.592757 0.328837 0.735191
vn -0.542024 0.243936 0.804180
vn -0.394483 0.160550 0.904769
vn -0.168165 0.052712 0.984348
vn 0.000622 -0.009662 0.999953
vn 0.168478 0.052759 0.984292
vn 0.394246 0.160950 0.904801
vn 0.542171 0.244256 0.803984
vn 0.593181 0.328947 0.734799
vn 0.611384 0.416488 0.672865
vn 0.592847 0.489649 0.639357
vn 0.554332 0.547636 0.626746
vn 0.534039 0.613129 0.582130
vn 0.539139 0.709377 0.453997
vn 0.538370 0.810459 0.230897
vn 0.513078 0.858296 -0.008934
vn 0.470459 0.844193 -0.256919
vn 0.365906 0.753453 -0.546279
vn 0.212320 0.630892 -0.746255
vn 0.070513 0.582590 -0.809701
vn 0.002508 0.579446 -0.815007
vn -0.067346 0.577304 -0.813747
vn -0.214954 0.626666 -0.749056
vn -0.372526 0.752018 -0.543776
vn -0.473836 0.843532 -0.252851
vn -0.512427 0.858709 -0.006190
vn 0.473878 0.111233 0.873537
vn -0.409747 0.143760 0.900800
vn 0.438898 0.264245 0.858804
vn -0.376051 0.282478 0.882492
vn -0.137020 -0.137241 0.981015
vn -0.247101 0.037702 0.968256
vn -0.415030 0.284891 0.864053
vn -0.503907 0.430396 0.748890
vn -0.512307 0.488142 0.706583
vn -0.509660 0.515090 0.689151
vn 0.087149 -0.117305 0.989265
vn 0.166228 0.062442 0.984108
vn 0.249759 0.340662 0.906405
vn 0.309825 0.479871 0.820812
vn 0.351689 0.531052 0.770908
vn 0.383043 0.555744 0.737853
vn -0.093946 -0.148695 0.984410
vn -0.028385 -0.125081 0.991740
vn 0.053085 -0.111286 0.992370
vn 0.822978 0.017010 0.567818
vn 0.980840 -0.194475 -0.011488
vn 0.980252 -0.092988 -0.174526
vn 0.994016 0.103277 -0.035571
vn 0.929052 0.327360 0.172331
vn 0.807835 0.520040 0.277420
vn 0.786371 0.557243 0.266648
vn 0.826609 0.461412 0.322207
vn 0.692991 0.450898 0.562543
vn 0.315845 0.520864 0.793059
vn -0.049339 0.540171 0.840107
vn -0.376816 0.514285 0.770403
vn -0.696982 0.452768 0.556073
vn -0.829382 0.452584 0.327556
vn -0.804085 0.521095 0.286196
vn -0.834244 0.458896 0.305697
vn -0.945895 0.253487 0.202550
vn -0.998621 0.050004 0.016018
vn -0.984283 -0.104199 -0.142584
vn -0.978694 -0.175711 -0.106225
vn -0.866961 -0.006804 0.498329
vn -0.076376 0.446747 0.891394
vn -0.073650 0.302361 0.950344
vn -0.025583 -0.115243 0.993008
vn 0.044311 0.446040 0.893915
vn 0.062204 0.303593 0.950769
vn 0.048871 -0.118763 0.991719
vn 0.053347 0.061960 0.996652
vn -0.095706 0.055789 0.993845
vn 0.031848 -0.672241 0.739647
vn -0.024455 -0.667951 0.743804
vn 0.521627 0.378429 0.764655
vn 0.479403 0.281882 0.831093
vn 0.443225 0.212810 0.870783
vn -0.514487 0.372715 0.772261
vn -0.466669 0.242356 0.850578
vn -0.418182 0.148810 0.896091
vn 0.552884 0.434568 0.710964
vn 0.591941 0.403271 0.697838
vn -0.543113 0.417174 0.728693
vn -0.553157 0.382432 0.740110
vn 0.419674 0.061657 0.905578
vn -0.366280 0.052288 0.929035
vn 0.366060 0.389735 0.845048
vn 0.251759 0.459439 0.851783
vn 0.103079 0.391183 0.914522
vn -0.077891 0.258621 0.962833
vn -0.257624 0.205374 0.944167
vn -0.313106 0.677539 0.665512
vn -0.051213 0.993655 -0.100131
vn 0.267012 0.963659 -0.008069
vn -0.045513 0.998567 0.028139
vn 0.166067 0.985905 -0.020343
vn 0.394783 0.665638 0.633303
vn 0.275722 0.279489 0.919708
vn 0.038898 0.295698 0.954489
vn -0.129265 0.381647 0.915225
vn -0.236685 0.447338 0.862478
vn -0.319398 0.399292 0.859390
vn -0.594471 0.261939 0.760258
vn -0.572249 0.230062 0.787149
vn 0.597807 0.287936 0.748144
vn 0.587694 0.241214 0.772290
vn 0.674007 0.298174 0.675875
vn -0.576540 0.328885 0.747955
vn 0.709679 0.224281 0.667873
vn -0.709579 0.096628 0.697969
vn 0.764850 -0.177602 0.619243
vn -0.713615 0.164434 0.680966
vn 0.658035 0.398155 0.639111
vn 0.660868 0.323168 0.677359
vn 0.650636 0.267106 0.710864
vn 0.631196 0.270825 0.726805
vn 0.589725 0.353532 0.726113
vn 0.559271 0.279808 0.780335
vn 0.531868 -0.047573 0.845490
vn 0.434985 -0.441165 0.784959
vn 0.303171 -0.715191 0.629753
vn 0.244646 -0.705871 0.664752
vn 0.287895 -0.154673 0.945089
vn 0.277307 0.341658 0.897981
vn 0.257859 -0.442683 0.858802
vn -0.091121 -0.965447 -0.244148
vn -0.082784 -0.968503 -0.234836
vn 0.071175 -0.981449 -0.178021
vn 0.180935 -0.935781 -0.302615
vn -0.130094 -0.713873 0.688085
vn -0.280307 0.055793 0.958288
vn -0.268344 -0.362485 0.892522
vn -0.206044 -0.772408 0.600776
vn -0.297336 -0.685858 0.664222
vn -0.443684 -0.397718 0.803097
vn -0.536704 -0.020936 0.843511
vn -0.558029 0.291939 0.776773
vn -0.589712 0.349096 0.728266
vn -0.630449 0.267687 0.728614
vn -0.649732 0.268517 0.711159
vn -0.661691 0.323718 0.676293
vn -0.660515 0.397770 0.636788
vn 0.776324 0.531516 -0.338837
vn 0.636821 0.624161 -0.452639
vn 0.485581 0.663113 -0.569642
vn 0.351111 0.708756 -0.611871
vn 0.232943 0.751943 -0.616700
vn 0.152515 0.766326 -0.624086
vn 0.081493 0.750578 -0.655738
vn 0.007079 0.735093 -0.677929
vn -0.066732 0.745069 -0.663640
vn -0.152008 0.734057 -0.661857
vn -0.218462 0.697530 -0.682442
vn -0.315432 0.671087 -0.670928
vn -0.443817 0.665306 -0.600329
vn -0.593709 0.648433 -0.476492
vn -0.738232 0.578020 -0.347716
vn -0.966994 0.161093 -0.197414
vn 0.959016 0.201745 -0.198966
vn 0.327259 -0.606749 -0.724401
vn 0.319312 -0.556932 -0.766725
vn 0.247007 -0.752244 -0.610832
vn 0.125620 -0.904707 -0.407094
vn -0.094698 -0.995128 0.027438
vn -0.353197 -0.769919 0.531485
vn -0.453151 -0.475596 0.753964
vn -0.490938 -0.079002 0.867605
vn -0.427109 0.306747 0.850579
vn -0.352860 0.262429 0.898121
vn -0.326419 0.073301 0.942379
vn -0.397387 0.006572 0.917628
vn -0.588297 -0.118352 0.799937
vn -0.728240 -0.197626 0.656209
vn -0.237117 -0.639334 -0.731456
vn -0.263943 -0.542862 -0.797267
vn -0.193672 -0.736851 -0.647721
vn -0.084833 -0.901999 -0.423321
vn 0.132061 -0.990243 0.044473
vn 0.363642 -0.734866 0.572483
vn 0.439977 -0.427517 0.789715
vn 0.451272 0.023538 0.892076
vn 0.378240 0.378417 0.844829
vn 0.337592 0.257878 0.905279
vn 0.324692 0.029510 0.945359
vn 0.401806 -0.084492 0.911819
vn 0.575425 -0.116066 0.809577
vn 0.696296 0.225364 0.681456
vn -0.706875 0.501103 0.499223
vn 0.740165 0.429954 0.517005
vn -0.912180 0.202283 0.356384
vn -0.993069 -0.117500 0.002617
vn 0.882075 -0.037725 0.469595
vn 0.871997 -0.383942 0.303662
vn -0.764201 -0.018502 0.644713
vn 0.614836 0.367874 0.697600
vn -0.741837 0.271326 0.613238
vn -0.754487 0.212244 0.621049
vn -0.797468 0.157195 0.582524
vn 0.648452 0.618035 0.444457
vn 0.594385 0.629584 0.500330
vn 0.470939 0.643188 0.603760
vn -0.216950 -0.443967 0.869382
vn -0.230055 -0.740396 0.631576
vn -0.158366 -0.981260 0.109767
vn -0.049476 -0.912755 -0.405500
vn 0.016130 -0.765525 -0.643204
vn 0.066368 -0.616521 -0.784536
vn 0.058460 -0.682139 -0.728882
vn 0.172108 -0.449652 0.876466
vn 0.175326 -0.740741 0.648509
vn 0.122893 -0.984174 0.127663
vn 0.049700 -0.910084 -0.411434
vn 0.006814 -0.762821 -0.646573
vn -0.025700 -0.621745 -0.782798
vn -0.010640 -0.686353 -0.727191
vn 0.593471 -0.754020 0.281505
vn -0.741666 -0.505421 0.440999
vn -0.574544 -0.345911 0.741785
vn -0.904472 -0.096101 0.415566
vn 0.661249 -0.383879 0.644505
vn 0.600169 -0.743951 0.293826
vn 0.183714 -0.930462 0.317002
vn 0.084702 -0.435821 0.896039
vn 0.687598 -0.534630 -0.491304
vn 0.970434 -0.193946 -0.143676
vn 0.772991 -0.243986 -0.585624
vn 0.998506 0.046868 0.028093
vn 0.681145 -0.157267 -0.715059
vn 0.998430 0.053965 0.015042
vn 0.167563 -0.474181 -0.864335
vn -0.294925 -0.252091 -0.921666
vn -0.301424 -0.195581 -0.933216
vn 0.170577 -0.293896 -0.940494
vn -0.181983 -0.142879 -0.972866
vn 0.051319 -0.173891 -0.983427
vn -0.116715 -0.738318 -0.664277
vn 0.051937 -0.730413 -0.681028
vn 0.228840 -0.166103 -0.959188
vn -0.684042 -0.365605 -0.631204
vn 0.150686 -0.182782 -0.971537
vn 0.466271 -0.194415 -0.863015
vn 0.999232 -0.022086 -0.032356
vn 0.738806 0.044634 0.672439
vn 0.711850 -0.123907 0.691316
vn 0.138575 -0.190932 0.971773
vn -0.218826 -0.215552 0.951658
vn -0.214213 -0.443496 0.870301
vn -0.431472 -0.394667 0.811215
vn -0.460501 -0.209238 0.862646
vn -0.123517 -0.939170 0.320474
vn -0.332894 -0.876564 0.347589
vn 0.077476 -0.703884 -0.706077
vn 0.204321 -0.678961 -0.705170
vn -0.508613 -0.799983 0.318338
vn -0.849490 -0.390023 0.355314
vn -0.864513 0.013818 -0.502420
vn -0.880194 0.159131 -0.447142
vn -0.797333 0.201086 -0.569055
vn -0.929371 0.343599 0.134941
vn -0.525618 0.160403 0.835462
vn -0.499072 0.108793 0.859704
vn -0.938419 0.286618 0.192924
vn -0.179084 0.078820 0.980671
vn -0.174579 0.058560 0.982900
vn 0.174316 0.039319 0.983904
vn 0.179709 0.048395 0.982529
vn 0.756327 0.041458 0.652878
vn 0.751288 0.075453 0.655647
vn 0.999042 0.027408 0.034112
vn 0.176184 -0.015679 0.984232
vn -0.190277 -0.044045 0.980742
vn -0.471089 -0.040843 0.881140
vn -0.933499 0.138195 0.330881
vn -0.833832 0.188132 -0.518971
vn 0.140191 -0.580496 -0.802104
vn 0.748948 -0.392345 -0.533988
vn -0.497717 -0.714786 -0.491282
vn -0.699719 -0.703428 0.124831
vn -0.629088 -0.169515 0.758626
vn -0.707734 0.023675 0.706082
vn -0.767451 0.191835 0.611734
vn -0.784766 0.253329 0.565656
vn 0.272944 0.243146 -0.930796
vn 0.674908 -0.126713 -0.726941
vn 0.708631 0.141386 -0.691268
vn 0.771883 -0.155459 -0.616465
vn 0.940982 0.018277 -0.337964
vn 0.922343 -0.099242 -0.373410
vn -0.229972 0.255487 0.939063
vn 0.348352 0.213007 0.912841
vn 0.313124 0.162871 0.935642
vn -0.247543 0.185613 0.950931
vn -0.575768 0.239466 0.781759
vn -0.565650 0.309384 0.764409
vn 0.072472 -0.500664 0.862603
vn -0.554855 0.515088 -0.653315
vn -0.928911 -0.343600 -0.138072
vn -0.994533 0.021030 -0.102285
vn -0.800324 -0.511250 0.313217
vn 0.637910 -0.166791 -0.751832
vn 0.612282 -0.234714 -0.754997
vn 0.809586 -0.441089 -0.387313
vn 0.686949 -0.236928 -0.686998
vn 0.567327 -0.145108 -0.810607
vn 0.193846 0.028764 -0.980610
vn 0.271193 -0.430594 -0.860839
vn 0.510623 -0.514529 -0.688857
vn 0.276957 -0.060824 -0.958955
vn 0.459005 -0.503363 -0.732079
vn 0.531934 -0.470286 -0.704186
vn 0.892503 -0.091684 -0.441626
vn 0.839429 -0.178329 0.513380
vn 0.870978 -0.006072 0.491284
vn 0.780127 -0.470289 0.412589
vn 0.470303 -0.828800 0.303159
vn 0.032757 -0.995578 0.088039
vn -0.181396 -0.979840 -0.083718
vn -0.304709 -0.920773 -0.243578
vn -0.422793 -0.716017 -0.555487
vn -0.695728 0.069749 -0.714911
vn -0.660350 0.336393 -0.671400
vn -0.941486 0.300202 -0.153240
vn -0.578579 -0.583889 0.569491
vn -0.383645 -0.547671 0.743554
vn -0.617883 -0.248117 0.746095
vn -0.385423 -0.240918 0.890734
vn -0.881936 -0.143083 0.449127
vn -0.883027 0.140692 0.447737
vn -0.604332 0.018220 0.796524
vn -0.830250 0.525956 -0.184538
vn -0.757135 0.626284 -0.185782
vn -0.775231 0.471449 0.420420
vn -0.818878 0.377130 0.432680
vn -0.306832 -0.013803 0.951664
vn 0.209262 0.002356 0.977857
vn 0.089748 -0.216267 0.972200
vn 0.940803 0.091049 0.326496
vn 0.925306 0.083226 0.369976
vn -0.543193 -0.303924 -0.782670
vn 0.828357 -0.536767 0.160331
vn 0.965778 -0.235409 0.108884
vn 0.643375 -0.592123 -0.485241
vn 0.867779 -0.112407 -0.484070
vn -0.534012 -0.380253 0.755141
vn -0.715855 -0.524083 0.461399
vn -0.758844 -0.321764 0.566237
vn -0.430737 0.512400 -0.742908
vn -0.517091 0.434634 -0.737367
vn -0.951648 -0.209366 0.224793
vn -0.965699 0.000307 0.259662
vn -0.793479 -0.064971 0.605120
vn -0.976620 -0.195441 -0.089530
vn -0.995187 0.021300 -0.095656
vn -0.915323 -0.378060 0.138763
vn 0.231553 -0.634865 -0.737109
vn 0.403480 -0.271277 -0.873849
vn 0.309181 0.009403 -0.950957
vn 0.805569 -0.298488 -0.511824
vn 0.231511 -0.064585 -0.970686
vn 0.968446 -0.163143 0.188406
vn 0.926036 -0.284217 0.248352
vn 0.074919 -0.702456 0.707773
vn 0.216405 -0.378422 0.899981
vn -0.317530 -0.945958 0.065862
vn -0.609914 -0.700702 -0.370165
vn -0.685369 -0.332193 -0.648010
vn 0.285342 0.013204 -0.958335
vn 0.379700 0.208460 -0.901317
vn 0.815878 -0.306448 -0.490340
vn 0.885607 -0.002921 -0.464427
vn 0.945481 -0.222922 0.237426
vn 0.981839 -0.054671 0.181671
vn 0.355002 -0.039795 0.934018
vn 0.478550 -0.045642 0.876873
vn 0.278707 -0.103465 0.954787
vn -0.465839 -0.113504 0.877560
vn -0.349026 0.012990 0.937023
vn -0.763987 0.075985 0.640742
vn -0.710716 0.194768 0.675979
vn -0.945893 0.172408 0.274885
vn -0.920209 0.306663 0.243254
vn -0.959076 0.270709 -0.083011
vn -0.887539 0.437916 -0.143196
vn -0.675617 0.072714 -0.733659
vn -0.626604 0.288912 -0.723807
vn -0.838332 0.509779 -0.193196
vn -0.899996 0.376932 0.218927
vn -0.674327 0.262301 0.690276
vn -0.150642 0.106657 0.982818
vn -0.220443 0.072945 0.972668
vn 0.562510 -0.030054 0.826244
vn -0.600749 -0.531813 0.596889
vn -0.027193 -0.885215 0.464387
vn 0.816012 -0.550680 -0.175718
vn 0.572056 -0.346537 0.743414
vn 0.906933 -0.086651 0.412267
vn -0.662387 -0.373261 0.649554
vn -0.607049 -0.738453 0.293563
vn -0.169918 -0.935366 0.310190
vn -0.058958 -0.456606 0.887713
vn -0.709125 -0.498557 -0.498580
vn -0.979325 -0.140632 -0.145415
vn -0.776610 -0.246637 -0.579695
vn -0.998993 0.041174 0.017844
vn -0.688223 -0.125259 -0.714605
vn -0.997232 0.074343 -0.000716
vn -0.179392 -0.468291 -0.865172
vn 0.290949 -0.243730 -0.925173
vn 0.298612 -0.189580 -0.935356
vn -0.185046 -0.272128 -0.944301
vn 0.175751 -0.127421 -0.976153
vn -0.050122 -0.144269 -0.988268
vn 0.126334 -0.721744 -0.680533
vn -0.048154 -0.716671 -0.695747
vn -0.231876 -0.136364 -0.963140
vn 0.694870 -0.328329 -0.639810
vn -0.168067 -0.150399 -0.974235
vn -0.485252 -0.147183 -0.861898
vn -0.998749 0.027451 -0.041785
vn -0.751147 0.048820 0.658327
vn -0.717565 -0.114657 0.686990
vn -0.124482 -0.225524 0.966252
vn 0.241825 -0.260411 0.934723
vn 0.233656 -0.467697 0.852446
vn 0.434389 -0.410221 0.801888
vn 0.475753 -0.239718 0.846283
vn 0.136442 -0.940706 0.310572
vn 0.336556 -0.877552 0.341516
vn -0.087072 -0.690889 -0.717698
vn -0.226585 -0.662675 -0.713807
vn 0.513344 -0.797101 0.317973
vn 0.856737 -0.371997 0.357239
vn 0.861897 0.040585 -0.505457
vn 0.880307 0.160157 -0.446552
vn 0.801454 0.198405 -0.564187
vn 0.933910 0.330001 0.137517
vn 0.539396 0.171846 0.824330
vn 0.520177 0.107793 0.847229
vn 0.943491 0.268242 0.194603
vn 0.185875 0.108693 0.976543
vn 0.187610 0.070938 0.979679
vn -0.188119 0.070638 0.979603
vn -0.190090 0.065196 0.979599
vn -0.770475 0.051094 0.635419
vn -0.765588 0.081408 0.638159
vn -0.999547 0.014745 0.026220
vn -0.176669 -0.032483 0.983734
vn 0.212848 -0.070910 0.974509
vn 0.497263 -0.064719 0.865183
vn 0.936377 0.126362 0.327460
vn 0.839354 0.180632 -0.512695
vn -0.147726 -0.578573 -0.802141
vn -0.749031 -0.402948 -0.525914
vn 0.513304 -0.693357 -0.505742
vn 0.712389 -0.690936 0.122918
vn 0.635470 -0.179985 0.750855
vn 0.721619 0.005662 0.692268
vn 0.779501 0.177828 0.600629
vn 0.793047 0.245885 0.557330
vn -0.269848 0.239973 -0.932521
vn -0.671846 -0.124203 -0.730203
vn -0.706599 0.143111 -0.692992
vn -0.766300 -0.147847 -0.625241
vn -0.937868 0.028265 -0.345839
vn -0.920049 -0.083483 -0.382806
vn 0.229221 0.254094 0.939624
vn -0.348800 0.217755 0.911549
vn -0.313040 0.168073 0.934750
vn 0.246213 0.184247 0.951542
vn 0.573858 0.237303 0.783820
vn 0.564591 0.307245 0.766053
vn -0.072438 -0.501417 0.862168
vn 0.556586 0.510434 -0.655492
vn 0.927390 -0.348700 -0.135484
vn 0.994594 -0.007170 -0.103596
vn 0.800933 -0.512014 0.310399
vn -0.629843 -0.159986 -0.760067
vn -0.605732 -0.232198 -0.761034
vn -0.804555 -0.442853 -0.395692
vn -0.687372 -0.234593 -0.687376
vn -0.565889 -0.145745 -0.811498
vn -0.187970 0.015979 -0.982045
vn -0.263008 -0.436620 -0.860343
vn -0.507808 -0.513146 -0.691963
vn -0.267912 -0.079110 -0.960190
vn -0.450393 -0.501849 -0.738440
vn -0.522775 -0.470047 -0.711170
vn -0.889396 -0.078412 -0.450362
vn -0.843261 -0.162837 0.512246
vn -0.872170 0.013879 0.489006
vn -0.779404 -0.474331 0.409317
vn -0.464446 -0.833369 0.299642
vn -0.033615 -0.995453 0.089131
vn 0.181771 -0.979813 -0.083223
vn 0.310460 -0.918215 -0.245960
vn 0.430387 -0.714022 -0.552213
vn 0.708243 0.031832 -0.705251
vn 0.672685 0.309630 -0.672029
vn 0.947407 0.279324 -0.156201
vn 0.571262 -0.585419 0.575277
vn 0.374352 -0.547900 0.748108
vn 0.610849 -0.250029 0.751232
vn 0.377851 -0.241014 0.893947
vn 0.882120 -0.153643 0.445262
vn 0.884646 0.132613 0.447008
vn 0.600082 0.016409 0.799770
vn 0.831140 0.523987 -0.186127
vn 0.757135 0.626284 -0.185782
vn 0.775085 0.470818 0.421395
vn 0.818877 0.375929 0.433726
vn 0.303172 -0.014219 0.952830
vn -0.208894 0.010510 0.977882
vn -0.089997 -0.210138 0.973521
vn -0.941346 0.102918 0.321366
vn -0.925829 0.096135 0.365512
vn 0.551798 -0.315832 -0.771861
vn -0.823853 -0.546391 0.150742
vn -0.961493 -0.259406 0.090770
vn -0.643906 -0.589888 -0.487255
vn -0.864449 -0.109901 -0.490561
vn 0.542345 -0.380841 0.748881
vn 0.718652 -0.513277 0.469133
vn 0.758188 -0.317685 0.569410
vn 0.430768 0.512393 -0.742894
vn 0.517519 0.434333 -0.737245
vn 0.948412 -0.209427 0.238022
vn 0.961620 -0.007612 0.274278
vn 0.789847 -0.072163 0.609043
vn 0.977578 -0.196865 -0.074738
vn 0.996343 0.014575 -0.084187
vn 0.915781 -0.371591 0.152529
vn -0.229371 -0.635644 -0.737120
vn -0.404464 -0.269697 -0.873883
vn -0.310981 0.011362 -0.950348
vn -0.799308 -0.298289 -0.521661
vn -0.232808 -0.062953 -0.970483
vn -0.967997 -0.187981 0.166267
vn -0.931865 -0.284819 0.224735
vn -0.064580 -0.709606 0.701633
vn -0.208767 -0.409260 0.888213
vn 0.325258 -0.942680 0.074578
vn 0.617094 -0.699425 -0.360555
vn 0.690837 -0.334134 -0.641170
vn -0.285557 0.013282 -0.958270
vn -0.379467 0.208611 -0.901380
vn -0.810178 -0.300826 -0.503105
vn -0.878676 0.003861 -0.477404
vn -0.956623 -0.201270 0.210626
vn -0.988075 -0.025009 0.151928
vn -0.360351 -0.041030 0.931914
vn -0.490588 -0.012463 0.871302
vn -0.279314 -0.136581 0.950436
vn 0.474157 -0.126013 0.871376
vn 0.358045 0.008378 0.933667
vn 0.761296 0.063950 0.645244
vn 0.709562 0.188272 0.679025
vn 0.943950 0.160389 0.288504
vn 0.920740 0.297230 0.252768
vn 0.961354 0.264481 -0.076474
vn 0.889405 0.435080 -0.140232
vn 0.678898 0.070472 -0.730843
vn 0.628104 0.287636 -0.723015
vn 0.839389 0.508585 -0.191747
vn 0.901000 0.370789 0.225201
vn 0.673348 0.261261 0.691624
vn 0.149477 0.133123 0.979763
vn 0.224269 0.089055 0.970450
vn -0.577787 0.016452 0.816022
vn 0.607639 -0.522124 0.598466
vn 0.034288 -0.882940 0.468232
vn -0.815915 -0.549107 -0.181007
vn -0.809274 0.566252 0.156316
vn -0.288624 0.881141 -0.374548
vn -0.161417 -0.458580 0.873870
vn -0.705118 -0.444436 0.552527
vn 0.662061 0.508054 -0.550959
vn 0.975876 0.107431 -0.190065
vn 0.624039 0.510608 0.591485
vn 0.705625 0.692715 -0.149130
vn -0.580761 0.258597 -0.771909
vn -0.596502 0.607841 0.524133
vn -0.776912 -0.050631 0.627571
vn 0.449868 0.571766 -0.686077
vn 0.165133 0.945033 -0.282211
vn -0.148667 -0.526767 0.836908
vn -0.724597 -0.519856 0.452447
vn 0.302038 0.611203 -0.731577
vn 0.923030 0.246662 -0.295252
vn 0.676974 -0.359025 0.642500
vn 0.729713 0.041003 0.682523
vn 0.082489 -0.032661 0.996057
vn 0.174886 0.646487 0.742610
vn 0.334966 0.889849 -0.309785
vn 0.854654 0.363595 -0.370629
vn 0.374856 0.551046 -0.745541
vn -0.422958 0.196399 -0.884610
vn -0.955997 -0.287104 -0.060339
vn -0.932918 -0.264272 -0.244591
vn 0.770228 -0.326197 0.548037
vn 0.973967 -0.055285 -0.219846
vn 0.216556 0.933751 -0.284979
vn 0.219166 0.937730 -0.269497
vn -0.369162 0.689202 0.623474
vn -0.575252 -0.000438 0.817976
vn -0.252352 0.516038 -0.818549
vn -0.139054 0.704666 0.695781
vn -0.286299 0.006867 0.958116
vn 0.403106 0.496110 -0.769013
vn 0.716373 0.612396 0.334336
vn 0.946617 0.207077 0.247052
vn 0.679739 0.474658 -0.559156
vn -0.304524 -0.580481 0.755186
vn 0.586334 -0.400629 0.704067
vn 0.067717 -0.105479 0.992113
vn 0.176465 0.365640 0.913875
vn -0.707891 0.034346 0.705486
vn -0.924192 0.082670 0.372873
vn -0.742631 0.653400 0.146859
vn -0.464403 0.654662 0.596447
vn -0.432294 -0.274863 0.858820
vn -0.742227 -0.210097 0.636363
vn -0.854526 -0.268980 -0.444337
vn -0.145946 0.123686 -0.981530
vn -0.174920 0.146220 -0.973665
vn 0.837682 0.458894 -0.296150
vn 0.650571 0.652355 -0.388832
vn 0.991556 0.059091 0.115434
vn 0.945842 0.323460 -0.027503
vn 0.801694 -0.231340 0.551152
vn 0.782277 -0.168454 0.599722
vn 0.564711 0.651265 -0.506908
vn 0.022646 0.423299 -0.905707
vn -0.842466 0.007990 -0.538690
vn -0.764449 -0.127474 -0.631955
vn -0.969087 -0.152931 0.193603
vn -0.948724 -0.314776 -0.028960
vn -0.778152 -0.425502 0.461982
vn -0.788188 -0.508814 0.346219
vn -0.348229 -0.488046 0.800342
vn 0.084518 -0.329413 0.940396
vn 0.216806 -0.473044 0.853947
vn 0.997044 0.009152 0.076290
vn 0.885506 0.159068 -0.436551
vn 0.436473 0.224646 -0.871221
vn 0.612251 0.790655 0.003578
vn 0.438569 0.866875 -0.237035
vn 0.142089 0.857055 -0.495245
vn -0.175904 0.530686 0.829114
vn -0.499447 -0.052455 0.864755
vn -0.886419 0.283409 -0.365980
vn 0.086132 -0.580435 0.809739
vn 0.069648 -0.514246 0.854810
vn 0.740243 -0.344579 0.577327
vn 0.757801 -0.323440 0.566679
vn 0.589366 0.372448 0.716889
vn 0.208220 0.470068 0.857718
vn 0.195775 0.966577 -0.165531
vn 0.779924 0.625865 -0.003485
vn 0.985994 0.166235 -0.013478
vn 0.762511 0.004413 0.646960
vn 0.255008 -0.061674 0.964970
vn -0.470170 -0.594216 0.652570
vn -0.452417 -0.527070 0.719386
vn -0.662337 0.463085 0.588949
vn -0.911915 0.051118 0.407183
vn -0.573914 0.764776 -0.292814
vn -0.188402 0.447902 -0.874007
vn 0.569816 0.647993 -0.505386
vn 0.230419 0.789912 -0.568284
vn 0.103791 0.664315 -0.740211
vn 0.691252 0.496323 -0.525199
vn 0.613733 0.450762 -0.648186
vn 0.107041 0.545614 -0.831172
vn -0.063905 0.791173 -0.608245
vn -0.232509 0.679620 -0.695742
vn -0.349090 0.486316 -0.801020
vn 0.196835 0.498924 -0.843997
vn 0.019322 0.955603 -0.294022
vn -0.404467 0.557199 0.725214
vn -0.593565 -0.040896 0.803746
vn -0.937979 -0.331424 0.101748
vn -0.649505 0.350309 -0.674853
vn -0.935957 -0.349791 -0.040379
vn -0.724205 0.122112 -0.678686
vn 0.938073 0.256333 -0.233053
vn 0.977460 0.191853 -0.088111
vn 0.050367 0.974177 -0.220095
vn 0.061120 0.959585 -0.274703
vn -0.050084 0.559813 0.827104
vn -0.219278 0.592427 0.775208
vn -0.038497 -0.009557 0.999213
vn -0.307744 -0.007166 0.951442
vn -0.876413 0.287296 -0.386472
vn 0.238073 0.727134 -0.643892
vn 0.682193 0.436546 -0.586550
vn 0.987347 0.047248 -0.151374
vn 0.867822 -0.220715 0.445163
vn 0.410764 -0.311785 0.856775
vn 0.015905 -0.310796 0.950344
vn -0.388401 -0.321485 0.863592
vn -0.752819 -0.309264 0.581049
vn -0.985408 -0.160499 0.056659
vn -0.800684 0.219115 -0.557579
vn -0.236420 0.567816 -0.788473
vn 0.020966 0.741685 -0.670421
vn 0.497503 0.549753 -0.671016
vn 0.915346 0.231698 -0.329329
vn 0.795598 -0.214463 0.566594
vn 0.222465 -0.294646 0.929351
vn -0.231490 -0.253657 0.939186
vn -0.644285 -0.232784 0.728498
vn -0.843253 -0.245660 0.478095
vn -0.990836 -0.117754 -0.066169
vn -0.345027 0.366994 -0.863870
vn 0.350633 0.574463 -0.739627
vn -0.987599 0.138810 0.073345
vn -0.248237 0.591858 -0.766865
vn 0.609709 0.102435 -0.785978
vn -0.028510 0.679659 -0.732974
vn 0.234104 0.806484 -0.542936
vn 0.460633 0.762840 -0.453754
vn 0.724509 0.558932 -0.403338
vn -0.737412 0.621909 -0.263539
vn -0.138399 0.786820 -0.601464
vn 0.060694 0.547905 -0.834336
vn 0.809274 0.566252 0.156316
vn 0.288624 0.881141 -0.374548
vn 0.161417 -0.458580 0.873870
vn 0.705118 -0.444436 0.552527
vn -0.662061 0.508054 -0.550959
vn -0.975876 0.107431 -0.190065
vn -0.624039 0.510608 0.591485
vn -0.705625 0.692715 -0.149130
vn 0.580761 0.258597 -0.771909
vn 0.596502 0.607841 0.524132
vn 0.776912 -0.050631 0.627571
vn -0.449868 0.571766 -0.686077
vn -0.165133 0.945033 -0.282211
vn 0.148667 -0.526767 0.836908
vn 0.724597 -0.519856 0.452447
vn -0.302038 0.611203 -0.731577
vn -0.923030 0.246662 -0.295252
vn -0.676974 -0.359025 0.642500
vn -0.729713 0.041003 0.682523
vn -0.082489 -0.032661 0.996057
vn -0.174886 0.646487 0.742610
vn -0.334966 0.889849 -0.309785
vn -0.854654 0.363595 -0.370629
vn -0.374856 0.551046 -0.745541
vn 0.422958 0.196399 -0.884610
vn 0.955997 -0.287104 -0.060339
vn 0.932918 -0.264272 -0.244591
vn -0.770228 -0.326197 0.548037
vn -0.973967 -0.055285 -0.219846
vn -0.216556 0.933751 -0.284979
vn -0.219166 0.937730 -0.269497
vn 0.369162 0.689202 0.623474
vn 0.575252 -0.000438 0.817976
vn 0.252352 0.516038 -0.818549
vn 0.139054 0.704666 0.695781
vn 0.286299 0.006867 0.958116
vn -0.403105 0.496110 -0.769013
vn -0.716373 0.612396 0.334336
vn -0.946617 0.207077 0.247052
vn -0.679739 0.474658 -0.559156
vn 0.304524 -0.580481 0.755186
vn -0.586334 -0.400629 0.704067
vn -0.067717 -0.105479 0.992113
vn -0.176465 0.365640 0.913875
vn 0.707891 0.034346 0.705486
vn 0.924192 0.082670 0.372873
vn 0.742631 0.653400 0.146859
vn 0.464403 0.654662 0.596447
vn 0.432294 -0.274863 0.858820
vn 0.742228 -0.210097 0.636363
vn 0.854526 -0.268980 -0.444337
vn 0.145946 0.123686 -0.981530
vn 0.174920 0.146220 -0.973665
vn -0.837682 0.458894 -0.296150
vn -0.650571 0.652355 -0.388832
vn -0.991556 0.059091 0.115434
vn -0.945842 0.323460 -0.027503
vn -0.801694 -0.231340 0.551152
vn -0.782277 -0.168454 0.599722
vn -0.564711 0.651265 -0.506908
vn -0.022646 0.423299 -0.905707
vn 0.842466 0.007990 -0.538690
vn 0.764449 -0.127474 -0.631955
vn 0.969087 -0.152931 0.193603
vn 0.948724 -0.314776 -0.028960
vn 0.778152 -0.425502 0.461982
vn 0.788188 -0.508814 0.346219
vn 0.348229 -0.488046 0.800342
vn -0.084518 -0.329413 0.940396
vn -0.216806 -0.473044 0.853946
vn -0.997044 0.009152 0.076290
vn -0.885506 0.159068 -0.436551
vn -0.436473 0.224646 -0.871221
vn -0.612251 0.790655 0.003578
vn -0.438569 0.866875 -0.237035
vn -0.142089 0.857055 -0.495245
vn 0.175904 0.530686 0.829114
vn 0.499447 -0.052455 0.864755
vn 0.886419 0.283409 -0.365980
vn -0.086132 -0.580435 0.809739
vn -0.069648 -0.514246 0.854810
vn -0.740243 -0.344579 0.577327
vn -0.757801 -0.323440 0.566679
vn -0.589366 0.372448 0.716889
vn -0.208220 0.470068 0.857718
vn -0.195775 0.966577 -0.165531
vn -0.779924 0.625865 -0.003485
vn -0.985994 0.166235 -0.013478
vn -0.762511 0.004413 0.646960
vn -0.255008 -0.061674 0.964970
vn 0.470170 -0.594216 0.652570
vn 0.452417 -0.527070 0.719386
vn 0.662337 0.463085 0.588949
vn 0.911915 0.051118 0.407183
vn 0.573914 0.764776 -0.292814
vn 0.188402 0.447902 -0.874007
vn -0.569816 0.647993 -0.505386
vn -0.230419 0.789912 -0.568284
vn -0.103791 0.664315 -0.740211
vn -0.691252 0.496323 -0.525199
vn -0.613733 0.450762 -0.648186
vn -0.107041 0.545614 -0.831172
vn 0.063905 0.791173 -0.608245
vn 0.232509 0.679620 -0.695742
vn 0.349090 0.486316 -0.801020
vn -0.196835 0.498924 -0.843997
vn -0.019322 0.955603 -0.294022
vn 0.404467 0.557199 0.725214
vn 0.593565 -0.040896 0.803746
vn 0.937979 -0.331424 0.101748
vn 0.649505 0.350309 -0.674853
vn 0.935957 -0.349791 -0.040379
vn 0.724206 0.122112 -0.678686
vn -0.938073 0.256333 -0.233053
vn -0.977460 0.191853 -0.088111
vn -0.050367 0.974177 -0.220095
vn -0.061120 0.959585 -0.274703
vn 0.050084 0.559813 0.827104
vn 0.219278 0.592427 0.775208
vn 0.038497 -0.009557 0.999213
vn 0.307744 -0.007166 0.951442
vn 0.876413 0.287296 -0.386472
vn -0.238073 0.727134 -0.643892
vn -0.682193 0.436546 -0.586550
vn -0.987347 0.047248 -0.151374
vn -0.867822 -0.220715 0.445163
vn -0.410764 -0.311785 0.856775
vn -0.015905 -0.310796 0.950344
vn 0.388401 -0.321485 0.863592
vn 0.752819 -0.309264 0.581049
vn 0.985408 -0.160499 0.056659
vn 0.800684 0.219115 -0.557579
vn 0.236420 0.567816 -0.788473
vn -0.020966 0.741685 -0.670421
vn -0.497503 0.549753 -0.671016
vn -0.915346 0.231698 -0.329329
vn -0.795598 -0.214463 0.566594
vn -0.222465 -0.294646 0.929351
vn 0.231490 -0.253657 0.939186
vn 0.644285 -0.232784 0.728498
vn 0.843253 -0.245660 0.478095
vn 0.990836 -0.117754 -0.066169
vn 0.345027 0.366994 -0.863870
vn -0.350633 0.574463 -0.739627
vn 0.987599 0.138810 0.073345
vn 0.248237 0.591858 -0.766865
vn -0.609709 0.102435 -0.785978
vn 0.028510 0.679659 -0.732974
vn -0.234104 0.806484 -0.542936
vn -0.460633 0.762840 -0.453754
vn -0.724509 0.558932 -0.403338
vn 0.737412 0.621909 -0.263539
vn 0.138399 0.786820 -0.601464
vn -0.060694 0.547905 -0.834336
vn -0.375802 -0.621723 -0.687192
vn -0.406956 -0.880351 -0.243658
vn -0.000000 -0.735184 -0.677868
vn -0.869178 -0.477701 0.127797
vn -0.894702 -0.308087 -0.323406
vn -0.338675 -0.940514 0.027060
vn -0.272092 -0.655648 0.704338
vn 0.451183 -0.892196 0.020494
vn 0.437987 -0.820159 0.368112
vn 0.957166 -0.228282 0.178104
vn 0.944805 -0.182833 0.271873
vn 0.509508 -0.031750 0.859880
vn 0.581741 -0.199450 0.788541
vn -0.725012 -0.668118 -0.167260
vn -0.767204 -0.508249 -0.391255
vn -0.932993 -0.284885 -0.219919
vn -0.930354 -0.314750 -0.188079
vn -0.260571 -0.814641 -0.518133
vn 0.506813 -0.362237 0.782256
vn -0.169515 -0.767830 0.617820
vn -0.851873 -0.388099 -0.351698
vn -0.927094 -0.337898 -0.162240
vn 0.488234 -0.647760 0.584838
vn 0.769880 -0.145743 0.621324
vn -0.880623 -0.403160 -0.248929
vn 0.288100 -0.956117 -0.053275
vn 0.408692 -0.723778 -0.555981
vn -0.922525 -0.342691 -0.177512
vn 0.586506 -0.632813 -0.505528
vn 0.968933 -0.242715 0.047528
vn 0.956123 -0.232715 0.177970
vn -0.539382 -0.836455 -0.097004
vn -0.567801 -0.814419 -0.119684
vn -0.737431 -0.634493 -0.231548
vn -0.789365 -0.584761 -0.186968
vn 0.533159 -0.188774 0.824685
vn 0.602245 -0.144726 0.785083
vn 0.169222 -0.908299 0.382566
vn 0.970040 -0.163696 0.179515
vn 0.982479 -0.157344 0.099888
vn 0.986566 -0.142849 0.079257
vn 0.938524 -0.333469 -0.089279
vn -0.616473 -0.575191 -0.537694
vn 0.968087 -0.177509 0.176914
vn 0.989482 -0.121295 0.078823
vn 0.463158 -0.885961 0.023633
vn 0.963980 -0.127546 0.233397
vn 0.960247 -0.160522 0.228383
vn 0.960245 -0.175931 0.216742
vn 0.957737 -0.189605 0.216309
vn 0.601375 -0.798962 -0.002917
vn 0.920744 -0.213770 0.326394
vn 0.951352 -0.195796 0.237894
vn 0.967105 -0.052464 0.248908
vn 0.897165 -0.150709 0.415189
vn 0.753565 -0.249437 0.608211
vn 0.836237 -0.302352 0.457484
vn 0.884001 -0.336342 0.324679
vn 0.934520 -0.291098 0.204778
vn 0.950915 -0.239157 0.196379
vn 0.941212 -0.242487 0.235203
vn 0.957555 -0.215902 0.190982
vn 0.606245 -0.227500 0.762044
vn 0.467726 -0.150717 0.870929
vn 0.386828 -0.096026 0.917139
vn 0.315070 -0.293875 0.902424
vn 0.175373 -0.136538 0.974988
vn 0.030542 0.063704 0.997501
vn -0.000000 -0.260039 0.965598
vn 0.000000 -0.404286 0.914633
vn 0.350199 -0.335469 0.874541
vn 0.357391 -0.257135 0.897860
vn 0.442231 -0.226754 0.867764
vn 0.017184 -0.941632 -0.336204
vn 0.008201 -0.978217 -0.207423
vn -0.318905 -0.669965 -0.670408
vn -0.136967 -0.683775 -0.716723
vn -0.482674 -0.646414 -0.590910
vn -0.836549 -0.515660 -0.185152
vn -0.585195 -0.805443 -0.093857
vn -0.808757 -0.563448 -0.168637
vn -0.000000 -0.676987 -0.735995
vn 0.000000 -0.969140 -0.246512
vn 0.969315 -0.168745 0.178757
vn 0.497647 -0.867102 0.021943
vn -0.550607 -0.815302 -0.179207
vn -0.337189 -0.425417 -0.839836
vn -0.613333 -0.777062 0.141410
vn -0.758695 -0.581908 -0.292857
vn -0.888996 -0.433936 0.146240
vn 0.547317 -0.767048 -0.334786
vn -0.582254 -0.786387 -0.206340
vn -0.639219 -0.766872 -0.057496
vn -0.578839 -0.514032 -0.633022
vn -0.603942 -0.780193 -0.162953
vn -0.339302 -0.668224 -0.662080
vn -0.918357 -0.312589 -0.242713
vn 0.492895 -0.745549 0.448566
vn -0.652204 -0.750357 0.107683
vn 0.783012 -0.621436 -0.026649
vn -0.697620 -0.597706 -0.395061
vn 0.695784 -0.619744 -0.363045
vn -0.356043 -0.661849 -0.659688
vn 0.933860 -0.329155 0.139867
vn 0.954772 -0.282935 0.091425
vn 0.962907 -0.230309 0.140595
vn 0.945864 -0.264786 0.187694
vn 0.938246 -0.302403 0.168066
vn 0.927421 -0.285207 0.241964
vn 0.944894 -0.232607 0.230367
vn 0.943503 -0.094386 0.317636
vn 0.834349 -0.550067 0.035886
vn -0.522087 -0.770210 -0.366335
vn 0.600997 -0.628270 0.494044
vn -0.699215 -0.654842 0.286847
vn 0.859478 -0.458530 0.225939
vn -0.662354 -0.663079 -0.348731
vn 0.329991 -0.639624 -0.694252
vn 0.175922 -0.831289 -0.527266
vn -0.000101 -0.998042 -0.062545
vn -0.007596 -0.984055 0.177705
vn 0.100233 -0.970117 -0.220968
vn 0.112433 -0.893589 -0.434577
vn -0.028340 -0.998024 0.056083
vn 0.005716 -0.982879 -0.184166
vn -0.028648 -0.994103 0.104587
vn 0.032154 -0.972537 -0.230517
vn 0.118851 -0.891029 -0.438112
vn 0.100983 -0.989116 -0.107014
vn 0.031444 -0.956266 0.290802
vn 0.131998 -0.989859 -0.052497
vn -0.000387 -0.778027 -0.628230
vn -0.458271 -0.854912 -0.243133
vn -0.628756 -0.696445 0.345876
vn -0.525983 -0.115906 -0.842560
vn -0.005186 -0.918253 0.395961
vn 0.268901 -0.791663 -0.548600
vn 0.930515 -0.230194 -0.284874
vn 0.944031 -0.134255 0.301298
vn 0.609903 -0.273853 0.743655
vn 0.796085 -0.125083 0.592118
vn 0.986779 -0.042194 0.156484
vn 0.958759 -0.079943 -0.272747
vn 0.774830 -0.246574 0.582100
vn 0.935433 -0.155146 0.317638
vn 0.985913 -0.166779 0.012663
vn 0.796230 -0.236109 -0.557018
vn 0.771985 -0.259245 0.580371
vn 0.973097 -0.173477 0.151617
vn 0.865849 -0.200537 -0.458356
vn 0.339026 -0.172468 -0.924833
vn 0.775806 -0.182633 0.603961
vn 0.309525 -0.937201 0.160775
vn 0.568389 -0.809709 -0.145966
vn 0.268783 -0.820347 0.504764
vn 0.242585 -0.869116 0.431033
vn 0.084167 -0.817801 0.569313
vn 0.410716 -0.690740 0.595139
vn 0.089954 -0.982623 -0.162359
vn 0.479889 -0.369349 0.795794
vn 0.627211 -0.677726 0.383790
vn 0.588900 -0.714701 0.377357
vn 0.222290 -0.940687 0.256309
vn 0.146559 -0.723089 0.675028
vn 0.761581 -0.365843 0.534934
vn 0.545541 -0.473230 0.691692
vn 0.542840 -0.450767 0.708614
vn 0.701983 -0.063498 0.709357
vn 0.522004 -0.546259 0.655067
vn 0.348353 -0.053911 0.935812
vn 0.652780 -0.399906 0.643393
vn 0.350869 -0.608481 0.711787
vn 0.031456 -0.599921 0.799441
vn -0.447017 -0.768079 0.458510
vn -0.128900 -0.933560 0.334440
vn 0.586093 -0.735629 0.339626
vn -0.070605 -0.733225 0.676311
vn 0.472759 -0.880551 0.033609
vn -0.164734 -0.968352 0.187503
vn 0.389277 -0.845989 0.364371
vn 0.741750 -0.662817 0.102372
vn -0.021626 -0.848855 0.528183
vn 0.004763 -0.966642 -0.256087
vn 0.234015 -0.930104 0.283096
vn -0.206891 -0.893704 -0.398108
vn 0.236927 -0.967604 0.087229
vn 0.210397 -0.936580 -0.280270
vn -0.163416 -0.877294 -0.451277
vn 0.297562 -0.937602 -0.179886
vn -0.100082 -0.982163 -0.159183
vn -0.302546 -0.950451 -0.071483
vn -0.102499 -0.668460 0.736651
vn 0.153214 -0.582122 0.798536
vn 0.394683 -0.048080 0.917559
vn -0.333085 -0.675929 0.657400
vn 0.276817 -0.458398 0.844537
vn 0.330935 -0.475324 0.815199
vn -0.023558 -0.067744 0.997425
vn 0.496786 -0.709565 0.499720
vn 0.013968 -0.757533 0.652647
vn 0.527654 -0.825645 0.199728
vn 0.282498 -0.915887 0.285212
vn -0.074220 -0.885647 0.458390
vn -0.155018 -0.957695 -0.242464
vn -0.320105 -0.752470 0.575605
vn -0.028367 -0.030667 0.999127
vn 0.538633 -0.720456 0.436827
vn -0.147842 -0.779422 0.608806
vn -0.706246 -0.574982 -0.413051
vn 0.061076 -0.252499 0.965668
vn -0.609477 -0.106358 0.785637
vn 0.494686 -0.695959 -0.520507
vn 0.298659 -0.926869 -0.227413
vn 0.811101 -0.584006 0.032447
vn 0.776781 -0.535420 0.331567
vn -0.819236 -0.465142 -0.335403
vn 0.516718 -0.766608 0.381203
vn 0.899846 -0.277047 0.336931
vn 0.860212 -0.051309 0.507349
vn 0.853363 -0.091354 0.513250
vn -0.000000 -0.997880 -0.065075
vn 0.000000 -0.996876 -0.078983
vn -0.000000 -0.999934 -0.011446
vn -0.528359 -0.797525 -0.291189
vn 0.179385 -0.967654 -0.177391
vn 0.875022 -0.457767 0.157438
vn 0.930346 -0.219867 0.293453
vn -0.698073 -0.679929 -0.224478
vn 0.000000 -0.999990 -0.004443
vn -0.514557 -0.850709 -0.107359
vn 0.375802 -0.621723 -0.687193
vn 0.318905 -0.669965 -0.670408
vn 0.136967 -0.683775 -0.716723
vn -0.478117 -0.877893 -0.026597
vn -0.941991 -0.141997 0.304120
vn -0.784788 -0.196102 0.587921
vn -0.437205 -0.808059 0.394833
vn 0.927094 -0.337898 -0.162240
vn 0.836549 -0.515660 -0.185152
vn 0.808757 -0.563448 -0.168637
vn 0.880623 -0.403160 -0.248929
vn 0.616473 -0.575191 -0.537694
vn 0.935809 -0.267585 -0.229476
vn 0.789365 -0.584761 -0.186968
vn 0.737431 -0.634493 -0.231548
vn -0.982479 -0.157344 0.099888
vn -0.933860 -0.329155 0.139867
vn -0.938524 -0.333469 -0.089279
vn -0.970040 -0.163696 0.179515
vn -0.968087 -0.177509 0.176914
vn -0.954772 -0.282935 0.091425
vn -0.962907 -0.230309 0.140595
vn -0.968436 -0.116457 0.220385
vn -0.944317 -0.271048 0.186546
vn -0.984584 -0.173341 0.023384
vn -0.468927 -0.882157 0.043653
vn -0.602278 -0.607696 -0.517655
vn -0.811809 -0.205579 -0.546538
vn -0.930541 -0.336314 0.144870
vn -0.962908 -0.136462 0.232778
vn -0.907380 -0.353403 0.227527
vn -0.948129 -0.185024 0.258493
vn -0.934709 -0.267206 0.234349
vn -0.983736 -0.012116 0.179214
vn -0.569789 -0.821211 0.030863
vn -0.678835 -0.600685 -0.422328
vn -0.947692 -0.027861 -0.317969
vn -0.920972 -0.212593 0.326520
vn -0.944725 -0.085671 0.316472
vn -0.896914 -0.149794 0.416062
vn -0.851883 -0.084059 0.516943
vn -0.836237 -0.302352 0.457484
vn -0.753565 -0.249437 0.608211
vn -0.769880 -0.145743 0.621324
vn -0.884001 -0.336342 0.324679
vn -0.934520 -0.291098 0.204778
vn -0.950915 -0.239157 0.196379
vn -0.941212 -0.242487 0.235203
vn -0.957555 -0.215902 0.190982
vn -0.986566 -0.142849 0.079257
vn -0.603787 -0.229527 0.763386
vn -0.604282 -0.141404 0.784123
vn -0.367617 -0.118497 0.922397
vn -0.314181 -0.203933 0.927201
vn -0.281327 -0.063413 0.957514
vn -0.463885 -0.147238 0.873574
vn -0.499736 -0.050280 0.864717
vn -0.716560 -0.062615 0.694710
vn -0.197162 -0.154895 0.968057
vn -0.350199 -0.335469 0.874541
vn -0.360705 -0.258772 0.896063
vn -0.442686 -0.230263 0.866607
vn -0.014550 -0.939932 -0.341052
vn 0.170190 -0.954916 -0.243251
vn 0.819236 -0.465142 -0.335403
vn 0.767204 -0.508249 -0.391255
vn 0.706246 -0.574982 -0.413051
vn 0.725012 -0.668118 -0.167260
vn 0.585195 -0.805443 -0.093857
vn 0.567801 -0.814419 -0.119684
vn 0.922525 -0.342691 -0.177512
vn 0.930354 -0.314750 -0.188079
vn 0.930606 -0.318664 -0.180069
vn 0.539382 -0.836455 -0.097004
vn 0.852209 -0.386757 -0.352362
vn 0.406956 -0.880351 -0.243658
vn -0.162326 -0.907945 0.386376
vn 0.339750 -0.940121 0.027246
vn 0.869802 -0.476121 0.129435
vn 0.273192 -0.654007 0.705437
vn -0.499625 -0.359255 0.788233
vn -0.478937 -0.646206 0.594169
vn -0.056625 -0.252264 0.966000
vn -0.602876 -0.280656 0.746842
vn -0.953848 -0.205411 0.219045
vn -0.968292 -0.042313 0.246211
vn -0.943658 -0.139877 0.299907
vn -0.925387 -0.233151 -0.298831
vn -0.969315 -0.168745 0.178757
vn -0.803313 -0.594532 -0.034923
vn -0.388143 -0.712531 -0.584504
vn 0.023731 -0.758836 -0.650849
vn -0.060251 -0.996525 -0.057507
vn -0.839033 -0.478749 0.258501
vn -0.084846 -0.883954 -0.459812
vn -0.074402 -0.991722 -0.104653
vn 0.485813 -0.836512 -0.253444
vn -0.252881 -0.780486 -0.571745
vn -0.268113 -0.961312 -0.063199
vn 0.033569 -0.914556 0.403064
vn 0.194339 -0.756554 0.624387
vn -0.970179 -0.186197 0.155186
vn -0.470841 -0.882218 0.000478
vn -0.547317 -0.767048 -0.334786
vn -0.865849 -0.200537 -0.458356
vn 0.063285 -0.992920 0.100524
vn -0.017408 -0.977986 -0.207944
vn 0.019440 -0.997877 0.062150
vn -0.080707 -0.892815 -0.443134
vn -0.058425 -0.982577 -0.176436
vn 0.016295 -0.996270 -0.084734
vn -0.175922 -0.831289 -0.527266
vn 0.607174 -0.103944 0.787741
vn 0.772023 -0.561563 -0.297704
vn 0.896879 -0.417333 0.146424
vn 0.895375 -0.306074 -0.323452
vn 0.342917 -0.411399 -0.844487
vn 0.667204 -0.655602 -0.353589
vn 0.356043 -0.661849 -0.659688
vn 0.550916 -0.815018 -0.179546
vn 0.582297 -0.786332 -0.206427
vn 0.613521 -0.776919 0.141382
vn 0.639219 -0.766872 -0.057496
vn 0.578839 -0.514032 -0.633022
vn 0.695278 -0.683587 -0.222030
vn 0.525983 -0.115906 -0.842560
vn -0.766905 -0.265662 0.584192
vn -0.444803 -0.763892 0.467568
vn 0.039201 -0.974619 0.220412
vn 0.616922 -0.764662 -0.186277
vn 0.590122 -0.752118 0.293385
vn -0.339026 -0.172468 -0.924833
vn -0.852288 -0.523059 -0.003694
vn 0.017752 -0.968730 -0.247480
vn -0.956123 -0.232715 0.177970
vn -0.968933 -0.242715 0.047528
vn -0.989482 -0.121295 0.078823
vn -0.943730 -0.189146 0.271288
vn -0.956583 -0.243900 0.159566
vn -0.952060 -0.232119 0.199253
vn -0.857827 -0.043549 0.512090
vn -0.752904 -0.116664 0.647707
vn -0.530201 -0.656833 0.536151
vn 0.012223 -0.954459 0.298090
vn 0.701728 -0.653836 0.282976
vn 0.522272 -0.770120 -0.366261
vn -0.329991 -0.639624 -0.694252
vn 0.339302 -0.668224 -0.662080
vn 0.649165 -0.676484 0.347786
vn -0.533159 -0.188774 0.824685
vn -0.775806 -0.182633 0.603961
vn -0.242585 -0.869116 0.431033
vn -0.268279 -0.820299 0.505110
vn -0.568389 -0.809709 -0.145966
vn -0.309525 -0.937201 0.160775
vn -0.143340 -0.722285 0.676578
vn -0.083595 -0.817704 0.569537
vn -0.494686 -0.695959 -0.520507
vn -0.222290 -0.940687 0.256309
vn -0.089954 -0.982623 -0.162359
vn -0.298659 -0.926869 -0.227413
vn -0.588900 -0.714701 0.377357
vn -0.627211 -0.677726 0.383790
vn -0.405868 -0.689743 0.599604
vn -0.514810 -0.766953 0.383085
vn -0.898665 -0.277481 0.339713
vn -0.757533 -0.362642 0.542802
vn -0.531554 -0.508553 0.677366
vn -0.540974 -0.557317 0.629877
vn -0.511057 -0.373819 0.774002
vn -0.586954 -0.429948 0.686024
vn -0.581741 -0.199450 0.788541
vn -0.350869 -0.608481 0.711787
vn -0.031456 -0.599921 0.799441
vn -0.479889 -0.369349 0.795794
vn 0.447017 -0.768079 0.458510
vn 0.128900 -0.933560 0.334440
vn 0.081271 -0.662153 0.744949
vn -0.574155 -0.681667 0.453516
vn 0.227739 -0.958197 0.173185
vn -0.469776 -0.880025 0.069761
vn -0.739231 -0.657880 0.143983
vn -0.386728 -0.849917 0.357885
vn 0.021626 -0.848855 0.528183
vn -0.234015 -0.930104 0.283096
vn -0.004763 -0.966642 -0.256087
vn -0.236927 -0.967604 0.087229
vn 0.206891 -0.893704 -0.398108
vn 0.174802 -0.862256 -0.475351
vn -0.202593 -0.920971 -0.332819
vn 0.260571 -0.814641 -0.518133
vn -0.307290 -0.931173 -0.196185
vn 0.100082 -0.982163 -0.159183
vn 0.302546 -0.950451 -0.071483
vn -0.404750 -0.029975 0.913936
vn -0.186608 -0.493238 0.849644
vn 0.051058 -0.550475 0.833289
vn 0.351801 -0.646128 0.677315
vn -0.069857 0.059831 0.995761
vn -0.291781 -0.384535 0.875784
vn -0.340155 -0.393744 0.853968
vn -0.485682 -0.701983 0.520896
vn -0.502239 -0.846066 0.178688
vn -0.267592 -0.928304 0.258159
vn 0.091000 -0.888769 0.449232
vn 0.365299 -0.765530 0.529641
vn -0.535483 -0.704765 0.465364
vn 0.152601 -0.765231 0.625407
vn 0.482674 -0.646414 -0.590910
vn -0.811101 -0.584006 0.032447
vn -0.776781 -0.535420 0.331567
vn 0.528359 -0.797525 -0.291189
vn -0.179385 -0.967654 -0.177391
vn -0.875022 -0.457767 0.157438
vn -0.930346 -0.219867 0.293453
vn 0.698073 -0.679929 -0.224478
vn 0.514557 -0.850709 -0.107359
vn 0.014885 0.995108 -0.097666
vn -0.223486 0.971956 -0.073186
vn 0.035221 0.895820 0.443020
vn 0.370609 0.848020 0.378828
vn 0.020301 0.993244 -0.114253
vn -0.726176 0.599030 0.337389
vn -0.813737 0.543900 -0.204950
vn -0.194887 0.884070 0.424782
vn 0.021524 0.422562 0.906079
vn 0.575027 0.792453 0.203378
vn 0.612892 0.629176 0.478017
vn 0.970780 0.007694 0.239848
vn 0.926054 0.141786 0.349744
vn 0.462057 -0.117936 0.878973
vn 0.638165 -0.114573 0.761327
vn 0.207506 0.901676 0.379369
vn 0.016904 0.885158 0.464983
vn -0.515015 0.856315 -0.038522
vn -0.896247 0.443456 -0.009336
vn -0.898231 0.437553 -0.041578
vn 0.250133 0.629618 -0.735537
vn 0.280599 0.609661 -0.741335
vn 0.000000 0.690399 -0.723429
vn 0.030366 0.995096 -0.094140
vn 0.586475 0.019847 0.809724
vn -0.163953 0.533071 0.830033
vn -0.855817 0.516817 -0.021869
vn -0.888508 0.451981 -0.079156
vn 0.587716 0.318603 0.743695
vn 0.739600 -0.161813 0.653306
vn -0.863358 0.481686 -0.150302
vn 0.196743 0.894140 0.402251
vn 0.293845 0.873042 -0.389170
vn -0.897300 0.437744 -0.056856
vn 0.597986 0.783497 -0.168950
vn 0.976373 0.162731 0.142177
vn 0.955236 0.197226 0.220512
vn 0.933001 0.135322 -0.333464
vn 0.950078 -0.243275 0.195370
vn 0.083389 0.934531 0.345975
vn -0.477394 0.835196 -0.273024
vn -0.757999 0.651284 -0.035578
vn 0.565830 -0.153221 0.810161
vn 0.606749 -0.214779 0.765327
vn 0.257308 0.653504 0.711847
vn 0.895117 -0.379218 0.234433
vn 0.886293 -0.336761 0.317926
vn 0.443644 0.565006 -0.695664
vn 0.600442 0.431498 -0.673260
vn 0.195522 0.676854 -0.709675
vn 0.553073 0.540575 -0.633947
vn 0.854865 0.209112 -0.474845
vn 0.169705 0.738264 -0.652814
vn 0.617283 -0.786449 0.021428
vn 0.359077 -0.932716 0.033218
vn 0.673045 -0.302175 0.675056
vn 0.900792 -0.428452 0.070725
vn 0.812685 -0.569837 0.121773
vn 0.997727 0.055969 -0.037520
vn 0.990293 0.079409 0.114079
vn 0.767621 -0.639636 0.040300
vn 0.785208 -0.597134 0.163947
vn 0.542235 -0.839647 0.031198
vn 0.740887 -0.664583 0.097031
vn 0.832576 -0.549883 0.066681
vn 0.264556 -0.957713 0.113124
vn 0.458885 -0.859397 0.225526
vn 0.310221 -0.843967 0.437588
vn 0.144574 -0.975828 0.163886
vn 0.305471 -0.951720 0.030267
vn 0.554253 0.638067 0.534486
vn 0.585032 0.658945 0.472789
vn 0.288364 0.866672 0.407095
vn 0.369488 0.758173 0.537264
vn 0.525746 0.403743 0.748721
vn 0.752954 0.251499 0.608119
vn 0.905588 0.040843 0.422188
vn 0.991273 0.037017 -0.126519
vn 0.914304 -0.321320 0.246580
vn 0.983594 0.061508 -0.169585
vn 0.973205 -0.059624 0.222073
vn 0.973205 -0.002336 0.229926
vn 0.785663 0.526139 -0.325439
vn -0.687530 0.658249 -0.306610
vn 0.991412 -0.067764 0.111852
vn 0.961784 0.227749 0.151990
vn 0.515497 0.797541 0.313354
vn 0.963626 -0.057657 0.260960
vn 0.945212 0.020389 0.325819
vn 0.950944 -0.118364 0.285824
vn 0.958615 -0.021529 0.283891
vn 0.616281 0.689487 0.380533
vn 0.917704 -0.086628 0.387705
vn 0.942285 -0.014771 0.334487
vn 0.942859 -0.133510 0.305274
vn 0.840174 -0.159010 0.518482
vn 0.735661 -0.079697 0.672644
vn 0.849882 -0.019954 0.526596
vn 0.894785 0.053845 0.443239
vn 0.911073 0.120922 0.394111
vn 0.914426 0.171783 0.366492
vn 0.952705 0.191895 0.235646
vn 0.974061 0.110478 0.197483
vn 0.617647 -0.105974 0.779283
vn 0.445378 -0.206363 0.871237
vn 0.226687 -0.228048 0.946893
vn 0.174825 -0.084378 0.980977
vn 0.152595 -0.187057 0.970425
vn 0.072614 -0.103655 0.991959
vn -0.000000 -0.102343 0.994749
vn 0.000000 -0.064485 0.997919
vn 0.255523 -0.072762 0.964061
vn 0.260418 -0.112589 0.958909
vn 0.455486 -0.124298 0.881523
vn 0.052316 0.998575 0.010532
vn 0.000000 0.919192 0.393809
vn -0.254746 0.885869 -0.387739
vn -0.095264 0.899457 -0.426499
vn -0.442018 0.854085 -0.274149
vn -0.694146 0.718623 -0.041742
vn 0.306904 0.894942 0.323866
vn 0.167079 0.899415 0.403902
vn -0.758412 0.649143 -0.058514
vn -0.787041 0.616882 0.004704
vn 0.003920 0.904130 -0.427239
vn 0.982708 -0.177588 -0.052407
vn 0.958667 0.094839 -0.268258
vn 0.730383 0.648190 -0.215384
vn 0.705922 0.708107 -0.016118
vn 0.675048 0.578705 -0.457615
vn 0.170156 0.869236 -0.464193
vn 0.157962 0.968594 -0.192024
vn -0.000674 0.905373 -0.424618
vn -0.000817 0.985989 -0.166808
vn -0.000628 0.778868 -0.627188
vn -0.000336 0.715619 -0.698490
vn -0.000390 0.999990 0.004458
vn 0.148052 0.988916 0.011211
vn 0.000324 0.980787 0.195079
vn 0.125110 0.956448 0.263732
vn 0.001554 0.946495 0.322714
vn 0.203609 0.890071 0.407820
vn 0.003130 0.935752 0.352644
vn 0.249319 0.878531 0.407460
vn 0.002044 0.919244 0.393682
vn 0.000086 0.864550 0.502548
vn 0.002330 0.556077 0.831127
vn 0.010964 -0.230807 0.972938
vn 0.559170 -0.280914 0.780010
vn 0.015289 -0.820699 0.571156
vn 0.010464 -0.973343 0.229115
vn 0.003255 -0.997447 0.071340
vn 0.114413 -0.991045 0.068850
vn 0.001726 -0.988174 0.153325
vn 0.237891 -0.962951 0.127019
vn 0.503750 -0.215559 0.836523
vn 0.752972 -0.063252 0.655005
vn 0.758370 -0.431272 0.488753
vn 0.593790 0.665877 0.451687
vn 0.606395 0.691446 0.392667
vn 0.950705 -0.037642 0.307804
vn 0.972079 0.024860 0.233332
vn 0.656107 0.723502 0.214636
vn 0.963077 -0.031155 -0.267416
vn 0.681800 0.339198 -0.648147
vn 0.030838 0.907165 0.419644
vn 0.047849 -0.020791 0.998638
vn 0.670941 0.225390 -0.706425
vn 0.441624 0.868066 0.226779
vn -0.505126 0.852344 0.135492
vn -0.553022 0.762859 -0.334980
vn -0.586827 0.739326 0.330198
vn -0.650968 0.755757 -0.071225
vn -0.719475 0.645348 0.256673
vn 0.000000 0.688493 -0.725243
vn 0.496681 0.852441 -0.163254
vn -0.545019 0.838216 -0.018689
vn -0.584517 0.805440 0.098015
vn -0.598259 0.768300 -0.227597
vn -0.579290 0.799246 0.160092
vn -0.521469 0.826382 -0.212517
vn -0.935333 0.353570 0.011882
vn 0.464263 0.708955 0.530888
vn -0.641082 0.648727 0.410083
vn 0.829452 0.536487 0.155538
vn -0.700570 0.689623 0.183361
vn 0.717389 0.693305 -0.068420
vn -0.454340 0.775401 -0.438553
vn 0.839470 0.489518 -0.235930
vn 0.952337 0.176367 0.248894
vn 0.963861 0.228282 0.137328
vn 0.975645 0.185512 0.117059
vn 0.932427 0.095523 0.348504
vn 0.931247 0.052222 0.360626
vn 0.949270 -0.032859 0.312741
vn 0.958801 -0.070226 0.275262
vn 0.933418 -0.101380 0.344169
vn 0.901743 0.412381 0.129618
vn -0.626160 0.771561 -0.112327
vn 0.456045 0.271161 0.847641
vn -0.494493 0.551946 0.671441
vn 0.839022 0.365372 0.403169
vn -0.618341 0.701057 0.355209
vn 0.944864 -0.325467 0.036089
vn 0.974985 -0.222136 -0.007791
vn 0.984818 -0.141335 -0.100789
vn 0.002434 0.731156 -0.682207
vn 0.030030 0.940456 -0.338587
vn -0.026376 0.977684 0.208417
vn -0.029135 0.902364 0.429989
vn 0.082379 0.987952 0.131017
vn 0.077792 0.991195 -0.107144
vn 0.026229 0.956928 0.289137
vn 0.103334 0.993445 0.048882
vn 0.027384 0.910360 0.412911
vn 0.036579 0.995298 0.089692
vn 0.146356 0.974078 -0.172486
vn 0.126304 0.953364 0.274124
vn -0.062232 0.713700 0.697682
vn -0.165068 0.918186 0.360121
vn -0.096074 0.972062 -0.214161
vn -0.465193 0.884548 0.034208
vn -0.441094 0.712604 0.545556
vn -0.785445 0.183748 -0.591027
vn -0.110175 0.673358 0.731061
vn 0.285583 0.947148 -0.146125
vn 0.962629 0.203377 -0.178839
vn 0.898302 -0.123163 0.421763
vn 0.520932 -0.069061 0.850800
vn 0.675849 -0.130405 0.725412
vn 0.950506 -0.131696 0.281417
vn 0.989476 0.078433 -0.121599
vn 0.887492 0.006159 0.460782
vn 0.951568 0.034102 0.305540
vn 0.989643 0.094270 0.108257
vn 0.933128 0.203169 -0.296640
vn 0.836512 0.092681 0.540054
vn 0.969353 0.173657 0.173773
vn 0.787419 0.357390 -0.502238
vn 0.028925 0.276207 -0.960663
vn 0.734278 -0.092755 0.672482
vn 0.748232 0.616631 0.244776
vn 0.876731 0.366182 0.311854
vn 0.478705 0.432812 0.763882
vn 0.641337 0.541439 0.543627
vn 0.322544 0.468163 0.822672
vn 0.430888 0.253219 0.866150
vn 0.065163 0.860479 0.505302
vn 0.664124 0.061354 0.745101
vn 0.726755 0.320843 0.607361
vn 0.646862 0.383178 0.659351
vn 0.503915 0.437256 0.744900
vn 0.169879 0.414262 0.894163
vn 0.775304 -0.064398 0.628296
vn 0.453156 0.407646 0.792764
vn 0.460187 0.136043 0.877337
vn 0.652575 -0.130241 0.746447
vn 0.356023 0.304962 0.883315
vn 0.224504 -0.140842 0.964241
vn 0.558247 0.295690 0.775196
vn 0.281375 0.127609 0.951075
vn 0.350851 0.103629 0.930680
vn -0.068494 0.416670 0.906474
vn -0.397518 0.663841 0.633478
vn 0.619442 0.300304 0.725334
vn 0.140735 0.231318 0.962645
vn 0.725064 0.550101 0.414331
vn 0.102914 0.841270 0.530730
vn 0.192326 0.642009 0.742182
vn 0.734121 0.490134 0.469931
vn -0.368584 0.436505 0.820737
vn -0.306226 0.947728 0.089651
vn -0.328240 0.733868 0.594724
vn -0.142012 0.989255 0.034752
vn 0.111838 0.759611 0.640690
vn 0.633966 0.761487 0.134999
vn 0.125056 0.973373 -0.192109
vn 0.532656 0.742226 0.406667
vn -0.072687 0.997163 -0.019558
vn -0.133287 0.983707 0.120643
vn -0.207039 0.215259 0.954358
vn -0.047198 0.339556 0.939401
vn 0.232439 -0.109291 0.966451
vn -0.281105 0.207541 0.936967
vn 0.193144 0.377886 0.905482
vn 0.371329 0.264815 0.889937
vn 0.000000 -0.048927 0.998802
vn 0.389303 0.224821 0.893252
vn 0.000000 0.289487 0.957182
vn 0.433448 0.360382 0.825983
vn 0.301801 0.487989 0.819014
vn -0.186185 0.506894 0.841661
vn -0.117970 0.992813 -0.020118
vn -0.377667 0.361234 0.852571
vn 0.000000 -0.237932 0.971282
vn 0.450783 0.268073 0.851429
vn -0.321033 0.280098 0.904701
vn 0.023112 -0.838337 0.544662
vn 0.474117 -0.789113 0.390530
vn -0.622125 0.761210 -0.183085
vn 0.097458 -0.055916 0.993668
vn -0.410181 0.038914 0.911174
vn 0.832381 0.310427 0.459105
vn 0.520212 0.789835 0.324869
vn 0.859318 0.169951 0.482379
vn 0.789940 0.231201 0.567927
vn -0.698119 0.705481 -0.122174
vn 0.525173 0.320381 0.788384
vn 0.813748 -0.062331 0.577866
vn 0.830464 -0.173445 0.529382
vn 0.828813 -0.141531 0.541329
vn -0.003576 0.994951 -0.100300
vn 0.214014 0.974049 -0.073670
vn -0.052625 0.898734 0.435324
vn -0.352001 0.857141 0.376038
vn 0.094277 0.900932 -0.423596
vn 0.251414 0.887395 -0.386420
vn -0.575027 0.792453 0.203378
vn -0.612892 0.629176 0.478017
vn -0.887492 0.006159 0.460782
vn -0.951568 0.034102 0.305540
vn -0.250131 0.629615 -0.735540
vn -0.280599 0.609661 -0.741335
vn 0.887700 0.453589 -0.079027
vn 0.863002 0.482309 -0.150352
vn 0.757233 0.650472 -0.059028
vn 0.692434 0.720310 -0.041085
vn -0.933084 0.135010 -0.333357
vn -0.949971 -0.243506 0.195602
vn -0.083610 0.934413 0.346239
vn 0.687510 0.658275 -0.306600
vn 0.477331 0.835225 -0.273045
vn 0.757928 0.651368 -0.035572
vn 0.896231 0.443490 -0.009323
vn -0.896191 -0.377287 0.233446
vn -0.884382 -0.339839 0.319965
vn -0.218516 0.896102 0.386331
vn -0.315327 0.892203 0.323330
vn -0.443186 0.565657 -0.695426
vn -0.600443 0.431494 -0.673261
vn -0.195461 0.677405 -0.709167
vn -0.552457 0.541098 -0.634037
vn -0.854906 0.209142 -0.474759
vn -0.169557 0.738370 -0.652732
vn -0.626727 -0.778570 0.032268
vn -0.366409 -0.929448 0.043246
vn -0.676139 -0.304500 0.670906
vn -0.030103 0.882743 0.468891
vn -0.898488 -0.433538 0.069030
vn -0.944902 -0.325355 0.036098
vn -0.997715 0.055921 -0.037922
vn -0.990705 0.079046 0.110707
vn -0.765405 -0.641887 0.046217
vn -0.778858 -0.605390 0.163959
vn -0.552702 -0.832392 0.040543
vn -0.746199 -0.658034 0.100890
vn -0.827898 -0.556610 0.069073
vn -0.286895 -0.950874 0.116320
vn -0.477151 -0.849651 0.224546
vn -0.339563 -0.837443 0.428237
vn -0.173530 -0.970997 0.164476
vn -0.320496 -0.946508 0.037495
vn -0.556709 0.627273 0.544614
vn -0.596613 0.644993 0.477532
vn -0.289686 0.863317 0.413239
vn -0.373792 0.752672 0.542000
vn -0.538017 0.402673 0.740535
vn -0.761253 0.220525 0.609805
vn -0.909041 0.004444 0.416682
vn -0.975144 -0.221433 -0.007893
vn -0.991268 0.037061 -0.126549
vn -0.973205 -0.059624 0.222073
vn -0.983594 0.061508 -0.169585
vn -0.839470 0.489518 -0.235930
vn -0.952337 0.176367 0.248894
vn -0.991412 -0.067764 0.111852
vn -0.963861 0.228282 0.137328
vn -0.975645 0.185512 0.117059
vn -0.932427 0.095523 0.348504
vn -0.963626 -0.057657 0.260960
vn -0.989643 0.094270 0.108257
vn -0.515497 0.797541 0.313354
vn -0.933128 0.203169 -0.296640
vn -0.597986 0.783497 -0.168950
vn -0.931247 0.052222 0.360626
vn -0.945212 0.020389 0.325819
vn -0.949270 -0.032859 0.312741
vn -0.958801 -0.070226 0.275262
vn -0.942285 -0.014771 0.334487
vn -0.950506 -0.131696 0.281417
vn -0.989476 0.078433 -0.121599
vn -0.717389 0.693305 -0.068420
vn -0.616281 0.689487 0.380533
vn -0.917704 -0.086628 0.387705
vn -0.933418 -0.101380 0.344169
vn -0.828813 -0.141531 0.541329
vn -0.840174 -0.159010 0.518482
vn -0.739600 -0.161813 0.653306
vn -0.735661 -0.079697 0.672644
vn -0.849882 -0.019954 0.526596
vn -0.894785 0.053845 0.443239
vn -0.911073 0.120922 0.394111
vn -0.914426 0.171783 0.366492
vn -0.952705 0.191895 0.235646
vn -0.974061 0.110478 0.197483
vn -0.973205 -0.002336 0.229926
vn -0.606749 -0.214779 0.765327
vn -0.617647 -0.105974 0.779283
vn -0.226687 -0.228048 0.946894
vn -0.224504 -0.140842 0.964241
vn -0.174825 -0.084378 0.980977
vn -0.445378 -0.206363 0.871237
vn -0.652575 -0.130241 0.746447
vn -0.462057 -0.117936 0.878973
vn -0.255523 -0.072762 0.964061
vn -0.152595 -0.187057 0.970425
vn -0.260418 -0.112589 0.958909
vn -0.455486 -0.124298 0.881523
vn -0.052316 0.998575 0.010532
vn 0.117970 0.992813 -0.020118
vn 0.512072 0.858176 -0.036284
vn 0.696993 0.706995 -0.119833
vn 0.621866 0.761718 -0.181847
vn -0.167573 0.899007 0.404605
vn -0.914151 -0.320743 0.247895
vn -0.812469 -0.569683 0.123917
vn 0.786712 0.617303 0.004492
vn 0.897115 0.438121 -0.056874
vn 0.898138 0.437738 -0.041628
vn 0.935322 0.353598 0.011895
vn 0.855250 0.517780 -0.021254
vn -0.984913 -0.140808 -0.100598
vn -0.958826 0.094930 -0.267659
vn -0.730167 0.648358 -0.215612
vn -0.705916 0.708090 -0.017096
vn -0.674936 0.579072 -0.457315
vn -0.170064 0.869493 -0.463746
vn -0.157775 0.968593 -0.192182
vn -0.148089 0.988927 0.009690
vn -0.124616 0.956963 0.262092
vn -0.204225 0.891107 0.405241
vn -0.251421 0.877462 0.408470
vn -0.583105 -0.277211 0.763638
vn -0.123919 -0.989853 0.069540
vn -0.241741 -0.960931 0.134805
vn -0.528797 -0.210916 0.822124
vn -0.731360 -0.066543 0.678737
vn -0.759949 -0.443434 0.475230
vn -0.606773 0.652765 0.453569
vn -0.607981 0.689911 0.392916
vn -0.949806 -0.058797 0.307264
vn -0.971484 0.016663 0.236519
vn -0.654079 0.725954 0.212536
vn -0.963107 -0.031067 -0.267320
vn -0.681799 0.339198 -0.648147
vn -0.257308 0.653504 0.711847
vn -0.021524 0.422562 0.906079
vn 0.726013 0.599119 0.337583
vn 0.194790 0.884064 0.424839
vn -0.587716 0.318603 0.743695
vn -0.586475 0.019847 0.809724
vn -0.520932 -0.069061 0.850800
vn -0.097458 -0.055916 0.993668
vn -0.958615 -0.021529 0.283891
vn -0.962629 0.203377 -0.178839
vn -0.898302 -0.123163 0.421763
vn -0.942859 -0.133510 0.305274
vn -0.448604 -0.791406 0.415249
vn -0.670941 0.225390 -0.706426
vn -0.829452 0.536487 0.155538
vn -0.293845 0.873042 -0.389170
vn -0.839022 0.365372 0.403169
vn 0.165068 0.918186 0.360121
vn 0.096074 0.972062 -0.214161
vn -0.146356 0.974078 -0.172486
vn -0.126304 0.953364 0.274124
vn 0.465193 0.884548 0.034208
vn -0.196743 0.894140 0.402251
vn -0.285583 0.947148 -0.146125
vn 0.163953 0.533071 0.830033
vn 0.110175 0.673358 0.731061
vn -0.969353 0.173657 0.173773
vn -0.787420 0.357391 -0.502237
vn -0.496681 0.852441 -0.163254
vn -0.441624 0.868066 0.226779
vn -0.103334 0.993445 0.048882
vn -0.027384 0.910360 0.412911
vn -0.026229 0.956928 0.289137
vn -0.077792 0.991195 -0.107144
vn -0.082379 0.987952 0.131017
vn -0.030030 0.940456 -0.338587
vn 0.026376 0.977684 0.208417
vn 0.410181 0.038914 0.911174
vn 0.650973 0.755752 -0.071226
vn 0.813568 0.544421 -0.204237
vn 0.719478 0.645346 0.256671
vn 0.553026 0.762857 -0.334980
vn 0.618341 0.701057 0.355209
vn 0.454340 0.775401 -0.438553
vn 0.505126 0.852344 0.135492
vn 0.545019 0.838216 -0.018689
vn 0.586827 0.739326 0.330198
vn 0.584517 0.805440 0.098015
vn 0.598259 0.768300 -0.227597
vn 0.700570 0.689623 0.183361
vn 0.785447 0.183759 -0.591021
vn -0.836512 0.092681 0.540054
vn -0.464263 0.708955 0.530888
vn 0.029135 0.902364 0.429989
vn 0.641082 0.648727 0.410083
vn 0.579290 0.799246 0.160092
vn -0.028926 0.276209 -0.960662
vn -0.901743 0.412381 0.129618
vn -0.036579 0.995298 0.089692
vn -0.785663 0.526139 -0.325439
vn -0.955236 0.197226 0.220512
vn -0.976373 0.162731 0.142177
vn -0.961784 0.227749 0.151990
vn -0.926054 0.141786 0.349744
vn -0.970780 0.007694 0.239848
vn -0.950944 -0.118364 0.285824
vn -0.830464 -0.173445 0.529382
vn -0.456045 0.271161 0.847641
vn -0.675849 -0.130405 0.725412
vn 0.062232 0.713700 0.697682
vn 0.494493 0.551946 0.671441
vn 0.626160 0.771561 -0.112327
vn -0.982733 -0.177460 -0.052380
vn -0.002440 0.731158 -0.682204
vn 0.521469 0.826382 -0.212517
vn 0.441094 0.712604 0.545556
vn -0.734278 -0.092755 0.672482
vn -0.565830 -0.153221 0.810161
vn -0.641337 0.541439 0.543627
vn -0.748232 0.616631 0.244776
vn -0.876731 0.366182 0.311854
vn -0.478705 0.432812 0.763882
vn -0.169879 0.414262 0.894163
vn -0.322544 0.468163 0.822672
vn -0.832381 0.310427 0.459105
vn -0.520212 0.789835 0.324869
vn -0.065163 0.860479 0.505302
vn -0.503915 0.437256 0.744900
vn -0.726755 0.320843 0.607361
vn -0.646862 0.383178 0.659351
vn -0.525173 0.320381 0.788384
vn -0.430888 0.253219 0.866150
vn -0.813748 -0.062331 0.577866
vn -0.775304 -0.064398 0.628296
vn -0.356023 0.304962 0.883315
vn -0.453156 0.407646 0.792764
vn -0.558247 0.295690 0.775196
vn -0.460187 0.136043 0.877337
vn -0.638165 -0.114573 0.761327
vn -0.281375 0.127609 0.951075
vn -0.664124 0.061354 0.745101
vn -0.350851 0.103629 0.930680
vn 0.068494 0.416670 0.906474
vn 0.397518 0.663841 0.633478
vn -0.619442 0.300304 0.725334
vn -0.140735 0.231318 0.962645
vn -0.725064 0.550101 0.414331
vn -0.102914 0.841270 0.530730
vn -0.192326 0.642009 0.742182
vn -0.734121 0.490134 0.469931
vn 0.368584 0.436505 0.820737
vn 0.328240 0.733868 0.594724
vn 0.306226 0.947728 0.089651
vn -0.111838 0.759611 0.640690
vn 0.142012 0.989255 0.034752
vn -0.633966 0.761487 0.134999
vn -0.125056 0.973373 -0.192109
vn -0.532656 0.742226 0.406667
vn -0.030366 0.995096 -0.094140
vn 0.072731 0.997161 -0.019500
vn 0.133297 0.983688 0.120788
vn -0.232439 -0.109291 0.966451
vn 0.207039 0.215259 0.954358
vn 0.047198 0.339556 0.939401
vn 0.281105 0.207541 0.936967
vn -0.072614 -0.103655 0.991959
vn -0.193144 0.377886 0.905482
vn -0.371329 0.264815 0.889937
vn -0.389303 0.224821 0.893252
vn -0.433448 0.360382 0.825983
vn -0.301801 0.487989 0.819014
vn 0.186185 0.506894 0.841661
vn 0.377667 0.361234 0.852571
vn -0.450783 0.268073 0.851429
vn 0.321033 0.280098 0.904701
vn 0.442126 0.854276 -0.273380
vn -0.859318 0.169951 0.482379
vn -0.789940 0.231201 0.567927
vn 0.041153 0.930084 0.365034
vn 0.098642 0.923990 0.369475
vn 0.123547 0.910322 0.395033
vn 0.173076 0.835689 0.521218
vn 0.301611 0.497971 0.813053
vn 0.313561 -0.243261 0.917880
vn 0.149778 -0.824547 0.545609
vn 0.071809 -0.975134 0.209660
vn -0.077577 -0.974883 0.208770
vn -0.151570 -0.826101 0.542755
vn -0.318826 -0.227764 0.920040
vn -0.306081 0.514118 0.801247
vn -0.180736 0.832843 0.523170
vn -0.125306 0.907719 0.400430
vn -0.094530 0.924333 0.369692
vn -0.037097 0.931255 0.362474
vn 0.181722 0.780416 -0.598271
vn -0.181726 0.780416 -0.598269

usemtl PackedMaterial0
f 2998/208/2998 2999/209/2999 284/210/284 770/211/770
f 529/212/529 3001/213/3001 3002/214/3002 589/215/589
f 284/210/284 2999/209/2999 3000/216/3000 579/217/579
f 3003/218/3003 3004/219/3004 531/220/531 530/221/530
f 3004/219/3004 3005/222/3005 532/223/532 531/220/531
f 3005/222/3005 3006/224/3006 252/225/252 532/223/532
f 770/211/770 284/210/284 524/226/524 769/227/769
f 291/228/291 1102/229/1102 1103/230/1103 294/231/294
f 1100/232/1100 1101/233/1101 296/234/296 213/235/213
f 297/236/297 295/237/295 212/238/212 214/239/214
f 298/240/298 293/241/293 292/242/292 299/243/299
f 300/244/300 596/245/596 597/246/597 301/247/301
f 291/228/291 294/231/294 682/248/682 681/249/681
f 262/250/262 213/235/213 296/234/296 680/251/680
f 297/236/297 214/239/214 215/252/215 303/253/303
f 304/254/304 298/240/298 299/243/299 305/255/305
f 306/256/306 307/257/307 1420/258/1420 1421/259/1421
f 216/260/216 308/261/308 1422/262/1422 1423/263/1423
f 683/264/683 684/265/684 689/266/689 688/267/688
f 681/249/681 682/248/682 687/268/687 686/269/686
f 263/270/263 262/250/262 680/251/680 685/271/685
f 318/272/318 219/273/219 263/270/263 685/271/685
f 319/274/319 320/275/320 686/269/686 687/268/687
f 321/276/321 594/277/594 688/267/688 689/266/689
f 734/278/734 1374/279/1374 1375/280/1375 733/281/733
f 735/282/735 736/283/736 1372/284/1372 1373/285/1373
f 326/286/326 325/287/325 944/288/944 945/289/945
f 947/290/947 220/291/220 327/292/327 946/293/946
f 737/294/737 266/295/266 1370/296/1370 1371/297/1371
f 322/298/322 942/299/942 943/300/943 593/301/593
f 336/302/336 337/303/337 338/304/338 339/305/339
f 340/306/340 341/307/341 1161/308/1161 1162/309/1162
f 1160/310/1160 1161/308/1161 341/307/341 342/311/342
f 342/311/342 2785/312/2785 2786/313/2786 1160/310/1160
f 344/314/344 345/315/345 346/316/346 347/317/347
f 348/318/348 349/319/349 2783/320/2783 2784/321/2784
f 339/305/339 338/304/338 349/319/349 348/318/348
f 349/319/349 338/304/338 628/322/628 627/323/627
f 2783/320/2783 349/319/349 627/323/627 2782/324/2782
f 346/316/346 345/315/345 626/325/626 625/326/625
f 959/327/959 346/316/346 625/326/625 958/328/958
f 347/317/347 346/316/346 959/327/959 960/329/960
f 371/330/371 1158/331/1158 1159/332/1159 343/333/343
f 961/334/961 1157/335/1157 1158/331/1158 371/330/371
f 1155/336/1155 1156/337/1156 372/338/372 466/339/466
f 370/340/370 369/341/369 468/342/468 467/343/467
f 468/342/468 369/341/369 624/344/624 623/345/623
f 965/346/965 966/347/966 373/348/373 376/349/376
f 964/350/964 378/351/378 1151/352/1151 1152/353/1152
f 1140/354/1140 1141/355/1141 3165/356/3165 3166/357/3166
f 379/358/379 1131/359/1131 1132/360/1132 382/361/382
f 1130/362/1130 985/363/985 619/364/619 1129/365/1129
f 1239/366/1239 1129/365/1129 619/364/619 1238/367/1238
f 1241/368/1241 1242/369/1242 616/370/616 617/371/617
f 389/372/389 390/373/390 474/374/474 473/375/473
f 3169/376/3169 1137/377/1137 1138/378/1138 3168/379/3168
f 2778/380/2778 393/381/393 398/382/398 2777/383/2777
f 394/384/394 392/385/392 397/386/397 396/387/396
f 615/388/615 953/389/953 1243/390/1243 1244/391/1244
f 1135/392/1135 1136/393/1136 3170/394/3170 3171/395/3171
f 952/396/952 399/397/399 400/398/400 951/399/951
f 398/382/398 613/400/613 2776/401/2776 2777/383/2777
f 412/402/412 3098/403/3098 1010/404/1010 1011/405/1011
f 415/406/415 416/407/416 417/408/417 418/409/418
f 1006/410/1006 420/411/420 1473/412/1473 1474/413/1474
f 1007/414/1007 422/415/422 420/411/420 1006/410/1006
f 425/416/425 426/417/426 430/418/430 429/419/429
f 427/420/427 428/421/428 429/419/429 430/418/430
f 430/418/430 1471/422/1471 1472/423/1472 427/420/427
f 426/417/426 1470/424/1470 1471/422/1471 430/418/430
f 1468/425/1468 1469/426/1469 738/427/738 1225/428/1225
f 694/429/694 695/430/695 1179/431/1179 1180/432/1180
f 1466/433/1466 1467/434/1467 438/435/438 1116/436/1116
f 448/437/448 436/438/436 435/439/435 447/440/447
f 3106/441/3106 3107/442/3107 604/443/604 603/444/603
f 451/445/451 448/437/448 447/440/447 452/446/452
f 453/447/453 449/448/449 448/437/448 451/445/451
f 454/449/454 453/447/453 451/445/451 455/450/455
f 455/450/455 451/445/451 452/446/452 456/451/456
f 3107/442/3107 3108/452/3108 605/453/605 604/443/604
f 1200/454/1200 1201/455/1201 1429/456/1429 1430/457/1430
f 1199/458/1199 1200/454/1200 1430/457/1430 1431/459/1431
f 3110/460/3110 3111/461/3111 1198/462/1198 1432/463/1432
f 1196/464/1196 1197/465/1197 1433/466/1433 1434/467/1434
f 457/468/457 450/469/450 463/470/463 464/471/464
f 1194/472/1194 1195/473/1195 1435/474/1435 1436/475/1436
f 466/339/466 377/476/377 1154/477/1154 1155/336/1155
f 467/343/467 468/342/468 374/478/374 375/479/375
f 374/478/374 468/342/468 623/345/623 622/480/622
f 1241/368/1241 617/371/617 618/481/618 1240/482/1240
f 381/483/381 380/484/380 473/375/473 474/374/474
f 1138/378/1138 1139/485/1139 3167/486/3167 3168/379/3168
f 1133/487/1133 476/488/476 382/361/382 1132/360/1132
f 477/489/477 475/490/475 381/483/381 474/374/474
f 478/491/478 477/489/477 474/374/474 390/373/390
f 479/492/479 950/493/950 951/399/951 400/398/400
f 1172/494/1172 1173/495/1173 482/496/482 483/497/483
f 427/420/427 1472/423/1472 1473/412/1473 420/411/420
f 420/411/420 422/415/422 428/421/428 427/420/427
f 418/409/418 421/498/421 419/499/419 415/406/415
f 418/409/418 417/408/417 1511/500/1511 1510/501/1510
f 421/498/421 418/409/418 1510/501/1510 1509/502/1509
f 428/421/428 422/415/422 1507/503/1507 1506/504/1506
f 424/505/424 493/506/493 494/507/494 406/508/406
f 1499/509/1499 408/510/408 404/511/404 1498/512/1498
f 1008/513/1008 408/510/408 1499/509/1499 1500/514/1500
f 413/515/413 409/516/409 1501/517/1501 1502/518/1502
f 414/519/414 413/515/413 1502/518/1502 1503/520/1503
f 496/521/496 497/522/497 416/407/416 415/406/415
f 410/523/410 3094/524/3094 3096/525/3096 498/526/498
f 1478/527/1478 495/528/495 496/521/496 1477/529/1477
f 1476/530/1476 1477/529/1477 496/521/496 415/406/415
f 1476/530/1476 415/406/415 419/499/419 1475/531/1475
f 497/532/497 504/533/504 506/534/506 416/535/416
f 506/534/506 507/536/507 417/537/417 416/535/416
f 1503/538/1503 1504/539/1504 508/540/508 414/541/414
f 1011/542/1011 1012/543/1012 505/544/505 412/545/412
f 738/427/738 739/546/739 1224/547/1224 1225/428/1225
f 341/307/341 340/306/340 336/302/336 339/305/339
f 342/311/342 341/307/341 339/305/339 348/318/348
f 2785/312/2785 342/311/342 348/318/348 2784/321/2784
f 371/330/371 343/333/343 344/314/344 347/317/347
f 961/334/961 371/330/371 347/317/347 960/329/960
f 466/339/466 372/338/372 370/340/370 467/343/467
f 377/476/377 466/339/466 467/343/467 375/479/375
f 378/351/378 964/350/964 965/346/965 376/349/376
f 627/323/627 628/322/628 352/548/352 364/549/364
f 2781/550/2781 2782/324/2782 627/323/627 364/549/364
f 363/551/363 367/552/367 625/326/625 626/325/626
f 958/328/958 625/326/625 367/552/367 957/553/957
f 1023/554/1023 1024/555/1024 2881/556/2881 2882/557/2882
f 2883/558/2883 2884/559/2884 1022/560/1022 2779/561/2779
f 1021/562/1021 1022/560/1022 2884/559/2884 2885/563/2885
f 695/430/695 696/564/696 1178/565/1178 1179/431/1179
f 447/440/447 435/439/435 602/566/602 603/444/603
f 452/446/452 447/440/447 603/444/603 604/443/604
f 456/451/456 452/446/452 604/443/604 605/453/605
f 1432/463/1432 1198/462/1198 1199/458/1199 1431/459/1431
f 1049/567/1049 1331/568/1331 1332/569/1332 1048/570/1048
f 1051/571/1051 1329/572/1329 1330/573/1330 1050/574/1050
f 1053/575/1053 1327/576/1327 1328/577/1328 1052/578/1052
f 1326/579/1326 1054/580/1054 1055/581/1055 1325/582/1325
f 579/217/579 580/583/580 524/226/524 284/210/284
f 525/584/525 529/212/529 589/215/589 590/585/590
f 526/586/526 530/221/530 531/220/531 527/587/527
f 532/223/532 252/225/252 251/588/251 528/589/528
f 527/587/527 531/220/531 532/223/532 528/589/528
f 1054/580/1054 1326/579/1326 1327/576/1327 1053/575/1053
f 326/286/326 945/289/945 946/293/946 327/292/327
f 1372/284/1372 736/283/736 737/294/737 1371/297/1371
f 686/269/686 320/275/320 318/272/318 685/271/685
f 296/234/296 1101/233/1101 1102/229/1102 291/228/291
f 299/243/299 292/242/292 295/237/295 297/236/297
f 305/255/305 299/243/299 297/236/297 303/253/303
f 308/261/308 306/256/306 1421/259/1421 1422/262/1422
f 721/590/721 535/591/535 601/592/601 720/593/720
f 536/594/536 535/591/535 721/590/721 722/595/722
f 316/596/316 536/594/536 722/595/722 723/597/723
f 443/598/443 444/599/444 540/600/540 541/601/541
f 541/601/541 609/602/609 610/603/610 443/598/443
f 449/448/449 453/447/453 492/604/492 549/605/549
f 1230/606/1230 1231/607/1231 490/608/490 539/609/539
f 739/546/739 1515/610/1515 1518/611/1518 1224/547/1224
f 609/602/609 541/601/541 553/612/553 608/613/608
f 541/601/541 540/600/540 554/614/554 553/612/553
f 606/615/606 3112/616/3112 3113/617/3113 607/618/607
f 459/619/459 458/620/458 556/621/556 557/622/557
f 458/620/458 460/623/460 558/624/558 556/621/556
f 1170/625/1170 465/626/465 559/627/559 1169/628/1169
f 461/629/461 462/630/462 560/631/560 555/632/555
f 460/623/460 606/615/606 607/618/607 558/624/558
f 1230/606/1230 539/609/539 557/622/557 1229/633/1229
f 502/634/502 505/544/505 568/635/568 564/636/564
f 504/533/504 567/637/567 569/638/569 506/534/506
f 507/536/507 506/534/506 569/638/569 570/639/570
f 508/540/508 1504/539/1504 1505/640/1505 572/641/572
f 814/642/814 815/643/815 812/644/812 813/645/813
f 376/349/376 373/348/373 576/646/576 575/647/575
f 574/648/574 378/351/378 376/349/376 575/647/575
f 1151/352/1151 378/351/378 574/648/574 1150/649/1150
f 3000/216/3000 3001/213/3001 529/212/529 579/217/579
f 525/584/525 580/583/580 579/217/579 529/212/529
f 1050/574/1050 1330/573/1330 1331/568/1331 1049/567/1049
f 322/298/322 583/650/583 941/651/941 942/299/942
f 733/281/733 1375/280/1375 1376/652/1376 732/653/732
f 586/654/586 585/655/585 302/656/302 300/244/300
f 587/657/587 586/654/586 300/244/300 301/247/301
f 3002/214/3002 3003/218/3003 530/221/530 589/215/589
f 589/215/589 530/221/530 526/586/526 590/585/590
f 1052/578/1052 1328/577/1328 1329/572/1329 1051/571/1051
f 943/300/943 944/288/944 325/287/325 593/301/593
f 735/282/735 1373/285/1373 1374/279/1374 734/278/734
f 594/277/594 319/274/319 687/268/687 688/267/688
f 682/248/682 683/264/683 688/267/688 687/268/687
f 294/231/294 595/658/595 683/264/683 682/248/682
f 1104/659/1104 595/658/595 294/231/294 1103/230/1103
f 597/246/597 596/245/596 293/241/293 298/240/298
f 598/660/598 597/246/597 298/240/298 304/254/304
f 599/661/599 1419/662/1419 1420/258/1420 307/257/307
f 601/592/601 3101/663/3101 3102/664/3102 720/593/720
f 696/564/696 3103/665/3103 3104/666/3104 1178/565/1178
f 602/566/602 3105/667/3105 3106/441/3106 603/444/603
f 972/668/972 609/602/609 608/613/608 971/669/971
f 973/670/973 610/603/610 609/602/609 972/668/972
f 616/370/616 982/671/982 983/672/983 617/371/617
f 984/673/984 618/481/618 617/371/617 983/672/983
f 629/674/629 628/322/628 338/304/338 337/303/337
f 637/675/637 635/676/635 636/677/636 638/678/638
f 634/679/634 635/676/635 637/675/637 639/680/639
f 637/675/637 588/681/588 279/682/279 639/680/639
f 280/683/280 588/681/588 637/675/637 638/678/638
f 578/684/578 632/685/632 639/680/639 279/682/279
f 632/685/632 643/686/643 634/679/634 639/680/639
f 641/687/641 281/688/281 280/683/280 638/678/638
f 641/687/641 638/678/638 636/677/636 640/689/640
f 641/687/641 649/690/649 282/691/282 281/688/281
f 640/689/640 648/692/648 649/690/649 641/687/641
f 649/690/649 257/693/257 208/694/208 282/691/282
f 257/693/257 649/690/649 648/692/648 256/695/256
f 643/686/643 632/685/632 633/696/633 647/697/647
f 633/696/633 632/685/632 578/684/578 278/698/278
f 653/699/653 656/700/656 277/701/277 275/702/275
f 771/703/771 772/704/772 633/696/633 278/698/278
f 654/705/654 653/699/653 275/702/275 276/706/276
f 2886/707/2886 1020/708/1020 1021/562/1021 2885/563/2885
f 629/674/629 350/709/350 352/548/352 628/322/628
f 630/710/630 351/711/351 350/709/350 629/674/629
f 631/712/631 657/713/657 654/705/654 276/706/276
f 663/714/663 662/715/662 592/716/592 329/717/329
f 665/718/665 664/719/664 331/720/331 330/721/330
f 666/722/666 259/723/259 249/724/249 332/725/332
f 664/719/664 666/722/666 332/725/332 331/720/331
f 660/726/660 663/714/663 329/717/329 582/727/582
f 662/715/662 665/718/665 330/721/330 592/716/592
f 1193/728/1193 1194/472/1194 1436/475/1436 1437/729/1437
f 465/626/465 546/730/546 563/731/563 559/627/559
f 1308/732/1308 545/733/545 562/734/562 1307/735/1307
f 487/736/487 486/737/486 483/497/483 482/496/482
f 481/738/481 1493/739/1493 500/740/500 495/528/495
f 495/528/495 500/740/500 497/522/497 496/521/496
f 501/741/501 499/742/499 1516/743/1516 1517/744/1517
f 1494/745/1494 503/746/503 500/747/500 1493/748/1493
f 500/747/500 503/746/503 504/533/504 497/532/497
f 503/746/503 566/749/566 567/637/567 504/533/504
f 492/604/492 453/447/453 454/449/454 548/750/548
f 439/751/439 547/752/547 1114/753/1114 1115/754/1115
f 491/755/491 489/756/489 542/757/542 543/758/543
f 439/751/439 1115/754/1115 1116/436/1116 438/435/438
f 450/469/450 445/759/445 446/760/446 463/470/463
f 1173/495/1173 1174/761/1174 484/762/484 482/496/482
f 445/759/445 437/763/437 442/764/442 446/760/446
f 537/765/537 670/766/670 1464/767/1464 1465/768/1465
f 484/762/484 1174/761/1174 1175/769/1175 671/770/671
f 487/736/487 669/771/669 488/772/488 485/773/485
f 488/772/488 669/771/669 670/766/670 537/765/537
f 672/774/672 1463/775/1463 1464/767/1464 670/766/670
f 1463/775/1463 672/774/672 511/776/511 1462/777/1462
f 443/598/443 610/603/610 611/778/611 433/779/433
f 433/779/433 431/780/431 444/599/444 443/598/443
f 740/781/740 741/782/741 1222/783/1222 1223/784/1223
f 490/608/490 1231/607/1231 1232/785/1232 432/786/432
f 547/752/547 439/751/439 1519/787/1519 1520/788/1520
f 742/789/742 743/790/743 1220/791/1220 1221/792/1221
f 510/793/510 434/794/434 489/756/489 491/755/491
f 741/782/741 3014/795/3014 3074/796/3074 1222/783/1222
f 975/797/975 673/798/673 611/778/611 974/799/974
f 679/800/679 678/801/678 434/794/434 510/793/510
f 974/799/974 611/778/611 610/603/610 973/670/973
f 551/802/551 552/803/552 509/804/509 550/805/550
f 3076/806/3076 550/805/550 509/804/509 3075/807/3075
f 550/805/550 3076/806/3076 3077/808/3077 544/809/544
f 744/810/744 1218/811/1218 1219/812/1219 976/813/976
f 291/228/291 681/249/681 680/251/680 296/234/296
f 681/249/681 686/269/686 685/271/685 680/251/680
f 313/814/313 718/815/718 719/816/719 538/817/538
f 218/818/218 265/819/265 717/820/717 312/821/312
f 692/822/692 693/823/693 1181/824/1181 1182/825/1182
f 693/823/693 694/429/694 1180/432/1180 1181/824/1181
f 436/438/436 448/437/448 449/448/449 441/826/441
f 441/826/441 449/448/449 549/605/549 440/827/440
f 621/828/621 373/348/373 966/347/966 967/829/967
f 955/830/955 394/384/394 396/387/396 954/831/954
f 471/832/471 395/833/395 388/834/388 472/835/472
f 470/836/470 623/345/623 624/344/624 368/837/368
f 385/838/385 622/480/622 623/345/623 470/836/470
f 1024/555/1024 1025/839/1025 2880/840/2880 2881/556/2881
f 373/348/373 621/828/621 620/841/620 576/646/576
f 707/842/707 708/843/708 881/844/881 882/845/882
f 1256/846/1256 1257/847/1257 728/848/728 729/849/729
f 711/850/711 712/851/712 1262/852/1262 1263/853/1263
f 1264/854/1264 691/855/691 711/856/711 1263/857/1263
f 727/858/727 713/859/713 317/860/317 726/861/726
f 712/851/712 711/850/711 317/860/317 713/859/713
f 691/855/691 317/862/317 711/856/711
f 702/863/702 701/864/701 704/865/704 714/866/714
f 2963/867/2963 2964/868/2964 2952/869/2952 2953/870/2953
f 719/816/719 718/815/718 698/871/698 697/872/697
f 720/593/720 3102/664/3102 3103/665/3103 696/564/696
f 695/430/695 721/590/721 720/593/720 696/564/696
f 722/595/722 721/590/721 695/430/695 694/429/694
f 723/597/723 722/595/722 694/429/694 693/823/693
f 714/866/714 727/858/727 726/861/726 702/863/702
f 1249/873/1249 1250/874/1250 904/875/904 905/876/905
f 322/298/322 733/281/733 732/653/732 583/650/583
f 593/301/593 734/278/734 733/281/733 322/298/322
f 325/287/325 735/282/735 734/278/734 593/301/593
f 325/287/325 326/286/326 736/283/736 735/282/735
f 737/294/737 736/283/736 326/286/326 327/292/327
f 327/292/327 220/291/220 266/295/266 737/294/737
f 658/877/658 2995/878/2995 2996/879/2996 286/880/286
f 288/881/288 2994/882/2994 2995/878/2995 658/877/658
f 738/427/738 1469/426/1469 1470/424/1470 426/417/426
f 739/546/739 738/427/738 426/417/426 425/416/425
f 741/782/741 740/781/740 493/506/493 424/505/424
f 2814/883/2814 2815/884/2815 743/790/743 742/789/742
f 2817/885/2817 744/810/744 976/813/976 2816/886/2816
f 957/553/957 367/552/367 366/887/366 956/888/956
f 365/889/365 366/887/366 367/552/367 363/551/363
f 2781/550/2781 364/549/364 757/890/757 2780/891/2780
f 352/548/352 353/892/353 757/890/757 364/549/364
f 758/893/758 353/892/353 352/548/352 350/709/350
f 351/711/351 759/894/759 758/893/758 350/709/350
f 1048/570/1048 1332/569/1332 1333/895/1333 1047/896/1047
f 285/897/285 516/898/516 517/899/517 286/880/286
f 274/900/274 658/877/658 286/880/286 517/899/517
f 658/877/658 274/900/274 290/901/290 288/881/288
f 748/902/748 747/903/747 2822/904/2822 2823/905/2823
f 2823/905/2823 2824/906/2824 749/907/749 748/902/748
f 676/908/676 675/909/675 356/910/356 357/911/357
f 272/912/272 703/913/703 715/914/715 273/915/273
f 659/916/659 705/917/705 703/913/703 272/912/272
f 750/918/750 751/919/751 704/865/704 701/864/701
f 2826/920/2826 2827/921/2827 751/919/751 750/918/750
f 754/922/754 753/923/753 705/917/705 659/916/659
f 675/909/675 676/908/676 749/907/749 270/924/270
f 2825/925/2825 270/924/270 749/907/749 2824/906/2824
f 656/700/656 653/699/653 644/926/644 645/927/645
f 633/696/633 772/704/772 646/928/646 647/697/647
f 653/699/653 654/705/654 642/929/642 644/926/644
f 654/705/654 657/713/657 651/930/651 642/929/642
f 657/713/657 762/931/762 650/932/650 651/930/651
f 763/933/763 762/931/762 657/713/657 631/712/631
f 2994/882/2994 288/881/288 764/934/764 2993/935/2993
f 766/936/766 765/937/765 1072/938/1072 1073/939/1073
f 285/897/285 770/211/770 769/227/769 516/898/516
f 2997/940/2997 2998/208/2998 770/211/770 285/897/285
f 277/701/277 656/700/656 772/704/772 771/703/771
f 646/928/646 772/704/772 656/700/656 645/927/645
f 732/653/732 1376/652/1376 1377/941/1377 731/942/731
f 941/651/941 583/650/583 324/943/324 940/944/940
f 1255/945/1255 1256/946/1256 729/947/729 730/948/730
f 1248/949/1248 1249/950/1249 905/951/905 333/952/333
f 324/943/324 583/650/583 732/653/732 731/942/731
f 472/835/472 387/953/387 383/954/383 471/832/471
f 384/955/384 621/828/621 967/829/967 968/956/968
f 2878/957/2878 1027/958/1027 1028/959/1028 2877/960/2877
f 2879/961/2879 1026/962/1026 1027/958/1027 2878/957/2878
f 816/963/816 817/964/817 815/643/815 814/642/814
f 620/841/620 621/828/621 384/955/384 577/965/577
f 470/836/470 469/966/469 700/967/700 385/838/385
f 470/836/470 368/837/368 756/968/756 469/966/469
f 2991/969/2991 774/970/774 210/971/210 2990/972/2990
f 774/970/774 775/973/775 211/974/211 210/971/210
f 775/973/775 776/975/776 268/976/268 211/974/211
f 283/977/283 655/978/655 762/931/762 763/933/763
f 777/979/777 773/980/773 209/981/209 258/982/258
f 2993/935/2993 764/934/764 287/983/287 2992/984/2992
f 761/985/761 289/986/289 1070/987/1070 1071/988/1071
f 776/975/776 1342/989/1342 1343/990/1343 268/976/268
f 762/931/762 655/978/655 652/991/652 650/932/650
f 773/980/773 777/979/777 655/978/655 283/977/283
f 774/970/774 2991/969/2991 2992/984/2992 287/983/287
f 775/973/775 774/970/774 287/983/287 289/986/289
f 776/975/776 775/973/775 289/986/289 761/985/761
f 1342/989/1342 776/975/776 761/985/761 1341/992/1341
f 779/993/779 777/979/777 258/982/258 269/994/269
f 652/991/652 655/978/655 777/979/777 779/993/779
f 337/303/337 514/995/514 630/710/630 629/674/629
f 336/302/336 340/306/340 512/996/512 513/997/513
f 513/997/513 514/995/514 337/303/337 336/302/336
f 513/997/513 533/998/533 515/999/515 514/995/514
f 513/997/513 512/996/512 534/1000/534 533/998/533
f 512/996/512 248/1001/248 253/1002/253 534/1000/534
f 1237/1003/1237 1238/367/1238 619/364/619 781/1004/781
f 619/364/619 985/363/985 986/1005/986 781/1004/781
f 783/1006/783 782/1007/782 379/358/379 382/361/382
f 476/488/476 784/1008/784 783/1006/783 382/361/382
f 3165/356/3165 1141/355/1141 1142/1009/1142 3164/1010/3164
f 574/1011/574 575/1012/575 799/1013/799 800/1014/800
f 783/1006/783 784/1008/784 803/1015/803 804/1016/804
f 782/1007/782 783/1006/783 804/1016/804 805/1017/805
f 575/1012/575 576/1018/576 798/1019/798 799/1013/799
f 3164/1010/3164 1142/1009/1142 1143/1020/1143 3163/1021/3163
f 1150/1022/1150 574/1011/574 800/1014/800 1149/1023/1149
f 576/1018/576 620/1024/620 809/1025/809 798/1019/798
f 620/1024/620 577/1026/577 808/1027/808 809/1025/809
f 3141/1028/3141 3142/1029/3142 825/1030/825 826/1031/826
f 3140/1032/3140 3141/1028/3141 826/1031/826 827/1033/827
f 3139/1034/3139 3140/1032/3140 827/1033/827 1148/1035/1148
f 3163/1036/3163 1143/1037/1143 1144/1038/1144 3162/1039/3162
f 804/1040/804 803/1041/803 1002/1042/1002 1003/1043/1003
f 805/1044/805 804/1040/804 1003/1043/1003 1004/1045/1004
f 3143/1046/3143 3144/1047/3144 823/1048/823 824/1049/824
f 3142/1029/3142 3143/1046/3143 824/1049/824 825/1030/825
f 789/1050/789 790/1051/790 839/1052/839 840/1053/840
f 791/1054/791 788/1055/788 831/1056/831 832/1057/832
f 793/1058/793 791/1054/791 832/1057/832 833/1059/833
f 790/1051/790 792/1060/792 838/1061/838 839/1052/839
f 788/1055/788 1146/1062/1146 831/1056/831
f 1147/1063/1147 789/1050/789 840/1053/840
f 794/1064/794 989/1065/989 834/1066/834
f 792/1060/792 795/1067/795 837/1068/837 838/1061/838
f 796/1069/796 797/1070/797 835/1071/835 836/1072/836
f 797/1073/797 794/1064/794 834/1066/834 835/1074/835
f 795/1067/795 796/1069/796 836/1072/836 837/1068/837
f 819/1075/819 818/1076/818 788/1055/788 791/1054/791
f 820/1077/820 819/1075/819 791/1054/791 793/1058/793
f 821/1078/821 988/1079/988 989/1065/989 794/1064/794
f 823/1048/823 822/1080/822 797/1070/797 796/1069/796
f 824/1049/824 823/1048/823 796/1069/796 795/1067/795
f 825/1030/825 824/1049/824 795/1067/795 792/1060/792
f 826/1031/826 825/1030/825 792/1060/792 790/1051/790
f 827/1033/827 826/1031/826 790/1051/790 789/1050/789
f 1148/1035/1148 827/1033/827 789/1050/789 1147/1063/1147
f 3161/1081/3161 1145/1082/1145 1146/1062/1146
f 832/1057/832 831/1056/831 812/644/812
f 833/1059/833 832/1057/832 812/644/812 815/643/815
f 835/1074/835 834/1066/834 815/643/815 817/964/817
f 836/1072/836 835/1071/835 817/1083/817 816/963/816
f 837/1068/837 836/1072/836 816/963/816 814/642/814
f 838/1061/838 837/1068/837 814/642/814
f 839/1052/839 838/1061/838 814/642/814 813/645/813
f 840/1053/840 839/1052/839 813/645/813
f 608/613/608 553/612/553 842/1084/842 843/1085/843
f 553/612/553 554/614/554 844/1086/844 842/1084/842
f 607/1087/607 3113/1088/3113 3114/1089/3114 846/1090/846
f 556/1091/556 558/1092/558 849/1093/849 847/1094/847
f 1169/1095/1169 559/1096/559 850/1097/850 1168/1098/1168
f 555/1099/555 560/1100/560 851/1101/851 845/1102/845
f 558/1092/558 607/1087/607 846/1090/846 849/1093/849
f 1229/633/1229 557/622/557 848/1103/848 1228/1104/1228
f 559/1096/559 1525/1105/1525 1526/1106/1526 850/1097/850
f 971/669/971 608/613/608 843/1085/843 970/1107/970
f 843/1108/843 842/1109/842 854/1110/854 855/1111/855
f 842/1109/842 844/1112/844 856/1113/856 854/1110/854
f 846/1090/846 3114/1089/3114 858/1114/858
f 848/1115/848 847/1094/847 859/1116/859 860/1117/860
f 847/1094/847 849/1093/849 861/1118/861 859/1116/859
f 1168/1098/1168 850/1097/850 862/1119/862 1167/1120/1167
f 845/1102/845 851/1101/851 863/1121/863 857/1122/857
f 849/1093/849 846/1090/846 858/1114/858 861/1118/861
f 1228/1123/1228 848/1115/848 860/1117/860
f 850/1097/850 1526/1106/1526 862/1119/862
f 970/1124/970 843/1108/843 855/1111/855 969/1125/969
f 855/1111/855 854/1110/854 866/1126/866 867/1127/867
f 854/1110/854 856/1113/856 868/1128/868 866/1126/866
f 860/1117/860 859/1116/859 871/1129/871 872/1130/872
f 859/1116/859 861/1118/861 873/1131/873 871/1129/871
f 857/1122/857 863/1121/863 875/1132/875 869/1133/869
f 861/1118/861 858/1114/858 870/1134/870 873/1131/873
f 969/1125/969 855/1111/855 867/1127/867 876/1135/876
f 876/1135/876 875/1132/875 874/1136/874 877/1137/877
f 870/1134/870 866/1126/866 868/1128/868 873/1131/873
f 870/1134/870 869/1133/869 867/1127/867 866/1126/866
f 873/1131/873 868/1128/868 872/1130/872 871/1129/871
f 878/1138/878 899/1139/899 900/1140/900 879/1141/879
f 882/845/882 881/844/881 706/1142/706 716/1143/716
f 898/1144/898 899/1139/899 878/1138/878 884/1145/884
f 885/1146/885 897/1147/897 898/1144/898 884/1145/884
f 897/1147/897 885/1146/885 1260/1148/1260 1261/1149/1261
f 1258/1150/1258 1259/1151/1259 887/1152/887 895/1153/895
f 2950/1154/2950 2951/1155/2951 2965/1156/2965 2966/1157/2966
f 893/1158/893 889/1159/889 888/1160/888 892/1161/892
f 889/1159/889 893/1158/893 894/1162/894 890/1163/890
f 902/1164/902 903/1165/903 1251/1166/1251 1252/1167/1252
f 2951/1155/2951 2952/869/2952 2964/868/2964 2965/1156/2965
f 881/844/881 893/1158/893 892/1161/892 706/1142/706
f 894/1162/894 893/1158/893 881/844/881 708/843/708
f 1251/1166/1251 903/1165/903 904/875/904 1250/874/1250
f 1257/847/1257 1258/1150/1258 895/1153/895 728/848/728
f 712/851/712 897/1147/897 1261/1149/1261 1262/852/1262
f 898/1144/898 897/1147/897 712/851/712 713/859/713
f 713/859/713 727/858/727 899/1139/899 898/1144/898
f 900/1140/900 899/1139/899 727/858/727 714/866/714
f 714/866/714 704/865/704 901/1168/901 900/1140/900
f 890/1163/890 894/1162/894 903/1165/903 902/1164/902
f 904/875/904 903/1165/903 894/1162/894 708/843/708
f 905/876/905 904/875/904 708/843/708 707/842/707
f 1269/1169/1269 910/1170/910 906/1171/906 1268/1172/1268
f 910/1170/910 911/1173/911 907/1174/907 906/1171/906
f 902/1164/902 1277/1175/1277 1278/1176/1278 890/1163/890
f 751/919/751 915/1177/915 901/1168/901 704/865/704
f 753/923/753 891/1178/891 918/1179/918 705/917/705
f 918/1179/918 891/1178/891 752/1180/752 919/1181/919
f 918/1179/918 920/1182/920 703/913/703 705/917/705
f 920/1182/920 918/1179/918 919/1181/919 917/1183/917
f 1277/1175/1277 902/1164/902 1252/1167/1252 1276/1184/1276
f 907/1174/907 1253/1185/1253 1254/1186/1254 906/1171/906
f 914/1187/914 880/1188/880 916/1189/916 922/1190/922
f 920/1182/920 917/1183/917 923/1191/923 924/1192/924
f 924/1192/924 715/914/715 703/913/703 920/1182/920
f 915/1177/915 751/919/751 2827/921/2827 2828/1193/2828
f 2828/1193/2828 2829/1194/2829 916/1189/916 915/1177/915
f 922/1190/922 916/1189/916 2829/1194/2829 2830/1195/2830
f 890/1163/890 1278/1176/1278 1279/1196/1279 889/1159/889
f 911/1173/911 910/1170/910 927/1197/927 928/1198/928
f 926/1199/926 922/1190/922 2830/1195/2830 2831/1200/2831
f 917/1183/917 930/1201/930 925/1202/925 923/1191/923
f 931/1203/931 929/1204/929 925/1202/925 930/1201/930
f 930/1201/930 917/1183/917 919/1181/919 932/1205/932
f 932/1205/932 933/1206/933 931/1203/931 930/1201/930
f 935/1207/935 934/1208/934 928/1198/928 927/1197/927
f 2966/1157/2966 2967/1209/2967 2949/1210/2949 2950/1154/2950
f 752/1180/752 936/1211/936 932/1205/932 919/1181/919
f 936/1211/936 933/1206/933 932/1205/932
f 2948/1212/2948 2949/1210/2949 2967/1209/2967
f 1270/1213/1270 927/1197/927 910/1170/910 1269/1169/1269
f 926/1199/926 937/1214/937 909/1215/909 938/1216/938
f 938/1216/938 914/1187/914 922/1190/922 926/1199/926
f 2975/1217/2975 941/651/941 940/944/940
f 942/299/942 941/651/941 582/727/582 329/717/329
f 943/300/943 942/299/942 329/717/329 592/716/592
f 592/716/592 330/721/330 944/288/944 943/300/943
f 945/289/945 944/288/944 330/721/330 331/720/331
f 946/293/946 945/289/945 331/720/331 332/725/332
f 249/724/249 947/290/947 946/293/946 332/725/332
f 883/1218/883 882/1219/882 716/1220/716 948/1221/948
f 2962/1222/2962 2963/1223/2963 2953/1224/2953 2960/1225/2960
f 3170/394/3170 1136/393/1136 1137/377/1137 3169/376/3169
f 951/399/951 950/493/950 478/491/478 390/373/390
f 389/372/389 952/396/952 951/399/951 390/373/390
f 982/671/982 616/370/616 953/389/953 981/1226/981
f 1243/390/1243 953/389/953 616/370/616 1242/369/1242
f 395/833/395 955/830/955 954/831/954 388/834/388
f 2880/840/2880 1025/839/1025 1026/962/1026 2879/961/2879
f 368/837/368 957/553/957 956/888/956 756/968/756
f 624/344/624 958/328/958 957/553/957 368/837/368
f 369/341/369 959/327/959 958/328/958 624/344/624
f 960/329/960 959/327/959 369/341/369 370/340/370
f 372/338/372 961/334/961 960/329/960 370/340/370
f 372/338/372 1156/337/1156 1157/335/1157 961/334/961
f 1120/1227/1120 964/350/964 1152/353/1152 1153/1228/1153
f 965/346/965 964/350/964 1120/1227/1120 1121/1229/1121
f 1121/1229/1121 1122/1230/1122 966/347/966 965/346/965
f 967/829/967 966/347/966 1122/1230/1122 1123/1231/1123
f 968/956/968 967/829/967 1123/1231/1123 1124/1232/1124
f 613/400/613 612/1233/612 977/1234/977 978/1235/978
f 980/1236/980 981/1226/981 953/389/953 615/388/615
f 2776/401/2776 613/400/613 978/1235/978 2775/1237/2775
f 852/1238/852 970/1124/970 969/1125/969 864/1239/864
f 561/1240/561 971/669/971 970/1107/970 852/1241/852
f 542/757/542 972/668/972 971/669/971 561/1240/561
f 489/756/489 973/670/973 972/668/972 542/757/542
f 434/794/434 974/799/974 973/670/973 489/756/489
f 678/801/678 975/797/975 974/799/974 434/794/434
f 976/813/976 1219/812/1219 1220/791/1220 743/790/743
f 2816/886/2816 976/813/976 743/790/743 2815/884/2815
f 978/1235/978 977/1234/977 402/1242/402 403/1243/403
f 399/397/399 952/396/952 981/1226/981 980/1236/980
f 389/372/389 982/671/982 981/1226/981 952/396/952
f 983/672/983 982/671/982 389/372/389 473/375/473
f 380/484/380 984/673/984 983/672/983 473/375/473
f 1131/359/1131 379/358/379 985/363/985 1130/362/1130
f 986/1005/986 985/363/985 379/358/379 782/1007/782
f 987/1244/987 986/1005/986 782/1007/782 805/1017/805
f 1000/1245/1000 987/1246/987 805/1044/805 1004/1045/1004
f 989/1065/989 988/1079/988 820/1077/820 793/1058/793
f 834/1066/834 989/1065/989 793/1058/793 833/1059/833
f 990/1247/990 1127/1248/1127 1128/1249/1128 386/1250/386
f 2875/1251/2875 2876/1252/2876 1126/1253/1126 1029/1254/1029
f 1125/1255/1125 991/1256/991 968/956/968 1124/1232/1124
f 384/955/384 968/956/968 991/1256/991 992/1257/992
f 2874/1258/2874 2875/1251/2875 1029/1254/1029 1030/1259/1030
f 780/1260/780 993/1261/993 990/1247/990 386/1250/386
f 992/1257/992 994/1262/994 577/965/577 384/955/384
f 995/1263/995 808/1027/808 577/1026/577 994/1264/994
f 822/1080/822 823/1048/823 3144/1047/3144 2871/1265/2871
f 2873/1266/2873 2874/1258/2874 1030/1259/1030 1031/1267/1031
f 996/1268/996 993/1261/993 780/1260/780 997/1269/997
f 2873/1270/2873 1031/1271/1031 807/1272/807 2872/1273/2872
f 986/1005/986 987/1244/987 998/1274/998 781/1004/781
f 781/1004/781 998/1274/998 1236/1275/1236 1237/1003/1237
f 996/1276/996 997/1277/997 999/1278/999 807/1272/807
f 1235/1279/1235 1236/1280/1236 998/1281/998 806/1282/806
f 876/1135/876 867/1127/867 869/1133/869 875/1132/875
f 988/1079/988 821/1078/821 806/1282/806 1000/1245/1000
f 1000/1245/1000 806/1282/806 998/1281/998 987/1246/987
f 3162/1039/3162 1144/1038/1144 1145/1082/1145 3161/1081/3161
f 1003/1043/1003 1002/1042/1002 818/1076/818 819/1075/819
f 1004/1045/1004 1003/1043/1003 819/1075/819 820/1077/820
f 988/1079/988 1000/1245/1000 1004/1045/1004 820/1077/820
f 834/1066/834 833/1059/833 815/643/815
f 2767/1283/2767 2930/1284/2930 2931/1285/2931 2766/1286/2766
f 2768/1287/2768 2929/1288/2929 2930/1284/2930 2767/1283/2767
f 2929/1288/2929 2768/1287/2768 2769/1289/2769 2928/1290/2928
f 2771/1291/2771 2926/1292/2926 2927/1293/2927 2770/1294/2770
f 1010/404/1010 3203/1295/3203 2857/1296/2857
f 1011/405/1011 1010/404/1010 2857/1296/2857 2858/1297/2858
f 2858/1298/2858 2859/1299/2859 1012/543/1012 1011/542/1011
f 3064/1300/3064 3031/1301/3031 2923/1302/2923 3063/1303/3063
f 2924/1304/2924 2925/1305/2925 2855/1306/2855 2772/1307/2772
f 2772/1307/2772 2773/1308/2773 2923/1302/2923 2924/1304/2924
f 2853/1309/2853 2854/1310/2854 1013/1311/1013 1014/1312/1014
f 1013/1311/1013 405/1313/405 1015/1314/1015 1014/1312/1014
f 1014/1312/1014 1015/1314/1015 2852/1315/2852 2853/1309/2853
f 424/505/424 406/508/406 2851/1316/2851 3012/1317/3012
f 2851/1316/2851 2852/1315/2852 1015/1314/1015 423/1318/423
f 1016/1319/1016 568/635/568 505/544/505 1012/543/1012
f 2860/1320/2860 1016/1319/1016 1012/543/1012 2859/1299/2859
f 1489/1321/1489 1490/1322/1490 1017/1323/1017 573/1324/573
f 2818/1325/2818 745/1326/745 744/810/744 2817/885/2817
f 1018/1327/1018 612/1233/612 613/400/613 398/382/398
f 393/381/393 391/1328/391 1018/1327/1018 398/382/398
f 2779/561/2779 1022/560/1022 393/381/393 2778/380/2778
f 392/385/392 394/384/394 1024/555/1024 1023/554/1023
f 394/384/394 955/830/955 1025/839/1025 1024/555/1024
f 1026/962/1026 1025/839/1025 955/830/955 395/833/395
f 1027/958/1027 1026/962/1026 395/833/395 471/832/471
f 1028/959/1028 1027/958/1027 471/832/471 383/954/383
f 1029/1254/1029 1126/1253/1126 1127/1248/1127 990/1247/990
f 1030/1259/1030 1029/1254/1029 990/1247/990 993/1261/993
f 1031/1267/1031 1030/1259/1030 993/1261/993 996/1268/996
f 807/1272/807 1031/1271/1031 996/1276/996
f 1032/1329/1032 1020/708/1020 2886/707/2886 2887/1330/2887
f 1020/708/1020 1032/1329/1032 1019/1331/1019 360/1332/360
f 1032/1329/1032 1033/1333/1033 361/1334/361 1019/1331/1019
f 1033/1333/1033 1034/1335/1034 362/1336/362 361/1334/361
f 359/1337/359 362/1336/362 1034/1335/1034 1035/1338/1035
f 271/1339/271 359/1337/359 1035/1338/1035 1036/1340/1036
f 2890/1341/2890 2891/1342/2891 1036/1340/1036 1035/1338/1035
f 2887/1330/2887 2888/1343/2888 1033/1333/1033 1032/1329/1032
f 2888/1343/2888 2889/1344/2889 1034/1335/1034 1033/1333/1033
f 2889/1344/2889 2890/1341/2890 1035/1338/1035 1034/1335/1034
f 1037/1345/1037 1039/1346/1039 1041/1347/1041 1040/1348/1040
f 351/711/351 1042/1349/1042 1038/1350/1038 759/894/759
f 1039/1346/1039 1038/1350/1038 1042/1349/1042 1041/1347/1041
f 1044/1351/1044 274/900/274 517/899/517 1045/1352/1045
f 1046/1353/1046 1045/1352/1045 517/899/517 516/898/516
f 769/227/769 1047/896/1047 1046/1353/1046 516/898/516
f 524/226/524 1048/570/1048 1047/896/1047 769/227/769
f 580/583/580 1049/567/1049 1048/570/1048 524/226/524
f 525/584/525 1050/574/1050 1049/567/1049 580/583/580
f 590/585/590 1051/571/1051 1050/574/1050 525/584/525
f 526/586/526 1052/578/1052 1051/571/1051 590/585/590
f 527/587/527 1053/575/1053 1052/578/1052 526/586/526
f 528/589/528 1054/580/1054 1053/575/1053 527/587/527
f 1055/581/1055 1054/580/1054 528/589/528 251/588/251
f 1044/1351/1044 760/1354/760 290/901/290 274/900/274
f 1043/1355/1043 1056/1356/1056 1057/1357/1057 767/1358/767
f 1056/1356/1056 1043/1355/1043 355/1359/355 1058/1360/1058
f 1059/1361/1059 1060/1362/1060 1040/1348/1040 1058/1360/1058
f 1060/1362/1060 668/1363/668 1037/1345/1037 1040/1348/1040
f 750/1364/750 701/1365/701 675/909/675 270/924/270
f 2826/1366/2826 750/1364/750 270/924/270 2825/925/2825
f 273/1367/273 271/1339/271 1036/1340/1036 272/1368/272
f 1041/1347/1041 1056/1356/1056 1058/1360/1058 1040/1348/1040
f 1056/1356/1056 1041/1347/1041 1042/1349/1042 1057/1357/1057
f 630/710/630 1057/1357/1057 1042/1349/1042 351/711/351
f 1061/1369/1061 668/1363/668 1060/1362/1060 2944/1370/2944
f 2891/1342/2891 2892/1371/2892 272/1368/272 1036/1340/1036
f 1057/1357/1057 630/710/630 1062/1372/1062 767/1358/767
f 630/710/630 514/995/514 515/999/515 1062/1372/1062
f 221/1373/221 778/1374/778 534/1000/534 253/1002/253
f 1071/988/1071 1340/1375/1340 1341/992/1341 761/985/761
f 1339/1376/1339 766/936/766 1073/939/1073 1338/1377/1338
f 1045/1352/1045 1335/1378/1335 1336/1379/1336 1044/1351/1044
f 1335/1378/1335 1045/1352/1045 1046/1353/1046 1334/1380/1334
f 1044/1351/1044 1336/1379/1336 1337/1381/1337 760/1354/760
f 1067/1382/1067 518/1383/518 354/1384/354 1065/1385/1065
f 1065/1385/1065 354/1384/354 355/1359/355 1066/1386/1066
f 1066/1386/1066 355/1359/355 1043/1355/1043 1064/1387/1064
f 335/1388/335 533/998/533 534/1000/534 778/1374/778
f 1068/1389/1068 767/1358/767 1062/1372/1062 1063/1390/1063
f 1069/1391/1069 1063/1390/1063 1062/1372/1062 515/999/515
f 515/999/515 533/998/533 335/1388/335 1069/1391/1069
f 1068/1389/1068 1064/1387/1064 1043/1355/1043 767/1358/767
f 1071/988/1071 1070/987/1070 765/937/765 766/936/766
f 766/936/766 1339/1376/1339 1340/1375/1340 1071/988/1071
f 1073/939/1073 1072/938/1072 290/901/290 760/1354/760
f 1338/1377/1338 1073/939/1073 760/1354/760 1337/1381/1337
f 1074/1392/1074 1075/1393/1075 765/937/765 1070/987/1070
f 1072/938/1072 765/937/765 1075/1393/1075 1076/1394/1076
f 287/983/287 1074/1392/1074 1070/987/1070 289/986/289
f 1076/1394/1076 288/881/288 290/901/290 1072/938/1072
f 764/934/764 1075/1393/1075 1074/1392/1074 287/983/287
f 288/881/288 1076/1394/1076 1075/1393/1075 764/934/764
f 2892/1371/2892 2893/1395/2893 659/1396/659 272/1368/272
f 2944/1370/2944 1078/1397/1078 1077/1398/1077 1061/1369/1061
f 1046/1353/1046 1047/896/1047 1333/895/1333 1334/1380/1334
f 755/1399/755 1077/1398/1077 1078/1397/1078 1079/1400/1079
f 1081/1401/1081 1082/1402/1082 1346/1403/1346 1347/1404/1347
f 1082/1402/1082 1083/1405/1083 1345/1406/1345 1346/1403/1346
f 1083/1405/1083 1084/1407/1084 1344/1408/1344 1345/1406/1345
f 522/1409/522 1082/1402/1082 1081/1401/1081 521/1410/521
f 523/1411/523 1083/1405/1083 1082/1402/1082 522/1409/522
f 523/1411/523 250/1412/250 1084/1407/1084 1083/1405/1083
f 492/604/492 1204/1413/1204 1205/1414/1205 549/605/549
f 358/1415/358 724/1416/724 692/822/692 1086/1417/1086
f 768/1418/768 1087/1419/1087 518/1383/518 1067/1382/1067
f 591/1420/591 1085/1421/1085 1088/1422/1088 520/1423/520
f 1088/1422/1088 1089/1424/1089 581/1425/581 520/1423/520
f 1090/1426/1090 1087/1419/1087 768/1418/768 519/1427/519
f 1089/1424/1089 1090/1426/1090 519/1427/519 581/1425/581
f 356/910/356 675/909/675 701/1365/701 702/1428/702
f 1093/1429/1093 1095/1430/1095 314/1431/314 315/1432/315
f 1092/1433/1092 1094/1434/1094 1095/1430/1095 1093/1429/1093
f 1360/1435/1360 1361/1436/1361 1095/1430/1095 1094/1434/1094
f 689/266/689 1096/1437/1096 584/1438/584 321/276/321
f 1361/1436/1361 1362/1439/1362 314/1431/314 1095/1430/1095
f 1096/1437/1096 689/266/689 684/265/684 1097/1440/1097
f 684/265/684 1099/1441/1099 1098/1442/1098 1097/1440/1097
f 684/265/684 683/264/683 595/658/595 1099/1441/1099
f 212/238/212 295/237/295 1101/233/1101 1100/232/1100
f 1102/229/1102 1101/233/1101 295/237/295 292/242/292
f 1103/230/1103 1102/229/1102 292/242/292 293/241/293
f 596/245/596 1104/659/1104 1103/230/1103 293/241/293
f 1099/1441/1099 302/656/302 585/655/585 1098/1442/1098
f 596/245/596 300/244/300 302/656/302 1104/659/1104
f 1104/659/1104 302/656/302 1099/1441/1099 595/658/595
f 1079/1400/1079 1091/1443/1091 667/1444/667 755/1399/755
f 661/1445/661 667/1444/667 1091/1443/1091 1080/1446/1080
f 882/1219/882 883/1218/883 1105/1447/1105 707/1448/707
f 707/1448/707 1105/1447/1105 333/952/333 905/951/905
f 1107/1449/1107 1106/1450/1106 454/449/454 455/450/455
f 1108/1451/1108 1107/1449/1107 455/450/455 456/451/456
f 605/453/605 1109/1452/1109 1108/1451/1108 456/451/456
f 3108/452/3108 3109/1453/3109 1109/1452/1109 605/453/605
f 1111/1454/1111 1110/1455/1110 457/468/457 464/471/464
f 1112/1456/1112 1171/1457/1171 1172/494/1172 483/497/483
f 1113/1458/1113 1112/1456/1112 483/497/483 486/737/486
f 1115/754/1115 1114/753/1114 485/773/485 488/772/488
f 1116/436/1116 1115/754/1115 488/772/488 537/765/537
f 1465/768/1465 1466/433/1466 1116/436/1116 537/765/537
f 1428/1459/1428 1202/1460/1202 1203/1461/1203
f 548/750/548 454/449/454 1106/1450/1106 1118/1462/1118
f 1429/456/1429 1201/455/1201 1202/1460/1202 1428/1459/1428
f 459/619/459 557/622/557 539/609/539
f 285/897/285 286/880/286 2996/879/2996 2997/940/2997
f 377/476/377 1120/1227/1120 1153/1228/1153 1154/477/1154
f 1121/1229/1121 1120/1227/1120 377/476/377 375/479/375
f 375/479/375 374/478/374 1122/1230/1122 1121/1229/1121
f 1123/1231/1123 1122/1230/1122 374/478/374 622/480/622
f 1124/1232/1124 1123/1231/1123 622/480/622 385/838/385
f 700/967/700 1125/1255/1125 1124/1232/1124 385/838/385
f 1126/1253/1126 2876/1252/2876 2877/960/2877 1028/959/1028
f 1127/1248/1127 1126/1253/1126 1028/959/1028 383/954/383
f 1128/1249/1128 1127/1248/1127 383/954/383 387/953/387
f 1240/482/1240 618/481/618 1129/365/1129 1239/366/1239
f 984/673/984 1130/362/1130 1129/365/1129 618/481/618
f 380/484/380 1131/359/1131 1130/362/1130 984/673/984
f 1132/360/1132 1131/359/1131 380/484/380 381/483/381
f 475/490/475 1133/487/1133 1132/360/1132 381/483/381
f 1139/485/1139 1140/354/1140 3166/357/3166 3167/486/3167
f 233/1463/233 949/1464/949 3053/1465/3053 3054/1466/3054
f 3052/1467/3052 3053/1465/3053 949/1464/949 232/1468/232
f 3058/1469/3058 3196/1470/3196 1139/485/1139 1138/378/1138
f 3196/1470/3196 3197/1471/3197 1140/354/1140 1139/485/1139
f 3197/1471/3197 3198/1472/3198 1141/355/1141 1140/354/1140
f 1142/1009/1142 1141/355/1141 3198/1472/3198 3199/1473/3199
f 1143/1020/1143 1142/1009/1142 3199/1473/3199 3200/1474/3200
f 1144/1038/1144 1143/1037/1143 3200/1475/3200 3201/1476/3201
f 1145/1082/1145 1144/1038/1144 3201/1476/3201 3202/1477/3202
f 1146/1062/1146 1145/1082/1145 3202/1477/3202
f 830/1478/830 811/1479/811 812/644/812 831/1056/831
f 813/645/813 812/644/812 811/1479/811 810/1480/810
f 841/1481/841 840/1053/840 813/645/813 810/1480/810
f 1446/1482/1446 1148/1035/1148 1147/1063/1147
f 3138/1483/3138 3139/1034/3139 1148/1035/1148 1446/1482/1446
f 1448/1484/1448 1150/1022/1150 1149/1023/1149 1447/1485/1447
f 1449/1486/1449 1151/352/1151 1150/649/1150 1448/1487/1448
f 1152/353/1152 1151/352/1151 1449/1486/1449 1450/1488/1450
f 1153/1228/1153 1152/353/1152 1450/1488/1450 1451/1489/1451
f 1154/477/1154 1153/1228/1153 1451/1489/1451 1452/1490/1452
f 1155/336/1155 1154/477/1154 1452/1490/1452 1453/1491/1453
f 1453/1491/1453 1454/1492/1454 1156/337/1156 1155/336/1155
f 1157/335/1157 1156/337/1156 1454/1492/1454 1455/1493/1455
f 1158/331/1158 1157/335/1157 1455/1493/1455 1456/1494/1456
f 1159/332/1159 1158/331/1158 1456/1494/1456 1457/1495/1457
f 1160/310/1160 2786/313/2786 2787/1496/2787 1458/1497/1458
f 1458/1497/1458 1459/1498/1459 1161/308/1161 1160/310/1160
f 1162/309/1162 1161/308/1161 1459/1498/1459 1461/1499/1461
f 248/1001/248 512/996/512 1404/1500/1404 1405/1501/1405
f 1135/392/1135 3171/395/3171 3172/1502/3172 480/1503/480
f 3093/1504/3093 410/523/410 479/492/479 400/398/400
f 400/398/400 399/397/399 3092/1505/3092 3093/1504/3093
f 399/397/399 980/1236/980 401/1506/401 3092/1505/3092
f 980/1236/980 615/388/615 979/1507/979 401/1506/401
f 746/1508/746 2819/1509/2819 2820/1510/2820 1163/1511/1163
f 2818/1325/2818 2819/1509/2819 746/1508/746 745/1326/745
f 1163/1511/1163 2820/1510/2820 2821/1512/2821 1164/1513/1164
f 2822/904/2822 747/903/747 1164/1513/1164 2821/1512/2821
f 748/902/748 1166/1514/1166 1165/1515/1165 747/903/747
f 1166/1514/1166 748/902/748 749/907/749 676/908/676
f 851/1101/851 1168/1098/1168 1167/1120/1167 863/1121/863
f 560/1100/560 1169/1095/1169 1168/1098/1168 851/1101/851
f 462/630/462 1170/625/1170 1169/628/1169 560/631/560
f 1435/474/1435 1195/473/1195 1196/464/1196 1434/467/1434
f 1172/494/1172 1171/1457/1171 1111/1454/1111 464/471/464
f 464/471/464 463/470/463 1173/495/1173 1172/494/1172
f 463/470/463 446/760/446 1174/761/1174 1173/495/1173
f 1175/769/1175 1174/761/1174 446/760/446 442/764/442
f 482/496/482 484/762/484 669/771/669 487/736/487
f 1232/785/1232 1233/1516/1233 677/1517/677 432/786/432
f 1178/565/1178 3104/666/3104 3105/667/3105 602/566/602
f 1179/431/1179 1178/565/1178 602/566/602 435/439/435
f 1180/432/1180 1179/431/1179 435/439/435 436/438/436
f 1181/824/1181 1180/432/1180 436/438/436 441/826/441
f 1182/825/1182 1181/824/1181 441/826/441 440/827/440
f 1183/1518/1183 671/770/671 1175/769/1175 1184/1519/1184
f 442/764/442 1185/1520/1185 1184/1519/1184 1175/769/1175
f 437/763/437 1177/1521/1177 1185/1520/1185 442/764/442
f 356/910/356 1189/1522/1189 1188/1523/1188 357/911/357
f 1189/1522/1189 356/910/356 702/1428/702 725/1524/725
f 1208/1525/1208 1209/1526/1209 1191/1527/1191 1190/1528/1190
f 546/730/546 465/626/465 1194/472/1194 1193/728/1193
f 465/626/465 1170/625/1170 1195/473/1195 1194/472/1194
f 1196/464/1196 1195/473/1195 1170/625/1170 462/630/462
f 462/630/462 461/629/461 1197/465/1197 1196/464/1196
f 1198/462/1198 3111/461/3111 3112/616/3112 606/615/606
f 1199/458/1199 1198/462/1198 606/615/606 460/623/460
f 460/623/460 458/620/458 1200/454/1200 1199/458/1199
f 458/620/458 459/619/459 1201/455/1201 1200/454/1200
f 1202/1460/1202 1201/455/1201 459/619/459 539/609/539
f 1203/1461/1203 1202/1460/1202 539/609/539 490/608/490
f 432/786/432 1204/1413/1204 1203/1461/1203 490/608/490
f 1205/1414/1205 1204/1413/1204 432/786/432 677/1517/677
f 1190/1528/1190 1521/1529/1521 1522/1530/1522 1208/1525/1208
f 551/802/551 550/805/550 544/809/544 1206/1531/1206
f 546/730/546 1193/728/1193 1209/1526/1209 1208/1525/1208
f 1521/1529/1521 1190/1528/1190 547/752/547 1520/788/1520
f 1191/1527/1191 1114/753/1114 547/752/547 1190/1528/1190
f 1438/1532/1438 1191/1527/1191 1209/1526/1209
f 1437/729/1437 1438/1532/1438 1209/1526/1209 1193/728/1193
f 1192/1533/1192 1210/1534/1210 1113/1458/1113 486/737/486
f 674/1535/674 1176/1536/1176 431/780/431 433/779/433
f 549/605/549 1205/1414/1205 1211/1537/1211 440/827/440
f 673/798/673 674/1535/674 433/779/433 611/778/611
f 486/737/486 487/736/487 485/773/485 1192/1533/1192
f 1205/1414/1205 677/1517/677 1186/1538/1186 1211/1537/1211
f 1211/1537/1211 1186/1538/1186 1187/1539/1187 1212/1540/1212
f 1213/1541/1213 358/1415/358 1188/1523/1188 1189/1522/1189
f 1213/1541/1213 1189/1522/1189 725/1524/725 1214/1542/1214
f 1212/1540/1212 1182/825/1182 440/827/440 1211/1537/1211
f 747/903/747 1165/1515/1165 1216/1543/1216 1164/1513/1164
f 1218/811/1218 744/810/744 745/1326/745 1217/1544/1217
f 673/798/673 1218/811/1218 1217/1544/1217 674/1535/674
f 1219/812/1219 1218/811/1218 673/798/673 975/797/975
f 1220/791/1220 1219/812/1219 975/797/975 678/801/678
f 1221/792/1221 1220/791/1220 678/801/678 679/800/679
f 1222/783/1222 3074/796/3074 3075/807/3075 509/804/509
f 1223/784/1223 1222/783/1222 509/804/509 552/803/552
f 1224/547/1224 1518/611/1518 1519/787/1519 439/751/439
f 1225/428/1225 1224/547/1224 439/751/439 438/435/438
f 1467/434/1467 1468/425/1468 1225/428/1225 438/435/438
f 1217/1544/1217 1215/1545/1215 1176/1536/1176 674/1535/674
f 1217/1544/1217 745/1326/745 746/1508/746 1215/1545/1215
f 1164/1513/1164 1216/1543/1216 1227/1546/1227 1163/1511/1163
f 1227/1546/1227 1215/1545/1215 746/1508/746 1163/1511/1163
f 393/381/393 1022/560/1022 1021/562/1021 391/1328/391
f 1021/562/1021 1020/708/1020 360/1332/360 391/1328/391
f 844/1112/844 1228/1123/1228 860/1117/860 856/1113/856
f 554/614/554 1229/633/1229 1228/1104/1228 844/1086/844
f 540/600/540 1230/606/1230 1229/633/1229 554/614/554
f 540/600/540 444/599/444 1231/607/1231 1230/606/1230
f 1232/785/1232 1231/607/1231 444/599/444 431/780/431
f 431/780/431 1176/1536/1176 1233/1516/1233 1232/785/1232
f 1176/1536/1176 1215/1545/1215 1227/1546/1227 1233/1516/1233
f 677/1517/677 1233/1516/1233 1234/1547/1234 1186/1538/1186
f 1234/1547/1234 1233/1516/1233 1227/1546/1227 1216/1543/1216
f 999/1278/999 997/1277/997 1236/1280/1236 1235/1279/1235
f 1237/1003/1237 1236/1275/1236 997/1269/997 780/1260/780
f 780/1260/780 386/1250/386 1238/367/1238 1237/1003/1237
f 1128/1249/1128 1239/366/1239 1238/367/1238 386/1250/386
f 387/953/387 1240/482/1240 1239/366/1239 1128/1249/1128
f 472/835/472 1241/368/1241 1240/482/1240 387/953/387
f 472/835/472 388/834/388 1242/369/1242 1241/368/1241
f 954/831/954 1243/390/1243 1242/369/1242 388/834/388
f 1244/391/1244 1243/390/1243 954/831/954 396/387/396
f 614/1548/614 979/1507/979 615/388/615 1244/391/1244
f 396/387/396 397/386/397 614/1548/614 1244/391/1244
f 1187/1539/1187 1186/1538/1186 1234/1547/1234 1245/1549/1245
f 1216/1543/1216 1165/1515/1165 1245/1549/1245 1234/1547/1234
f 1246/1550/1246 1245/1549/1245 1165/1515/1165 1166/1514/1166
f 1245/1549/1245 1246/1550/1246 1247/1551/1247 1187/1539/1187
f 1086/1417/1086 692/822/692 1182/825/1182 1212/1540/1212
f 1247/1551/1247 1086/1417/1086 1212/1540/1212 1187/1539/1187
f 357/911/357 1246/1550/1246 1166/1514/1166 676/908/676
f 357/911/357 1188/1523/1188 1247/1551/1247 1246/1550/1246
f 1188/1523/1188 358/1415/358 1086/1417/1086 1247/1551/1247
f 730/948/730 729/947/729 1249/950/1249 1248/949/1248
f 729/849/729 728/848/728 1250/874/1250 1249/873/1249
f 895/1153/895 1251/1166/1251 1250/874/1250 728/848/728
f 1252/1167/1252 1251/1166/1251 895/1153/895 887/1152/887
f 1276/1184/1276 1252/1167/1252 887/1152/887 1275/1552/1275
f 1254/1186/1254 1253/1185/1253 921/1553/921 912/1554/912
f 334/1555/334 709/1556/709 1256/946/1256 1255/945/1255
f 709/1557/709 710/1558/710 1257/847/1257 1256/846/1256
f 710/1558/710 896/1559/896 1258/1150/1258 1257/847/1257
f 896/1559/896 886/1560/886 1259/1151/1259 1258/1150/1258
f 1261/1149/1261 1260/1148/1260 886/1560/886 896/1559/896
f 1262/852/1262 1261/1149/1261 896/1559/896 710/1558/710
f 1263/853/1263 1262/852/1262 710/1558/710 709/1557/709
f 334/1555/334 1264/854/1264 1263/857/1263 709/1556/709
f 724/1416/724 358/1415/358 1213/1541/1213 1265/1561/1265
f 1265/1561/1265 1213/1541/1213 1214/1542/1214 1092/1433/1092
f 726/1562/726 1266/1563/1266 1214/1542/1214 725/1524/725
f 1266/1563/1266 726/1562/726 317/862/317 1267/1564/1267
f 909/1215/909 1269/1169/1269 1268/1172/1268 908/1565/908
f 937/1214/937 1270/1213/1270 909/1215/909
f 935/1207/935 937/1214/937 2948/1212/2948
f 878/1138/878 1271/1566/1271 1272/1567/1272 884/1145/884
f 1292/1568/1292 912/1554/912 921/1553/921 1291/1569/1291
f 913/1570/913 1271/1566/1271 878/1138/878 879/1141/879
f 1272/1567/1272 1273/1571/1273 885/1146/885 884/1145/884
f 885/1146/885 1273/1571/1273 1274/1572/1274 1260/1148/1260
f 1394/1573/1394 1276/1184/1276 1275/1552/1275 1393/1574/1393
f 1395/1575/1395 1277/1175/1277 1276/1184/1276 1394/1573/1394
f 1278/1176/1278 1277/1175/1277 1395/1575/1395 1396/1576/1396
f 1279/1196/1279 1278/1176/1278 1396/1576/1396
f 1275/1552/1275 887/1152/887 1259/1151/1259 1280/1577/1280
f 1281/1578/1281 1268/1172/1268 906/1171/906 1254/1186/1254
f 1259/1151/1259 886/1560/886 1282/1579/1282 1280/1577/1280
f 1274/1572/1274 1282/1579/1282 886/1560/886 1260/1148/1260
f 1295/1580/1295 1284/1581/1284 1283/1582/1283 1294/1583/1294
f 1296/1584/1296 1285/1585/1285 1284/1581/1284 1295/1580/1295
f 1286/1586/1286 1285/1585/1285 1296/1584/1296
f 1289/1587/1289 934/1208/934 888/1160/888 1288/1588/1288
f 1288/1588/1288 888/1160/888 889/1159/889 1279/1196/1279
f 1280/1577/1280 1392/1589/1392 1393/1574/1393 1275/1552/1275
f 1271/1566/1271 1292/1568/1292 1291/1569/1291 1272/1567/1272
f 1294/1583/1294 1283/1582/1283 1290/1590/1290 1293/1591/1293
f 921/1553/921 1294/1583/1294 1293/1591/1293 1291/1569/1291
f 1253/1185/1253 1295/1580/1295 1294/1583/1294 921/1553/921
f 907/1174/907 1296/1584/1296 1295/1580/1295 1253/1185/1253
f 1286/1586/1286 1296/1584/1296 907/1174/907 911/1173/911
f 1287/1592/1287 1286/1586/1286 911/1173/911 928/1198/928
f 1290/1590/1290 1274/1572/1274 1273/1571/1273 1293/1591/1293
f 1293/1591/1293 1273/1571/1273 1272/1567/1272 1291/1569/1291
f 1092/1433/1092 1093/1429/1093 1297/1593/1297 1265/1561/1265
f 1265/1561/1265 1297/1593/1297 1298/1594/1298 724/1416/724
f 317/862/317 691/855/691 1299/1595/1299 1267/1564/1267
f 1092/1433/1092 1214/1542/1214 1266/1563/1266 1484/1596/1484
f 1289/1587/1289 1287/1592/1287 928/1198/928 934/1208/934
f 724/1416/724 1298/1594/1298 1300/1597/1300 692/822/692
f 692/822/692 1300/1597/1300 723/597/723 693/823/693
f 2894/1598/2894 754/1599/754 659/1396/659 2893/1395/2893
f 948/1221/948 2974/1600/2974 1301/1601/1301 883/1218/883
f 883/1218/883 1301/1601/1301 1303/1602/1303 1105/1447/1105
f 1303/1602/1303 1304/1603/1304 333/952/333 1105/1447/1105
f 864/1239/864 1487/1604/1487 1488/1605/1488 852/1238/852
f 561/1240/561 1305/1606/1305 543/758/543 542/757/542
f 1306/1607/1306 3078/1608/3078 3079/1609/3079 545/733/545
f 544/809/544 3077/808/3077 3078/1608/3078 1306/1607/1306
f 544/809/544 1306/1607/1306 1207/1610/1207 1206/1531/1206
f 546/730/546 1523/1611/1523 1524/1612/1524 563/731/563
f 1522/1530/1522 1523/1611/1523 546/730/546 1208/1525/1208
f 1306/1607/1306 545/733/545 1308/732/1308 1207/1610/1207
f 1524/1612/1524 1525/1613/1525 559/627/559 563/731/563
f 2975/1217/2975 940/944/940 1301/1601/1301 2974/1600/2974
f 1058/1360/1058 355/1359/355 354/1384/354 1059/1361/1059
f 661/1445/661 1080/1446/1080 1309/1614/1309 1302/1615/1302
f 1302/1615/1302 1309/1614/1309 1310/1616/1310 328/1617/328
f 328/1617/328 1310/1616/1310 660/726/660 582/727/582
f 940/944/940 324/943/324 1303/1602/1303 1301/1601/1301
f 324/943/324 731/942/731 1304/1603/1304 1303/1602/1303
f 1059/1361/1059 354/1384/354 518/1383/518 1311/1618/1311
f 1312/1619/1312 1078/1397/1078 2944/1370/2944 1311/1618/1311
f 1313/1620/1313 1079/1400/1079 1078/1397/1078 1312/1619/1312
f 1311/1618/1311 518/1383/518 1087/1419/1087 1312/1619/1312
f 1090/1426/1090 1313/1620/1313 1312/1619/1312 1087/1419/1087
f 1089/1424/1089 1314/1621/1314 1313/1620/1313 1090/1426/1090
f 1309/1614/1309 1314/1621/1314 1315/1622/1315 1310/1616/1310
f 1314/1621/1314 1089/1424/1089 1088/1422/1088 1315/1622/1315
f 1081/1401/1081 1085/1421/1085 591/1420/591 521/1410/521
f 1320/1623/1320 1317/1624/1317 1316/1625/1316 1319/1626/1319
f 1318/1627/1318 1317/1624/1317 1320/1623/1320 1321/1628/1321
f 718/815/718 1320/1623/1320 1319/1626/1319 698/871/698
f 1321/1628/1321 1320/1623/1320 718/815/718 313/814/313
f 1184/1519/1184 1319/1626/1319 1316/1625/1316 1183/1518/1183
f 1185/1520/1185 698/871/698 1319/1626/1319 1184/1519/1184
f 698/871/698 1185/1520/1185 1177/1521/1177 697/872/697
f 316/596/316 723/597/723 1300/1597/1300 1322/1629/1322
f 1322/1629/1322 1300/1597/1300 1298/1594/1298 1323/1630/1323
f 1323/1630/1323 1298/1594/1298 1297/1593/1297 1324/1631/1324
f 1093/1429/1093 315/1432/315 1324/1631/1324 1297/1593/1297
f 1092/1433/1092 1484/1596/1484 1485/1632/1485 1094/1434/1094
f 523/1411/523 1326/579/1326 1325/582/1325 250/1412/250
f 1327/576/1327 1326/579/1326 523/1411/523 522/1409/522
f 1328/577/1328 1327/576/1327 522/1409/522 521/1410/521
f 1329/572/1329 1328/577/1328 521/1410/521 591/1420/591
f 1330/573/1330 1329/572/1329 591/1420/591 520/1423/520
f 1331/568/1331 1330/573/1330 520/1423/520 581/1425/581
f 1332/569/1332 1331/568/1331 581/1425/581 519/1427/519
f 1333/895/1333 1332/569/1332 519/1427/519 768/1418/768
f 1334/1380/1334 1333/895/1333 768/1418/768 1067/1382/1067
f 1065/1385/1065 1335/1378/1335 1334/1380/1334 1067/1382/1067
f 1336/1379/1336 1335/1378/1335 1065/1385/1065 1066/1386/1066
f 1337/1381/1337 1336/1379/1336 1066/1386/1066 1064/1387/1064
f 1068/1389/1068 1338/1377/1338 1337/1381/1337 1064/1387/1064
f 1063/1390/1063 1339/1376/1339 1338/1377/1338 1068/1389/1068
f 1340/1375/1340 1339/1376/1339 1063/1390/1063 1069/1391/1069
f 1341/992/1341 1340/1375/1340 1069/1391/1069 335/1388/335
f 778/1374/778 1342/989/1342 1341/992/1341 335/1388/335
f 1343/990/1343 1342/989/1342 778/1374/778 221/1373/221
f 1345/1406/1345 1344/1408/1344 259/723/259 666/722/666
f 1346/1403/1346 1345/1406/1345 666/722/666 664/719/664
f 1347/1404/1347 1346/1403/1346 664/719/664 665/718/665
f 1348/1633/1348 1085/1421/1085 1081/1401/1081 1347/1404/1347
f 1315/1622/1315 1088/1422/1088 1085/1421/1085 1348/1633/1348
f 1352/1634/1352 313/814/313 538/817/538 1353/1635/1353
f 217/1636/217 1350/1637/1350 1349/1638/1349 311/1639/311
f 1094/1434/1094 1485/1632/1485 1267/1564/1267 1299/1595/1299
f 1356/1640/1356 1418/1641/1418 1419/662/1419 599/661/599
f 1358/1642/1358 301/247/301 597/246/597 598/660/598
f 587/657/587 301/247/301 1358/1642/1358 1359/1643/1359
f 1363/1644/1363 1299/1595/1299 691/855/691 1264/854/1264
f 1094/1434/1094 1299/1595/1299 1363/1644/1363 1360/1435/1360
f 1364/1645/1364 1363/1644/1363 1264/854/1264 334/1555/334
f 1364/1645/1364 690/1646/690 1360/1435/1360 1363/1644/1363
f 1369/1647/1369 1322/1629/1322 1323/1630/1323 1368/1648/1368
f 1368/1648/1368 1323/1630/1323 1324/1631/1324 1367/1649/1367
f 690/1646/690 1365/1650/1365 1361/1436/1361 1360/1435/1360
f 1365/1650/1365 1366/1651/1366 1362/1439/1362 1361/1436/1361
f 1355/1652/1355 1368/1648/1368 1367/1649/1367 1359/1643/1359
f 1371/297/1371 1370/296/1370 219/273/219 318/272/318
f 320/275/320 1372/284/1372 1371/297/1371 318/272/318
f 1373/285/1373 1372/284/1372 320/275/320 319/274/319
f 1374/279/1374 1373/285/1373 319/274/319 594/277/594
f 1375/280/1375 1374/279/1374 594/277/594 321/276/321
f 1376/652/1376 1375/280/1375 321/276/321 584/1438/584
f 1377/941/1377 1376/652/1376 584/1438/584 323/1653/323
f 1378/1654/1378 323/1653/323 690/1646/690 1364/1645/1364
f 334/1555/334 1255/945/1255 1378/1654/1378 1364/1645/1364
f 1255/945/1255 730/948/730 1379/1655/1379 1378/1654/1378
f 1248/949/1248 333/952/333 1304/1603/1304 1380/1656/1380
f 1380/1656/1380 1379/1655/1379 730/948/730 1248/949/1248
f 731/942/731 1377/941/1377 1379/1655/1379 1380/1656/1380
f 1377/941/1377 323/1653/323 1378/1654/1378 1379/1655/1379
f 1381/1657/1381 1365/1650/1365 690/1646/690 323/1653/323
f 315/1432/315 1382/1658/1382 1367/1649/1367 1324/1631/1324
f 1359/1643/1359 1367/1649/1367 1382/1658/1382 587/657/587
f 3100/1659/3100 3101/663/3101 601/592/601 1383/1660/1383
f 535/591/535 1384/1661/1384 1383/1660/1383 601/592/601
f 1384/1661/1384 1385/1662/1385 310/1663/310 1383/1660/1383
f 311/1639/311 1349/1638/1349 1351/1664/1351 309/1665/309
f 1407/1666/1407 1352/1634/1352 1353/1635/1353 1406/1667/1406
f 536/594/536 1386/1668/1386 1384/1661/1384 535/591/535
f 1386/1668/1386 536/594/536 316/596/316 1387/1669/1387
f 1322/1629/1322 1369/1647/1369 1387/1669/1387 316/596/316
f 586/654/586 587/657/587 1382/1658/1382 1388/1670/1388
f 314/1431/314 1388/1670/1388 1382/1658/1382 315/1432/315
f 586/654/586 1388/1670/1388 1389/1671/1389 585/655/585
f 1362/1439/1362 1389/1671/1389 1388/1670/1388 314/1431/314
f 584/1438/584 1096/1437/1096 1381/1657/1381 323/1653/323
f 1366/1651/1366 1365/1650/1365 1381/1657/1381 1390/1672/1390
f 1390/1672/1390 1381/1657/1381 1096/1437/1096 1097/1440/1097
f 1391/1673/1391 1098/1442/1098 585/655/585 1389/1671/1389
f 1097/1440/1097 1098/1442/1098 1391/1673/1391 1390/1672/1390
f 1391/1673/1391 1366/1651/1366 1390/1672/1390
f 1391/1673/1391 1389/1671/1389 1362/1439/1362 1366/1651/1366
f 663/714/663 1439/1674/1439 1440/1675/1440 662/715/662
f 1310/1616/1310 1315/1622/1315 1348/1633/1348 660/726/660
f 725/1524/725 702/1428/702 726/1562/726
f 309/1665/309 1351/1664/1351 1352/1634/1352 1407/1666/1407
f 310/1663/310 1406/1667/1406 1353/1635/1353 3100/1659/3100
f 1167/1120/1167 874/1136/874 875/1132/875 863/1121/863
f 1392/1589/1392 1290/1590/1290 1283/1582/1283 1393/1574/1393
f 1284/1581/1284 1394/1573/1394 1393/1574/1393 1283/1582/1283
f 1285/1585/1285 1395/1575/1395 1394/1573/1394 1284/1581/1284
f 1396/1576/1396 1395/1575/1395 1285/1585/1285 1286/1586/1286
f 1279/1196/1279 1396/1576/1396 1286/1586/1286 1287/1592/1287
f 1288/1588/1288 1279/1196/1279 1287/1592/1287 1289/1587/1289
f 1392/1589/1392 1282/1579/1282 1274/1572/1274 1290/1590/1290
f 1402/1676/1402 1397/1677/1397 1398/1678/1398 1401/1679/1401
f 879/1141/879 1398/1678/1398 1397/1677/1397 913/1570/913
f 1403/1680/1403 939/1681/939 1397/1677/1397 1402/1676/1402
f 1282/1579/1282 1392/1589/1392 1280/1577/1280
f 939/1681/939 1399/1682/1399 913/1570/913 1397/1677/1397
f 908/1565/908 1268/1172/1268 1281/1578/1281 1400/1683/1400
f 908/1565/908 1400/1683/1400 1399/1682/1399 939/1681/939
f 1399/1682/1399 1292/1568/1292 1271/1566/1271 913/1570/913
f 1292/1568/1292 1399/1682/1399 1400/1683/1400 912/1554/912
f 912/1554/912 1400/1683/1400 1281/1578/1281 1254/1186/1254
f 914/1187/914 1402/1676/1402 1401/1679/1401 880/1188/880
f 938/1216/938 1403/1680/1403 1402/1676/1402 914/1187/914
f 901/1168/901 915/1177/915 880/1188/880 1401/1679/1401
f 1401/1679/1401 1398/1678/1398 900/1140/900 901/1168/901
f 915/1177/915 916/1189/916 880/1188/880
f 1398/1678/1398 879/1141/879 900/1140/900
f 937/1214/937 926/1199/926 931/1203/931 933/1206/933
f 909/1215/909 908/1565/908 939/1681/939 1403/1680/1403
f 909/1215/909 1403/1680/1403 938/1216/938
f 926/1199/926 2831/1200/2831 929/1204/929 931/1203/931
f 1270/1213/1270 935/1207/935 927/1197/927
f 1304/1603/1304 731/942/731 1380/1656/1380
f 660/726/660 1348/1633/1348 1439/1674/1439 663/714/663
f 662/715/662 1440/1675/1440 1347/1404/1347 665/718/665
f 1162/309/1162 1404/1500/1404 512/996/512 340/306/340
f 877/1137/877 864/1239/864 969/1125/969 876/1135/876
f 864/1239/864 877/1137/877 1486/1684/1486 1487/1604/1487
f 1486/1684/1486 877/1137/877 874/1136/874 865/1685/865
f 862/1119/862 865/1685/865 874/1136/874 1167/1120/1167
f 217/1636/217 311/1639/311 1409/1686/1409 1408/1687/1408
f 311/1639/311 309/1665/309 1410/1688/1410 1409/1686/1409
f 1412/1689/1412 1407/1666/1407 1406/1667/1406 1411/1690/1411
f 1407/1666/1407 1412/1689/1412 1410/1688/1410 309/1665/309
f 1384/1661/1384 1386/1668/1386 1354/1691/1354 1385/1662/1385
f 1357/1692/1357 600/1693/600 1385/1662/1385 1354/1691/1354
f 1385/1662/1385 600/1693/600 1413/1694/1413 310/1663/310
f 310/1663/310 1413/1694/1413 1411/1690/1411 1406/1667/1406
f 1354/1691/1354 1386/1668/1386 1387/1669/1387 1414/1695/1414
f 1369/1647/1369 1415/1696/1415 1414/1695/1414 1387/1669/1387
f 1415/1696/1415 1369/1647/1369 1368/1648/1368 1355/1652/1355
f 1357/1692/1357 1356/1640/1356 599/661/599 600/1693/600
f 216/260/216 1408/1687/1408 1409/1686/1409 308/261/308
f 308/261/308 1409/1686/1409 1410/1688/1410 306/256/306
f 1417/1697/1417 1412/1689/1412 1411/1690/1411 1416/1698/1416
f 600/1693/600 599/661/599 307/257/307 1413/1694/1413
f 306/256/306 1417/1697/1417 1416/1698/1416 307/257/307
f 1418/1641/1418 1358/1642/1358 598/660/598 1419/662/1419
f 1420/258/1420 1419/662/1419 598/660/598 304/254/304
f 1421/259/1421 1420/258/1420 304/254/304 305/255/305
f 1422/262/1422 1421/259/1421 305/255/305 303/253/303
f 1423/263/1423 1422/262/1422 303/253/303 215/252/215
f 1359/1643/1359 1358/1642/1358 1418/1641/1418 1355/1652/1355
f 1356/1640/1356 1415/1696/1415 1355/1652/1355 1418/1641/1418
f 1357/1692/1357 1414/1695/1414 1415/1696/1415 1356/1640/1356
f 1357/1692/1357 1354/1691/1354 1414/1695/1414
f 1413/1694/1413 307/257/307 1416/1698/1416 1411/1690/1411
f 1412/1689/1412 1417/1697/1417 306/256/306 1410/1688/1410
f 822/1699/822 2871/1700/2871 1425/1701/1425 3145/1702/3145
f 1427/1703/1427 821/1078/821 1424/1704/1424 1426/1705/1426
f 1425/1701/1425 807/1272/807 999/1278/999 1426/1705/1426
f 1235/1279/1235 1427/1703/1427 1426/1705/1426 999/1278/999
f 2871/1700/2871 2872/1273/2872 807/1272/807 1425/1701/1425
f 1427/1703/1427 1235/1279/1235 806/1282/806 821/1078/821
f 3145/1702/3145 797/1073/797 822/1699/822
f 794/1064/794 1424/1704/1424 821/1078/821
f 1118/1462/1118 1428/1459/1428 1203/1461/1203 548/750/548
f 1106/1450/1106 1429/456/1429 1428/1459/1428 1118/1462/1118
f 1430/457/1430 1429/456/1429 1106/1450/1106 1107/1449/1107
f 1431/459/1431 1430/457/1430 1107/1449/1107 1108/1451/1108
f 1109/1452/1109 1432/463/1432 1431/459/1431 1108/1451/1108
f 3109/1453/3109 3110/460/3110 1432/463/1432 1109/1452/1109
f 1434/467/1434 1433/466/1433 1110/1455/1110 1111/1454/1111
f 1171/1457/1171 1435/474/1435 1434/467/1434 1111/1454/1111
f 1436/475/1436 1435/474/1435 1171/1457/1171 1112/1456/1112
f 1437/729/1437 1436/475/1436 1112/1456/1112 1113/1458/1113
f 1113/1458/1113 1210/1534/1210 1438/1532/1438 1437/729/1437
f 1210/1534/1210 1192/1533/1192 1191/1527/1191 1438/1532/1438
f 492/604/492 548/750/548 1203/1461/1203 1204/1413/1204
f 1192/1533/1192 485/773/485 1114/753/1114 1191/1527/1191
f 1439/1674/1439 1348/1633/1348 1347/1404/1347 1440/1675/1440
f 1441/1706/1441 672/774/672 670/766/670 669/771/669
f 669/771/669 484/762/484 671/770/671 1441/1706/1441
f 671/770/671 1183/1518/1183 1442/1707/1442 1441/1706/1441
f 1441/1706/1441 1442/1707/1442 511/776/511 672/774/672
f 1183/1518/1183 1316/1625/1316 1443/1708/1443 1442/1707/1442
f 1442/1707/1442 1443/1708/1443 699/1709/699 511/776/511
f 265/819/265 264/1710/264 699/1709/699 717/820/717
f 1443/1708/1443 1444/1711/1444 717/820/717 699/1709/699
f 1316/1625/1316 1317/1624/1317 1444/1711/1444 1443/1708/1443
f 1317/1624/1317 1318/1627/1318 1445/1712/1445 1444/1711/1444
f 1444/1711/1444 1445/1712/1445 312/821/312 717/820/717
f 828/1713/828 1446/1482/1446 1147/1063/1147 786/1714/786
f 3137/1715/3137 3138/1483/3138 1446/1482/1446 828/1713/828
f 255/1716/255 1448/1484/1448 1447/1485/1447 801/1717/801
f 228/1718/228 1449/1486/1449 1448/1487/1448 255/1719/255
f 1450/1488/1450 1449/1486/1449 228/1718/228 963/1720/963
f 1451/1489/1451 1450/1488/1450 963/1720/963 1119/1721/1119
f 1452/1490/1452 1451/1489/1451 1119/1721/1119 229/1722/229
f 1453/1491/1453 1452/1490/1452 229/1722/229 241/1723/241
f 241/1723/241 227/1724/227 1454/1492/1454 1453/1491/1453
f 1455/1493/1455 1454/1492/1454 227/1724/227 962/1725/962
f 1456/1494/1456 1455/1493/1455 962/1725/962 226/1726/226
f 1457/1495/1457 1456/1494/1456 226/1726/226 224/1727/224
f 1458/1497/1458 2787/1496/2787 2788/1728/2788 225/1729/225
f 225/1729/225 222/1730/222 1459/1498/1459 1458/1497/1458
f 1461/1499/1461 1459/1498/1459 222/1730/222 1460/1731/1460
f 1405/1501/1405 1404/1500/1404 1162/309/1162 223/1732/223
f 1162/309/1162 1461/1499/1461 1460/1731/1460 223/1732/223
f 261/1733/261 1463/775/1463 1462/777/1462 247/1734/247
f 1463/775/1463 261/1733/261 3029/1735/3029 3030/1736/3030
f 1465/768/1465 1464/767/1464 3022/1737/3022 3023/1738/3023
f 3023/1738/3023 3024/1739/3024 1466/433/1466 1465/768/1465
f 3024/1739/3024 3025/1740/3025 1467/434/1467 1466/433/1466
f 3025/1740/3025 3026/1741/3026 1468/425/1468 1467/434/1467
f 3026/1741/3026 3027/1742/3027 1469/426/1469 1468/425/1468
f 239/1743/239 2849/1744/2849 3027/1742/3027 267/1745/267
f 2849/1744/2849 239/1743/239 237/1746/237 2838/1747/2838
f 2837/1748/2837 2838/1747/2838 237/1746/237 238/1749/238
f 2836/1750/2836 2837/1748/2837 238/1749/238 235/1751/235
f 2835/1752/2835 2836/1750/2836 235/1751/235 1005/1753/1005
f 2834/1754/2834 2932/1755/2932 2933/1756/2933 2765/1757/2765
f 246/1758/246 2832/1759/2832 2833/1760/2833 236/1761/236
f 1476/530/1476 2832/1759/2832 2848/1762/2848 1477/529/1477
f 244/1763/244 1478/527/1478 1477/529/1477 245/1764/245
f 264/1710/264 1479/1765/1479 1480/1766/1480 699/1709/699
f 1479/1765/1479 247/1734/247 1462/777/1462 1480/1766/1480
f 1351/1664/1351 1482/1767/1482 1483/1768/1483 1352/1634/1352
f 1350/1637/1350 218/818/218 312/821/312 1349/1638/1349
f 1482/1767/1482 1351/1664/1351 1349/1638/1349 1481/1769/1481
f 1318/1627/1318 1482/1767/1482 1481/1769/1481 1445/1712/1445
f 1483/1768/1483 1482/1767/1482 1318/1627/1318 1321/1628/1321
f 1445/1712/1445 1481/1769/1481 1349/1638/1349 312/821/312
f 313/814/313 1352/1634/1352 1483/1768/1483 1321/1628/1321
f 1478/527/1478 1496/1770/1496 481/738/481 495/528/495
f 841/1481/841 786/1714/786 1147/1063/1147 840/1053/840
f 1480/1766/1480 1462/777/1462 511/776/511 699/1709/699
f 856/1113/856 860/1117/860 872/1130/872 868/1128/868
f 1484/1596/1484 1266/1563/1266 1267/1564/1267 1485/1632/1485
f 3081/1771/3081 1486/1684/1486 865/1685/865 853/1772/853
f 3080/1773/3080 3081/1771/3081 853/1772/853 562/1774/562
f 852/1241/852 1488/1775/1488 1305/1606/1305 561/1240/561
f 3080/1776/3080 562/734/562 545/733/545 3079/1609/3079
f 848/1115/848 556/1091/556 847/1094/847
f 1490/1322/1490 1489/1321/1489 564/636/564 568/635/568
f 566/749/566 3179/1777/3179 3180/1778/3180 567/637/567
f 570/639/570 569/638/569 573/1324/573
f 1490/1322/1490 1491/1779/1491 1492/1780/1492 1017/1323/1017
f 1491/1779/1491 1016/1319/1016 2860/1320/2860
f 1491/1779/1491 1490/1322/1490 568/635/568 1016/1319/1016
f 3176/1781/3176 3179/1777/3179 566/749/566 565/1782/565
f 499/1783/499 1493/739/1493 481/738/481 1495/1784/1495
f 501/741/501 1494/745/1494 1493/748/1493 499/742/499
f 234/1785/234 3060/1786/3060 1496/1770/1496 243/1787/243
f 244/1763/244 243/1787/243 1496/1770/1496 1478/527/1478
f 1497/1788/1497 1495/1784/1495 481/738/481 1496/1770/1496
f 1507/503/1507 1499/509/1499 1498/512/1498 1506/504/1506
f 1500/514/1500 1499/509/1499 1507/503/1507 1508/1789/1508
f 2770/1294/2770 2927/1293/2927 2928/1290/2928 2769/1289/2769
f 1502/518/1502 1501/517/1501 1509/502/1509 1510/501/1510
f 1503/520/1503 1502/518/1502 1510/501/1510 1511/500/1511
f 1511/1790/1511 1512/1791/1512 1504/539/1504 1503/538/1503
f 1505/640/1505 1504/539/1504 1512/1791/1512 571/1792/571
f 233/1463/233 3054/1466/3054 3060/1786/3060 234/1785/234
f 1498/512/1498 404/511/404 406/508/406 494/507/494
f 1007/414/1007 1508/1789/1508 1507/503/1507 422/415/422
f 1512/1791/1512 1511/1790/1511 417/537/417 507/536/507
f 571/1792/571 1512/1791/1512 507/536/507 570/639/570
f 428/421/428 1506/504/1506 1513/1793/1513 429/419/429
f 1513/1793/1513 1506/504/1506 1498/512/1498 494/507/494
f 429/419/429 1513/1793/1513 1514/1794/1514 425/416/425
f 1514/1794/1514 1513/1793/1513 494/507/494 493/506/493
f 1515/610/1515 739/546/739 425/416/425 1514/1794/1514
f 740/781/740 1515/610/1515 1514/1794/1514 493/506/493
f 480/1503/480 1495/1784/1495 1497/1788/1497 1135/392/1135
f 1516/1795/1516 480/1503/480 3172/1502/3172 3173/1796/3173
f 1517/744/1517 1516/743/1516 3173/1797/3173 3174/1798/3174
f 480/1503/480 1516/1795/1516 499/1783/499 1495/1784/1495
f 565/1782/565 501/741/501 1517/744/1517 3186/1799/3186
f 1494/745/1494 566/749/566 503/746/503
f 1515/610/1515 740/781/740 1223/784/1223 1518/611/1518
f 1519/787/1519 1518/611/1518 1223/784/1223 552/803/552
f 1520/788/1520 1519/787/1519 552/803/552 551/802/551
f 1206/1531/1206 1521/1529/1521 1520/788/1520 551/802/551
f 1522/1530/1522 1521/1529/1521 1206/1531/1206 1207/1610/1207
f 1207/1610/1207 1308/732/1308 1523/1611/1523 1522/1530/1522
f 1524/1612/1524 1523/1611/1523 1308/732/1308 1307/735/1307
f 1307/735/1307 562/734/562 1525/1613/1525 1524/1612/1524
f 1526/1106/1526 1525/1105/1525 562/1774/562 853/1772/853
f 862/1119/862 1526/1106/1526 853/1772/853 865/1685/865
f 572/641/572 1505/640/1505 571/1792/571 1492/1780/1492
f 1017/1323/1017 571/1792/571 570/639/570 573/1324/573
f 571/1792/571 1017/1323/1017 1492/1780/1492
f 2982/1800/2982 1530/1801/1530 1529/1802/1529 2981/1803/2981
f 1531/1804/1531 1534/1805/1534 3010/1806/3010 3011/1807/3011
f 1529/1802/1529 1536/1808/1536 2980/1809/2980 2981/1803/2981
f 3009/1810/3009 1540/1811/1540 1539/1812/1539 3008/1813/3008
f 3008/1813/3008 1539/1812/1539 1542/1814/1542 3007/1815/3007
f 3007/1815/3007 1542/1814/1542 252/1816/252 3006/1817/3006
f 1530/1801/1530 1544/1818/1544 1543/1819/1543 1529/1802/1529
f 1545/1820/1545 1548/1821/1548 1547/1822/1547 1546/1823/1546
f 1100/1824/1100 213/1825/213 1550/1826/1550 1549/1827/1549
f 1551/1828/1551 214/1829/214 212/1830/212 1552/1831/1552
f 1553/1832/1553 1556/1833/1556 1555/1834/1555 1554/1835/1554
f 1557/1836/1557 1560/1837/1560 1559/1838/1559 1558/1839/1558
f 1545/1820/1545 1562/1840/1562 1561/1841/1561 1548/1821/1548
f 262/1842/262 1563/1843/1563 1550/1826/1550 213/1825/213
f 1551/1828/1551 1564/1844/1564 215/1845/215 214/1829/214
f 1565/1846/1565 1566/1847/1566 1556/1833/1556 1553/1832/1553
f 1567/1848/1567 1570/1849/1570 1569/1850/1569 1568/1851/1568
f 216/1852/216 1423/1853/1423 1572/1854/1572 1571/1855/1571
f 1573/1856/1573 1576/1857/1576 1575/1858/1575 1574/1859/1574
f 1562/1840/1562 1578/1860/1578 1577/1861/1577 1561/1841/1561
f 263/1862/263 1579/1863/1579 1563/1843/1563 262/1842/262
f 1580/1864/1580 1579/1863/1579 263/1862/263 219/1865/219
f 1581/1866/1581 1577/1861/1577 1578/1860/1578 1582/1867/1582
f 1583/1868/1583 1575/1858/1575 1576/1857/1576 1584/1869/1584
f 1585/1870/1585 1588/1871/1588 1587/1872/1587 1586/1873/1586
f 1589/1874/1589 1592/1875/1592 1591/1876/1591 1590/1877/1590
f 1593/1878/1593 1596/1879/1596 1595/1880/1595 1594/1881/1594
f 947/1882/947 1598/1883/1598 1597/1884/1597 220/1885/220
f 1599/1886/1599 1600/1887/1600 1370/1888/1370 266/1889/266
f 1601/1890/1601 1604/1891/1604 1603/1892/1603 1602/1893/1602
f 1605/1894/1605 1608/1895/1608 1607/1896/1607 1606/1897/1606
f 1609/1898/1609 1612/1899/1612 1611/1900/1611 1610/1901/1610
f 1613/1902/1613 1614/1903/1614 1610/1901/1610 1611/1900/1611
f 1614/1903/1614 1613/1902/1613 2790/1904/2790 2791/1905/2791
f 1617/1906/1617 1620/1907/1620 1619/1908/1619 1618/1909/1618
f 1621/1910/1621 2792/1911/2792 2793/1912/2793 1622/1913/1622
f 1608/1895/1608 1621/1910/1621 1622/1913/1622 1607/1896/1607
f 1622/1913/1622 1624/1914/1624 1623/1915/1623 1607/1896/1607
f 2793/1912/2793 2794/1916/2794 1624/1914/1624 1622/1913/1622
f 1619/1908/1619 1626/1917/1626 1625/1918/1625 1618/1909/1618
f 1627/1919/1627 1628/1920/1628 1626/1917/1626 1619/1908/1619
f 1620/1907/1620 1629/1921/1629 1627/1919/1627 1619/1908/1619
f 1630/1922/1630 1615/1923/1615 1616/1924/1616 1631/1925/1631
f 1632/1926/1632 1630/1922/1630 1631/1925/1631 1633/1927/1633
f 1634/1928/1634 1637/1929/1637 1636/1930/1636 1635/1931/1635
f 1638/1932/1638 1641/1933/1641 1640/1934/1640 1639/1935/1639
f 1640/1934/1640 1643/1936/1643 1642/1937/1642 1639/1935/1639
f 1644/1938/1644 1647/1939/1647 1646/1940/1646 1645/1941/1645
f 1648/1942/1648 1651/1943/1651 1650/1944/1650 1649/1945/1649
f 3152/1946/3152 1655/1947/1655 1654/1948/1654 3151/1949/3151
f 1656/1950/1656 1659/1951/1659 1658/1952/1658 1657/1953/1657
f 1660/1954/1660 1663/1955/1663 1662/1956/1662 1661/1957/1661
f 1664/1958/1664 1665/1959/1665 1662/1956/1662 1663/1955/1663
f 1666/1960/1666 1669/1961/1669 1668/1962/1668 1667/1963/1667
f 1670/1964/1670 1673/1965/1673 1672/1966/1672 1671/1967/1671
f 1674/1968/1674 1677/1969/1677 3154/1970/3154 3155/1971/3155
f 2752/1972/2752 2753/1973/2753 1680/1974/1680 1679/1975/1679
f 1682/1976/1682 1683/1977/1683 1681/1978/1681 1678/1979/1678
f 1684/1980/1684 1687/1981/1687 1686/1982/1686 1685/1983/1685
f 3157/1984/3157 1691/1985/1691 1690/1986/1690 3156/1987/3156
f 1692/1988/1692 1695/1989/1695 1694/1990/1694 1693/1991/1693
f 1680/1974/1680 2753/1973/2753 2754/1992/2754 1696/1993/1696
f 1702/1994/1702 1705/1995/1705 1704/1996/1704 1703/1997/1703
f 1706/1998/1706 1709/1999/1709 1708/2000/1708 1707/2001/1707
f 1710/2002/1710 1706/1998/1706 1707/2001/1707 1711/2003/1711
f 1712/2004/1712 1715/2005/1715 3073/2006/3073 1713/2007/1713
f 1716/2008/1716 1719/2009/1719 1718/2010/1718 1717/2011/1717
f 1720/2012/1720 1718/2010/1718 1719/2009/1719 1721/2013/1721
f 1718/2010/1718 1720/2012/1720 1723/2014/1723 1722/2015/1722
f 1717/2011/1717 1718/2010/1718 1722/2015/1722 1724/2016/1724
f 1725/2017/1725 1728/2018/1728 1727/2019/1727 1726/2020/1726
f 1729/2021/1729 1732/2022/1732 1731/2023/1731 1730/2024/1730
f 1733/2025/1733 1736/2026/1736 1735/2027/1735 1734/2028/1734
f 1737/2029/1737 1740/2030/1740 1739/2031/1739 1738/2032/1738
f 3123/2033/3123 1744/2034/1744 1743/2035/1743 3122/2036/3122
f 1745/2037/1745 1746/2038/1746 1740/2030/1740 1737/2029/1737
f 1747/2039/1747 1745/2037/1745 1737/2029/1737 1748/2040/1748
f 1749/2041/1749 1750/2042/1750 1745/2037/1745 1747/2039/1747
f 1750/2042/1750 1751/2043/1751 1746/2038/1746 1745/2037/1745
f 3122/2036/3122 1743/2035/1743 1753/2044/1753 3121/2045/3121
f 1754/2046/1754 1757/2047/1757 1756/2048/1756 1755/2049/1755
f 1758/2050/1758 1759/2051/1759 1757/2047/1757 1754/2046/1754
f 3119/2052/3119 1763/2053/1763 1762/2054/1762 3118/2055/3118
f 1764/2056/1764 1765/2057/1765 1760/2058/1760 1761/2059/1761
f 1752/2060/1752 1767/2061/1767 1766/2062/1766 1742/2063/1742
f 1768/2064/1768 1771/2065/1771 1770/2066/1770 1769/2067/1769
f 1637/1929/1637 1634/1928/1634 1773/2068/1773 1772/2069/1772
f 1641/1933/1641 1775/2070/1775 1774/2071/1774 1640/1934/1640
f 1774/2071/1774 1776/2072/1776 1643/1936/1643 1640/1934/1640
f 1666/1960/1666 1778/2073/1778 1777/2074/1777 1669/1961/1669
f 1779/2075/1779 1672/1966/1672 1673/1965/1673 1780/2076/1780
f 3154/1970/3154 1677/1969/1677 1782/2077/1782 3153/2078/3153
f 1655/1947/1655 1658/1952/1658 1659/1951/1659 1654/1948/1654
f 1677/1969/1677 1672/1966/1672 1779/2075/1779 1782/2077/1782
f 1674/1968/1674 1671/1967/1671 1672/1966/1672 1677/1969/1677
f 1691/1985/1691 1694/1990/1694 1695/1989/1695 1690/1986/1690
f 1783/2079/1783 1786/2080/1786 1785/2081/1785 1784/2082/1784
f 1720/2012/1720 1707/2001/1707 1708/2000/1708 1723/2014/1723
f 1707/2001/1707 1720/2012/1720 1721/2013/1721 1711/2003/1711
f 1705/1995/1705 1702/1994/1702 1788/2083/1788 1787/2084/1787
f 1705/1995/1705 1790/2085/1790 1789/2086/1789 1704/1996/1704
f 1787/2084/1787 1791/2087/1791 1790/2085/1790 1705/1995/1705
f 1721/2013/1721 1793/2088/1793 1792/2089/1792 1711/2003/1711
f 1794/2090/1794 1797/2091/1797 1796/2092/1796 1795/2093/1795
f 1798/2094/1798 1801/2095/1801 1800/2096/1800 1799/2097/1799
f 1802/2098/1802 1803/2099/1803 1798/2094/1798 1799/2097/1799
f 1804/2100/1804 1807/2101/1807 1806/2102/1806 1805/2103/1805
f 1808/2104/1808 1809/2105/1809 1807/2101/1807 1804/2100/1804
f 1810/2106/1810 1702/1994/1702 1703/1997/1703 1811/2107/1811
f 3095/2108/3095 3099/2109/3099 1699/2110/1699 3071/2111/3071
f 1816/2112/1816 1815/2113/1815 1814/2114/1814 1810/2106/1810
f 1817/2115/1817 1702/1994/1702 1810/2106/1810 1814/2114/1814
f 1817/2115/1817 1818/2116/1818 1788/2083/1788 1702/1994/1702
f 3097/2117/3097 1820/2118/1820 1819/2119/1819 1698/2120/1698
f 1811/2121/1811 1703/2122/1703 1822/2123/1822 1821/2124/1821
f 1822/2123/1822 1703/2122/1703 1704/2125/1704 1823/2126/1823
f 1809/2127/1809 1808/2128/1808 1825/2129/1825 1824/2130/1824
f 1701/2131/1701 1698/2120/1698 1819/2119/1819 1826/2132/1826
f 1727/2019/1727 1728/2018/1728 1828/2133/1828 1827/2134/1827
f 1610/1901/1610 1608/1895/1608 1605/1894/1605 1609/1898/1609
f 1614/1903/1614 1621/1910/1621 1608/1895/1608 1610/1901/1610
f 2791/1905/2791 2792/1911/2792 1621/1910/1621 1614/1903/1614
f 1630/1922/1630 1620/1907/1620 1617/1906/1617 1615/1923/1615
f 1632/1926/1632 1629/1921/1629 1620/1907/1620 1630/1922/1630
f 1637/1929/1637 1641/1933/1641 1638/1932/1638 1636/1930/1636
f 1772/2069/1772 1775/2070/1775 1641/1933/1641 1637/1929/1637
f 1649/1945/1649 1647/1939/1647 1644/1938/1644 1648/1942/1648
f 1624/1914/1624 1830/2135/1830 1829/2136/1829 1623/1915/1623
f 2795/2137/2795 1830/2135/1830 1624/1914/1624 2794/1916/2794
f 1831/2138/1831 1625/1918/1625 1626/1917/1626 1832/2139/1832
f 1628/1920/1628 1833/2140/1833 1832/2139/1832 1626/1917/1626
f 2908/2141/2908 1837/2142/1837 1836/2143/1836 2907/2144/2907
f 2750/2145/2750 2909/2146/2909 2910/2147/2910 1838/2148/1838
f 2911/2149/2911 1841/2150/1841 1838/2148/1838 2910/2147/2910
f 1730/2024/1730 1731/2023/1731 1843/2151/1843 1842/2152/1842
f 1740/2030/1740 1744/2034/1744 1844/2153/1844 1739/2031/1739
f 1746/2038/1746 1743/2035/1743 1744/2034/1744 1740/2030/1740
f 1751/2043/1751 1753/2044/1753 1743/2035/1743 1746/2038/1746
f 1763/2053/1763 1759/2051/1759 1758/2050/1758 1762/2054/1762
f 1845/2154/1845 1848/2155/1848 1847/2156/1847 1846/2157/1846
f 1849/2158/1849 1852/2159/1852 1851/2160/1851 1850/2161/1850
f 1853/2162/1853 1856/2163/1856 1855/2164/1855 1854/2165/1854
f 1857/2166/1857 1325/2167/1325 1055/2168/1055 1858/2169/1858
f 1536/1808/1536 1529/1802/1529 1543/1819/1543 1859/2170/1859
f 1860/2171/1860 1861/2172/1861 1534/1805/1534 1531/1804/1531
f 1862/2173/1862 1863/2174/1863 1539/1812/1539 1540/1811/1540
f 1542/1814/1542 1864/2175/1864 251/2176/251 252/1816/252
f 1863/2174/1863 1864/2175/1864 1542/1814/1542 1539/1812/1539
f 1858/2169/1858 1853/2162/1853 1854/2165/1854 1857/2166/1857
f 1593/1878/1593 1597/1884/1597 1598/1883/1598 1596/1879/1596
f 1591/1876/1591 1600/1887/1600 1599/1886/1599 1590/1877/1590
f 1578/1860/1578 1579/1863/1579 1580/1864/1580 1582/1867/1582
f 1550/1826/1550 1545/1820/1545 1546/1823/1546 1549/1827/1549
f 1556/1833/1556 1551/1828/1551 1552/1831/1552 1555/1834/1555
f 1566/1847/1566 1564/1844/1564 1551/1828/1551 1556/1833/1556
f 1571/1855/1571 1572/1854/1572 1570/1849/1570 1567/1848/1567
f 1865/2177/1865 1868/2178/1868 1867/2179/1867 1866/2180/1866
f 1869/2181/1869 1870/2182/1870 1865/2177/1865 1866/2180/1866
f 1871/2183/1871 1872/2184/1872 1870/2182/1870 1869/2181/1869
f 1873/2185/1873 1876/2186/1876 1875/2187/1875 1874/2188/1874
f 1876/2186/1876 1873/2185/1873 1878/2189/1878 1877/2190/1877
f 1748/2040/1748 1880/2191/1880 1879/2192/1879 1747/2039/1747
f 1881/2193/1881 1884/2194/1884 1883/2195/1883 1882/2196/1882
f 1827/2134/1827 1828/2133/1828 1886/2197/1886 1885/2198/1885
f 1877/2190/1877 1888/2199/1888 1887/2200/1887 1876/2186/1876
f 1876/2186/1876 1887/2200/1887 1889/2201/1889 1875/2187/1875
f 1890/2202/1890 1893/2203/1893 3116/2204/3116 3117/2205/3117
f 1894/2206/1894 1897/2207/1897 1896/2208/1896 1895/2209/1895
f 1895/2209/1895 1896/2208/1896 1899/2210/1899 1898/2211/1898
f 1900/2212/1900 1903/2213/1903 1902/2214/1902 1901/2215/1901
f 1891/2216/1891 1892/2217/1892 1905/2218/1905 1904/2219/1904
f 1898/2211/1898 1899/2210/1899 1893/2203/1893 1890/2202/1890
f 1881/2193/1881 1906/2220/1906 1897/2207/1897 1884/2194/1884
f 1820/2118/1820 1908/2221/1908 1907/2222/1907 1819/2119/1819
f 1821/2124/1821 1822/2123/1822 1910/2223/1910 1909/2224/1909
f 1823/2126/1823 1911/2225/1911 1910/2223/1910 1822/2123/1822
f 1825/2129/1825 1913/2226/1913 1912/2227/1912 1824/2130/1824
f 1916/2228/1916 1915/2229/1915 1914/2230/1914 1917/2231/1917
f 1647/1939/1647 1919/2232/1919 1918/2233/1918 1646/1940/1646
f 1920/2234/1920 1919/2232/1919 1647/1939/1647 1649/1945/1649
f 1650/1944/1650 1921/2235/1921 1920/2234/1920 1649/1945/1649
f 3011/1807/3011 2980/1809/2980 1536/1808/1536 1531/1804/1531
f 1860/2171/1860 1531/1804/1531 1536/1808/1536 1859/2170/1859
f 1852/2159/1852 1845/2154/1845 1846/2157/1846 1851/2160/1851
f 1601/1890/1601 1602/1893/1602 1923/2236/1923 1922/2237/1922
f 1588/1871/1588 1925/2238/1925 1924/2239/1924 1587/1872/1587
f 1926/2240/1926 1557/1836/1557 1928/2241/1928 1927/2242/1927
f 1929/2243/1929 1560/1837/1560 1557/1836/1557 1926/2240/1926
f 3010/1806/3010 1534/1805/1534 1540/1811/1540 3009/1810/3009
f 1534/1805/1534 1861/2172/1861 1862/2173/1862 1540/1811/1540
f 1856/2163/1856 1849/2158/1849 1850/2161/1850 1855/2164/1855
f 1603/1892/1603 1604/1891/1604 1594/1881/1594 1595/1880/1595
f 1589/1874/1589 1585/1870/1585 1586/1873/1586 1592/1875/1592
f 1584/1869/1584 1576/1857/1576 1577/1861/1577 1581/1866/1581
f 1561/1841/1561 1577/1861/1577 1576/1857/1576 1573/1856/1573
f 1548/1821/1548 1561/1841/1561 1573/1856/1573 1930/2244/1930
f 1931/2245/1931 1547/1822/1547 1548/1821/1548 1930/2244/1930
f 1559/1838/1559 1553/1832/1553 1554/1835/1554 1558/1839/1558
f 1932/2246/1932 1565/1846/1565 1553/1832/1553 1559/1838/1559
f 1933/2247/1933 1568/1851/1568 1569/1850/1569 1934/2248/1934
f 1867/2179/1867 1868/2178/1868 3127/2249/3127 3128/2250/3128
f 1842/2152/1842 1843/2151/1843 3125/2251/3125 3126/2252/3126
f 1844/2153/1844 1744/2034/1744 3123/2033/3123 3124/2253/3124
f 1940/2254/1940 1941/2255/1941 1888/2199/1888 1877/2190/1877
f 1942/2256/1942 1940/2254/1940 1877/2190/1877 1878/2189/1878
f 1668/1962/1668 1669/1961/1669 1944/2257/1944 1943/2258/1943
f 1945/2259/1945 1944/2257/1944 1669/1961/1669 1777/2074/1777
f 1946/2260/1946 1606/1897/1606 1607/1896/1607 1623/1915/1623
f 1950/2261/1950 1951/2262/1951 1949/2263/1949 1948/2264/1948
f 1947/2265/1947 1952/2266/1952 1950/2261/1950 1948/2264/1948
f 1950/2261/1950 1952/2266/1952 1532/2267/1532 1533/2268/1533
f 1537/2269/1537 1951/2262/1951 1950/2261/1950 1533/2268/1533
f 1535/2270/1535 1532/2267/1532 1952/2266/1952 1953/2271/1953
f 1953/2271/1953 1952/2266/1952 1947/2265/1947 1954/2272/1954
f 1956/2273/1956 1951/2262/1951 1537/2269/1537 1538/2274/1538
f 1956/2273/1956 1957/2275/1957 1949/2263/1949 1951/2262/1951
f 1956/2273/1956 1538/2274/1538 1541/2276/1541 1958/2277/1958
f 1957/2275/1957 1956/2273/1956 1958/2277/1958 1959/2278/1959
f 1958/2277/1958 1541/2276/1541 208/2279/208 257/2280/257
f 257/2280/257 256/2281/256 1959/2278/1959 1958/2277/1958
f 1954/2272/1954 1955/2282/1955 1960/2283/1960 1953/2271/1953
f 1960/2283/1960 1528/2284/1528 1535/2270/1535 1953/2271/1953
f 1963/2285/1963 1966/2286/1966 1965/2287/1965 1964/2288/1964
f 1527/2289/1527 1528/2284/1528 1960/2283/1960 1971/2290/1971
f 1973/2291/1973 1974/2292/1974 1966/2286/1966 1963/2285/1963
f 1975/2293/1975 1841/2150/1841 2911/2149/2911 2912/2294/2912
f 1946/2260/1946 1623/1915/1623 1829/2136/1829 1977/2295/1977
f 1978/2296/1978 1946/2260/1946 1977/2295/1977 1979/2297/1979
f 1980/2298/1980 1974/2292/1974 1973/2291/1973 1981/2299/1981
f 1982/2300/1982 1985/2301/1985 1984/2302/1984 1983/2303/1983
f 1986/2304/1986 1989/2305/1989 1988/2306/1988 1987/2307/1987
f 1990/2308/1990 1991/2309/1991 249/2310/249 259/2311/259
f 1987/2307/1987 1988/2306/1988 1991/2309/1991 1990/2308/1990
f 1992/2312/1992 1993/2313/1993 1985/2301/1985 1982/2300/1982
f 1983/2303/1983 1984/2302/1984 1989/2305/1989 1986/2304/1986
f 1994/2314/1994 1995/2315/1995 1771/2065/1771 1768/2064/1768
f 1901/2215/1901 1902/2214/1902 1997/2316/1997 1996/2317/1996
f 1998/2318/1998 2001/2319/2001 2000/2320/2000 1999/2321/1999
f 2002/2322/2002 1785/2081/1785 1786/2080/1786 2003/2323/2003
f 2004/2324/2004 1816/2112/1816 2006/2325/2006 2005/2326/2005
f 2006/2325/2006 1816/2112/1816 1810/2106/1810 1811/2107/1811
f 2007/2327/2007 2010/2328/2010 2009/2329/2009 2008/2330/2008
f 2011/2331/2011 2005/2332/2005 2006/2333/2006 2012/2334/2012
f 2012/2334/2012 2006/2333/2006 1811/2121/1811 1821/2124/1821
f 2014/2335/2014 2012/2334/2012 1821/2124/1821 1909/2224/1909
f 1879/2192/1879 2015/2336/2015 1749/2041/1749 1747/2039/1747
f 2016/2337/2016 2019/2338/2019 2018/2339/2018 2017/2340/2017
f 2020/2341/2020 2023/2342/2023 2022/2343/2022 2021/2344/2021
f 2016/2337/2016 1735/2027/1735 1736/2026/1736 2019/2338/2019
f 1742/2063/1742 1766/2062/1766 2024/2345/2024 1741/2346/1741
f 1784/2082/1784 1785/2081/1785 2026/2347/2026 2025/2348/2025
f 1741/2346/1741 2024/2345/2024 2027/2349/2027 1939/2350/1939
f 2028/2351/2028 2031/2352/2031 2030/2353/2030 2029/2354/2029
f 2026/2347/2026 2033/2355/2033 2032/2356/2032 2025/2348/2025
f 2002/2322/2002 2036/2357/2036 2035/2358/2035 2034/2359/2034
f 2035/2358/2035 2028/2351/2028 2029/2354/2029 2034/2359/2034
f 2037/2360/2037 2029/2354/2029 2030/2353/2030 2038/2361/2038
f 2038/2361/2038 2040/2362/2040 2039/2363/2039 2037/2360/2037
f 1873/2185/1873 2042/2364/2042 2041/2365/2041 1878/2189/1878
f 2042/2364/2042 1873/2185/1873 1874/2188/1874 2043/2366/2043
f 2044/2367/2044 2047/2368/2047 2046/2369/2046 2045/2370/2045
f 1883/2195/1883 2049/2371/2049 2048/2372/2048 1882/2196/1882
f 2017/2340/2017 2051/2373/2051 2050/2374/2050 2016/2337/2016
f 2052/2375/2052 2055/2376/2055 2054/2377/2054 2053/2378/2053
f 2056/2379/2056 2020/2341/2020 2021/2344/2021 2057/2380/2057
f 2045/2370/2045 2046/2369/2046 3089/2381/3089 3015/2382/3015
f 2058/2383/2058 2060/2384/2060 2041/2365/2041 2059/2385/2059
f 2061/2386/2061 2056/2379/2056 2057/2380/2057 2062/2387/2062
f 2060/2384/2060 1942/2256/1942 1878/2189/1878 2041/2365/2041
f 2063/2388/2063 2066/2389/2066 2065/2390/2065 2064/2391/2064
f 3087/2392/3087 3088/2393/3088 2065/2390/2065 2066/2389/2066
f 2066/2389/2066 2067/2394/2067 3086/2395/3086 3087/2392/3087
f 2068/2396/2068 2071/2397/2071 2070/2398/2070 2069/2399/2069
f 1545/1820/1545 1550/1826/1550 1563/1843/1563 1562/1840/1562
f 1562/1840/1562 1563/1843/1563 1579/1863/1579 1578/1860/1578
f 2072/2400/2072 1935/2401/1935 1936/2402/1936 2073/2403/2073
f 218/818/218 2075/2404/2075 2074/2405/2074 265/819/265
f 2076/2406/2076 2079/2407/2079 2078/2408/2078 2077/2409/2077
f 2077/2409/2077 2078/2408/2078 1732/2022/1732 1729/2021/1729
f 1738/2032/1738 2080/2410/2080 1748/2040/1748 1737/2029/1737
f 2080/2410/2080 2081/2411/2081 1880/2191/1880 1748/2040/1748
f 2082/2412/2082 2083/2413/2083 1645/1941/1645 1646/1940/1646
f 2084/2414/2084 2085/2415/2085 1683/1977/1683 1682/1976/1682
f 2086/2416/2086 2089/2417/2089 2088/2418/2088 2087/2419/2087
f 2090/2420/2090 2091/2421/2091 1642/1937/1642 1643/1936/1643
f 2092/2422/2092 2090/2420/2090 1643/1936/1643 1776/2072/1776
f 2907/2144/2907 1836/2143/1836 2094/2423/2094 2906/2424/2906
f 1646/1940/1646 1918/2233/1918 2095/2425/2095 2082/2412/2082
f 2096/2426/2096 2099/2427/2099 2098/2428/2098 2097/2429/2097
f 2100/2430/2100 2103/2431/2103 2102/2432/2102 2101/2433/2101
f 2104/2434/2104 2107/2435/2107 2106/2436/2106 2105/2437/2105
f 2108/2438/2108 2107/2439/2107 2104/2440/2104 2109/2441/2109
f 2110/2442/2110 2113/2443/2113 2112/2444/2112 2111/2445/2111
f 2105/2437/2105 2111/2445/2111 2112/2444/2112 2104/2434/2104
f 2109/2441/2109 2104/2440/2104 2112/2446/2112
f 2114/2447/2114 2117/2448/2117 2116/2449/2116 2115/2450/2115
f 2972/2451/2972 2954/2452/2954 2955/2453/2955 2971/2454/2971
f 1936/2402/1936 1937/2455/1937 2122/2456/2122 2073/2403/2073
f 1868/2178/1868 1842/2152/1842 3126/2252/3126 3127/2249/3127
f 1730/2024/1730 1842/2152/1842 1868/2178/1868 1865/2177/1865
f 1870/2182/1870 1729/2021/1729 1730/2024/1730 1865/2177/1865
f 1872/2184/1872 2077/2409/2077 1729/2021/1729 1870/2182/1870
f 2117/2448/2117 2114/2447/2114 2113/2443/2113 2110/2442/2110
f 2123/2457/2123 2126/2458/2126 2125/2459/2125 2124/2460/2124
f 1601/1890/1601 1922/2237/1922 1925/2238/1925 1588/1871/1588
f 1604/1891/1604 1601/1890/1601 1588/1871/1588 1585/1870/1585
f 1594/1881/1594 1604/1891/1604 1585/1870/1585 1589/1874/1589
f 1594/1881/1594 1589/1874/1589 1590/1877/1590 1593/1878/1593
f 1599/1886/1599 1597/1884/1597 1593/1878/1593 1590/1877/1590
f 1597/1884/1597 1599/1886/1599 266/1889/266 220/1885/220
f 2127/2461/2127 2128/2462/2128 2984/2463/2984 2985/2464/2985
f 2129/2465/2129 2127/2461/2127 2985/2464/2985 2986/2466/2986
f 1726/2020/1726 1727/2019/1727 1717/2011/1717 1724/2016/1724
f 1727/2019/1727 1827/2134/1827 1716/2008/1716 1717/2011/1717
f 2044/2367/2044 2045/2370/2045 1794/2090/1794 1795/2093/1795
f 2813/2467/2813 2052/2375/2052 2053/2378/2053 2812/2468/2812
f 2810/2469/2810 2811/2470/2811 2071/2397/2071 2068/2396/2068
f 1833/2140/1833 2094/2423/2094 1836/2143/1836 1832/2139/1832
f 1837/2142/1837 1831/2138/1831 1832/2139/1832 1836/2143/1836
f 2795/2137/2795 2750/2145/2750 1838/2148/1838 1830/2135/1830
f 1829/2136/1829 1830/2135/1830 1838/2148/1838 1841/2150/1841
f 1975/2293/1975 1977/2295/1977 1829/2136/1829 1841/2150/1841
f 1979/2297/1979 1977/2295/1977 1975/2293/1975 2132/2471/2132
f 1848/2155/1848 2134/2472/2134 2133/2473/2133 1847/2156/1847
f 2135/2474/2135 2128/2462/2128 2137/2475/2137 2136/2476/2136
f 2138/2477/2138 2137/2475/2137 2128/2462/2128 2127/2461/2127
f 2127/2461/2127 2129/2465/2129 2139/2478/2139 2138/2477/2138
f 2140/2479/2140 2804/2480/2804 2805/2481/2805 2141/2482/2141
f 2804/2480/2804 2140/2479/2140 2145/2483/2145 2803/2484/2803
f 2146/2485/2146 2149/2486/2149 2148/2487/2148 2147/2488/2147
f 2150/2489/2150 2153/2490/2153 2152/2491/2152 2151/2492/2151
f 2154/2493/2154 2150/2489/2150 2151/2492/2151 2155/2494/2155
f 2156/2495/2156 2115/2450/2115 2116/2449/2116 2157/2496/2157
f 2801/2497/2801 2156/2495/2156 2157/2496/2157 2800/2498/2800
f 2121/2499/2121 2154/2493/2154 2155/2494/2155 2120/2500/2120
f 2147/2488/2147 2158/2501/2158 2145/2483/2145 2146/2485/2146
f 2802/2502/2802 2803/2484/2803 2145/2483/2145 2158/2501/2158
f 1964/2288/1964 1969/2503/1969 1968/2504/1968 1963/2285/1963
f 1960/2283/1960 1955/2282/1955 1967/2505/1967 1971/2290/1971
f 1963/2285/1963 1968/2504/1968 1970/2506/1970 1973/2291/1973
f 1973/2291/1973 1970/2506/1970 1961/2507/1961 1981/2299/1981
f 1981/2299/1981 1961/2507/1961 1962/2508/1962 2160/2509/2160
f 2161/2510/2161 1980/2298/1980 1981/2299/1981 2160/2509/2160
f 2986/2466/2986 2987/2511/2987 2162/2512/2162 2129/2465/2129
f 2163/2513/2163 2166/2514/2166 2165/2515/2165 2164/2516/2164
f 2135/2474/2135 2136/2476/2136 1544/1818/1544 1530/1801/1530
f 2983/2517/2983 2135/2474/2135 1530/1801/1530 2982/1800/2982
f 1965/2287/1965 1527/2289/1527 1971/2290/1971 1964/2288/1964
f 1967/2505/1967 1969/2503/1969 1964/2288/1964 1971/2290/1971
f 1925/2238/1925 2168/2518/2168 2167/2519/2167 1924/2239/1924
f 1923/2236/1923 2170/2520/2170 2169/2521/2169 1922/2237/1922
f 2171/2522/2171 2172/2523/2172 2103/2524/2103 2100/2525/2100
f 2173/2526/2173 2174/2527/2174 2126/2528/2126 2123/2529/2123
f 2169/2521/2169 2168/2518/2168 1925/2238/1925 1922/2237/1922
f 2089/2417/2089 2086/2416/2086 2176/2530/2176 2175/2531/2175
f 2177/2532/2177 2178/2533/2178 2083/2413/2083 2082/2412/2082
f 2179/2534/2179 2182/2535/2182 2903/2536/2903 2904/2537/2904
f 2183/2538/2183 2179/2534/2179 2904/2537/2904 2905/2539/2905
f 2185/2540/2185 1916/2228/1916 1917/2231/1917 2186/2541/2186
f 2095/2425/2095 2187/2542/2187 2177/2532/2177 2082/2412/2082
f 2090/2420/2090 2092/2422/2092 2182/2535/2182 2179/2534/2179
f 2090/2420/2090 2179/2534/2179 2183/2538/2183 2091/2421/2091
f 2989/2543/2989 2990/972/2990 210/971/210 2189/2544/2189
f 2189/2544/2189 210/971/210 211/974/211 2190/2545/2190
f 2190/2545/2190 211/974/211 268/976/268 2191/2546/2191
f 2192/2547/2192 2161/2510/2161 2160/2509/2160 2193/2548/2193
f 2194/2549/2194 258/982/258 209/981/209 2188/2550/2188
f 2987/2511/2987 2988/2551/2988 2195/2552/2195 2162/2512/2162
f 2196/2553/2196 2199/2554/2199 2198/2555/2198 2197/2556/2197
f 2191/2546/2191 268/976/268 1343/990/1343 2200/2557/2200
f 2160/2509/2160 1962/2508/1962 1972/2558/1972 2193/2548/2193
f 2188/2550/2188 2192/2547/2192 2193/2548/2193 2194/2549/2194
f 2189/2544/2189 2195/2552/2195 2988/2551/2988 2989/2543/2989
f 2190/2545/2190 2197/2556/2197 2195/2552/2195 2189/2544/2189
f 2191/2546/2191 2196/2553/2196 2197/2556/2197 2190/2545/2190
f 2200/2557/2200 2201/2559/2201 2196/2553/2196 2191/2546/2191
f 2202/2560/2202 269/994/269 258/982/258 2194/2549/2194
f 1972/2558/1972 2202/2560/2202 2194/2549/2194 2193/2548/2193
f 1606/1897/1606 1946/2260/1946 1978/2296/1978 2203/2561/2203
f 1605/1894/1605 2205/2562/2205 2204/2563/2204 1609/1898/1609
f 2205/2562/2205 1605/1894/1605 1606/1897/1606 2203/2561/2203
f 2205/2562/2205 2203/2561/2203 2207/2564/2207 2206/2565/2206
f 2205/2562/2205 2206/2565/2206 2208/2566/2208 2204/2563/2204
f 2204/2563/2204 2208/2566/2208 253/1002/253 248/1001/248
f 2209/2567/2209 2210/2568/2210 1662/1956/1662 1665/1959/1665
f 1662/1956/1662 2210/2568/2210 2211/2569/2211 1661/1957/1661
f 2212/2570/2212 1659/1951/1659 1656/1950/1656 2213/2571/2213
f 1654/1948/1654 1659/1951/1659 2212/2570/2212 2214/2572/2214
f 1654/1948/1654 2214/2572/2214 3150/2573/3150 3151/1949/3151
f 1920/2574/1920 2217/2575/2217 2216/2576/2216 1919/2577/1919
f 2212/2570/2212 2219/2578/2219 2218/2579/2218 2214/2572/2214
f 2213/2571/2213 2220/2580/2220 2219/2578/2219 2212/2570/2212
f 1919/2577/1919 2216/2576/2216 2221/2581/2221 1918/2582/1918
f 2214/2572/2214 2218/2579/2218 3149/2583/3149 3150/2573/3150
f 1921/2584/1921 2223/2585/2223 2217/2575/2217 1920/2574/1920
f 1918/2582/1918 2221/2581/2221 2224/2586/2224 2095/2587/2095
f 2095/2587/2095 2224/2586/2224 2225/2588/2225 2187/2589/2187
f 3133/2590/3133 2227/2591/2227 2226/2592/2226 3132/2593/3132
f 3134/2594/3134 2228/2595/2228 2227/2591/2227 3133/2590/3133
f 3135/2596/3135 2229/2597/2229 2228/2595/2228 3134/2594/3134
f 2218/2598/2218 2231/2599/2231 3148/2600/3148 3149/2601/3149
f 2219/2602/2219 2232/2603/2232 2231/2599/2231 2218/2598/2218
f 2220/2604/2220 2233/2605/2233 2232/2603/2232 2219/2602/2219
f 3131/2606/3131 2235/2607/2235 2234/2608/2234 3130/2609/3130
f 3132/2593/3132 2226/2592/2226 2235/2607/2235 3131/2606/3131
f 2236/2610/2236 2239/2611/2239 2238/2612/2238 2237/2613/2237
f 2240/2614/2240 2243/2615/2243 2242/2616/2242 2241/2617/2241
f 2244/2618/2244 2245/2619/2245 2243/2615/2243 2240/2614/2240
f 2237/2613/2237 2238/2612/2238 2247/2620/2247 2246/2621/2246
f 2241/2617/2241 2242/2616/2242 2248/2622/2248
f 2249/2623/2249 2239/2611/2239 2236/2610/2236
f 2250/2624/2250 2252/2625/2252 2251/2626/2251
f 2246/2621/2246 2247/2620/2247 2254/2627/2254 2253/2628/2253
f 2255/2629/2255 2258/2630/2258 2257/2631/2257 2256/2632/2256
f 2256/2633/2256 2257/2634/2257 2252/2625/2252 2250/2624/2250
f 2253/2628/2253 2254/2627/2254 2258/2630/2258 2255/2629/2255
f 2259/2635/2259 2240/2614/2240 2241/2617/2241 2260/2636/2260
f 2261/2637/2261 2244/2618/2244 2240/2614/2240 2259/2635/2259
f 2262/2638/2262 2250/2624/2250 2251/2626/2251 2263/2639/2263
f 2234/2608/2234 2255/2629/2255 2256/2632/2256 2264/2640/2264
f 2235/2607/2235 2253/2628/2253 2255/2629/2255 2234/2608/2234
f 2226/2592/2226 2246/2621/2246 2253/2628/2253 2235/2607/2235
f 2227/2591/2227 2237/2613/2237 2246/2621/2246 2226/2592/2226
f 2228/2595/2228 2236/2610/2236 2237/2613/2237 2227/2591/2227
f 2229/2597/2229 2249/2623/2249 2236/2610/2236 2228/2595/2228
f 2260/2636/2260 2241/2617/2241 2248/2622/2248 3147/2641/3147
f 2243/2615/2243 1914/2230/1914 2242/2616/2242
f 2245/2619/2245 1917/2231/1917 1914/2230/1914 2243/2615/2243
f 2257/2634/2257 2186/2541/2186 1917/2231/1917 2252/2625/2252
f 2258/2630/2258 2185/2540/2185 2186/2642/2186 2257/2631/2257
f 2254/2627/2254 1916/2228/1916 2185/2540/2185 2258/2630/2258
f 2247/2620/2247 1916/2228/1916 2254/2627/2254
f 2238/2612/2238 1915/2229/1915 1916/2228/1916 2247/2620/2247
f 2239/2611/2239 1915/2229/1915 2238/2612/2238
f 1888/2199/1888 2267/2643/2267 2266/2644/2266 1887/2200/1887
f 1887/2200/1887 2266/2644/2266 2268/2645/2268 1889/2201/1889
f 1893/2646/1893 2270/2647/2270 3115/2648/3115 3116/2649/3116
f 1896/2650/1896 2272/2651/2272 2271/2652/2271 1899/2653/1899
f 1903/2654/1903 2274/2655/2274 2273/2656/2273 1902/2657/1902
f 1892/2658/1892 2269/2659/2269 2275/2660/2275 1905/2661/1905
f 1899/2653/1899 2271/2652/2271 2270/2647/2270 1893/2646/1893
f 1906/2220/1906 2277/2662/2277 2276/2663/2276 1897/2207/1897
f 1902/2657/1902 2273/2656/2273 2279/2664/2279 2278/2665/2278
f 1941/2255/1941 2280/2666/2280 2267/2643/2267 1888/2199/1888
f 2267/2667/2267 2282/2668/2282 2281/2669/2281 2266/2670/2266
f 2266/2670/2266 2281/2669/2281 2283/2671/2283 2268/2672/2268
f 2270/2647/2270 2285/2673/2285 3115/2648/3115
f 2276/2674/2276 2287/2675/2287 2286/2676/2286 2272/2651/2272
f 2272/2651/2272 2286/2676/2286 2288/2677/2288 2271/2652/2271
f 2274/2655/2274 2290/2678/2290 2289/2679/2289 2273/2656/2273
f 2269/2659/2269 2284/2680/2284 2291/2681/2291 2275/2660/2275
f 2271/2652/2271 2288/2677/2288 2285/2673/2285 2270/2647/2270
f 2277/2682/2277 2287/2675/2287 2276/2674/2276
f 2273/2656/2273 2289/2679/2289 2279/2664/2279
f 2280/2683/2280 2292/2684/2292 2282/2668/2282 2267/2667/2267
f 2282/2668/2282 2294/2685/2294 2293/2686/2293 2281/2669/2281
f 2281/2669/2281 2293/2686/2293 2295/2687/2295 2283/2671/2283
f 2287/2675/2287 2299/2688/2299 2298/2689/2298 2286/2676/2286
f 2286/2676/2286 2298/2689/2298 2300/2690/2300 2288/2677/2288
f 2284/2680/2284 2296/2691/2296 2301/2692/2301 2291/2681/2291
f 2288/2677/2288 2300/2690/2300 2297/2693/2297 2285/2673/2285
f 2292/2684/2292 2302/2694/2302 2294/2685/2294 2282/2668/2282
f 2302/2694/2302 2304/2695/2304 2303/2696/2303 2301/2692/2301
f 2297/2693/2297 2300/2690/2300 2295/2687/2295 2293/2686/2293
f 2297/2693/2297 2293/2686/2293 2294/2685/2294 2296/2691/2296
f 2300/2690/2300 2298/2689/2298 2299/2688/2299 2295/2687/2295
f 2305/2697/2305 2308/2698/2308 2307/2699/2307 2306/2700/2306
f 2099/2427/2099 2118/2701/2118 2119/2702/2119 2098/2428/2098
f 2309/2703/2309 2310/2704/2310 2305/2697/2305 2306/2700/2306
f 2311/2705/2311 2310/2704/2310 2309/2703/2309 2312/2706/2312
f 2312/2706/2312 2314/2707/2314 2313/2708/2313 2311/2705/2311
f 2315/2709/2315 2318/2710/2318 2317/2711/2317 2316/2712/2316
f 2957/2713/2957 2969/2714/2969 2970/2715/2970 2956/2716/2956
f 2323/2717/2323 2321/2718/2321 2322/2719/2322 2324/2720/2324
f 2324/2720/2324 2326/2721/2326 2325/2722/2325 2323/2717/2323
f 2327/2723/2327 2330/2724/2330 2329/2725/2329 2328/2726/2328
f 2956/2716/2956 2970/2715/2970 2971/2454/2971 2955/2453/2955
f 2098/2428/2098 2119/2702/2119 2321/2718/2321 2323/2717/2323
f 2325/2722/2325 2097/2429/2097 2098/2428/2098 2323/2717/2323
f 2329/2725/2329 2124/2460/2124 2125/2459/2125 2328/2726/2328
f 2101/2433/2101 2102/2432/2102 2318/2710/2318 2315/2709/2315
f 2105/2437/2105 2106/2436/2106 2314/2707/2314 2312/2706/2312
f 2309/2703/2309 2111/2445/2111 2105/2437/2105 2312/2706/2312
f 2111/2445/2111 2309/2703/2309 2306/2700/2306 2110/2442/2110
f 2307/2699/2307 2117/2448/2117 2110/2442/2110 2306/2700/2306
f 2117/2448/2117 2307/2699/2307 2331/2727/2331 2116/2449/2116
f 2326/2721/2326 2327/2723/2327 2328/2726/2328 2325/2722/2325
f 2125/2459/2125 2097/2429/2097 2325/2722/2325 2328/2726/2328
f 2126/2458/2126 2096/2426/2096 2097/2429/2097 2125/2459/2125
f 2332/2728/2332 2335/2729/2335 2334/2730/2334 2333/2731/2333
f 2333/2731/2333 2334/2730/2334 2337/2732/2337 2336/2733/2336
f 2327/2723/2327 2326/2721/2326 2339/2734/2339 2338/2735/2338
f 2157/2496/2157 2116/2449/2116 2331/2727/2331 2340/2736/2340
f 2120/2500/2120 2155/2494/2155 2341/2737/2341 2320/2738/2320
f 2341/2737/2341 2342/2739/2342 2319/2740/2319 2320/2738/2320
f 2341/2737/2341 2155/2494/2155 2151/2492/2151 2343/2741/2343
f 2343/2741/2343 2344/2742/2344 2342/2739/2342 2341/2737/2341
f 2338/2735/2338 2345/2743/2345 2330/2724/2330 2327/2723/2327
f 2337/2732/2337 2334/2730/2334 2347/2744/2347 2346/2745/2346
f 2348/2746/2348 2351/2747/2351 2350/2748/2350 2349/2749/2349
f 2343/2741/2343 2353/2750/2353 2352/2751/2352 2344/2742/2344
f 2353/2750/2353 2343/2741/2343 2151/2492/2151 2152/2491/2152
f 2340/2736/2340 2799/2752/2799 2800/2498/2800 2157/2496/2157
f 2799/2752/2799 2340/2736/2340 2350/2748/2350 2798/2753/2798
f 2351/2747/2351 2797/2754/2797 2798/2753/2798 2350/2748/2350
f 2326/2721/2326 2324/2720/2324 2355/2755/2355 2339/2734/2339
f 2336/2733/2336 2357/2756/2357 2356/2757/2356 2333/2731/2333
f 2358/2758/2358 2796/2759/2796 2797/2754/2797 2351/2747/2351
f 2344/2742/2344 2352/2751/2352 2354/2760/2354 2360/2761/2360
f 2361/2762/2361 2360/2761/2360 2354/2760/2354 2359/2763/2359
f 2360/2761/2360 2362/2764/2362 2342/2739/2342 2344/2742/2344
f 2362/2764/2362 2360/2761/2360 2361/2762/2361 2363/2765/2363
f 2364/2766/2364 2356/2757/2356 2357/2756/2357 2365/2767/2365
f 2969/2714/2969 2957/2713/2957 2958/2768/2958 2968/2769/2968
f 2319/2740/2319 2342/2739/2342 2362/2764/2362 2366/2770/2366
f 2366/2770/2366 2362/2764/2362 2363/2765/2363
f 2959/2771/2959 2968/2769/2968 2958/2768/2958
f 2367/2772/2367 2332/2728/2332 2333/2731/2333 2356/2757/2356
f 2358/2758/2358 2370/2773/2370 2369/2774/2369 2368/2775/2368
f 2370/2773/2370 2358/2758/2358 2351/2747/2351 2348/2746/2348
f 1993/2313/1993 2371/2776/2371 2979/2777/2979
f 1602/1893/1602 1985/2301/1985 1993/2313/1993 1923/2236/1923
f 1603/1892/1603 1984/2302/1984 1985/2301/1985 1602/1893/1602
f 1984/2302/1984 1603/1892/1603 1595/1880/1595 1989/2305/1989
f 1596/1879/1596 1988/2306/1988 1989/2305/1989 1595/1880/1595
f 1598/1883/1598 1991/2309/1991 1988/2306/1988 1596/1879/1596
f 249/2310/249 1991/2309/1991 1598/1883/1598 947/1882/947
f 2372/2778/2372 2373/2779/2373 2118/2780/2118 2099/2781/2099
f 2961/2782/2961 2121/2783/2121 2954/2784/2954
f 1690/1986/1690 1674/1968/1674 3155/1971/3155 3156/1987/3156
f 1695/1989/1695 1671/1967/1671 1674/1968/1674 1690/1986/1690
f 1670/1964/1670 1671/1967/1671 1695/1989/1695 1692/1988/1692
f 1943/2258/1943 2374/2785/2374 1685/1983/1685 1668/1962/1668
f 1686/1982/1686 1667/1963/1667 1668/1962/1668 1685/1983/1685
f 2087/2419/2087 2088/2418/2088 2085/2415/2085 2084/2414/2084
f 2094/2423/2094 2183/2538/2183 2905/2539/2905 2906/2424/2906
f 2091/2421/2091 2183/2538/2183 2094/2423/2094 1833/2140/1833
f 1642/1937/1642 2091/2421/2091 1833/2140/1833 1628/1920/1628
f 1639/1935/1639 1642/1937/1642 1628/1920/1628 1627/1919/1627
f 1629/1921/1629 1638/1932/1638 1639/1935/1639 1627/1919/1627
f 1636/1930/1636 1638/1932/1638 1629/1921/1629 1632/1926/1632
f 1636/1930/1636 1632/1926/1632 1633/1927/1633 1635/1931/1635
f 2375/2786/2375 2376/2787/2376 1651/1943/1651 1648/1942/1648
f 1644/1938/1644 2377/2788/2377 2375/2786/2375 1648/1942/1648
f 2377/2788/2377 1644/1938/1644 1645/1941/1645 2378/2789/2378
f 2083/2413/2083 2379/2790/2379 2378/2789/2378 1645/1941/1645
f 2178/2533/2178 2380/2791/2380 2379/2790/2379 2083/2413/2083
f 1696/1993/1696 2381/2792/2381 2131/2793/2131 2130/2794/2130
f 2382/2795/2382 1684/1980/1684 1685/1983/1685 2374/2785/2374
f 2754/1992/2754 2755/2796/2755 2381/2792/2381 1696/1993/1696
f 2384/2797/2384 2385/2798/2385 2292/2684/2292 2280/2683/2280
f 2386/2799/2386 2384/2800/2384 2280/2666/2280 1941/2255/1941
f 2022/2343/2022 2386/2799/2386 1941/2255/1941 1940/2254/1940
f 2021/2344/2021 2022/2343/2022 1940/2254/1940 1942/2256/1942
f 2057/2380/2057 2021/2344/2021 1942/2256/1942 2060/2384/2060
f 2062/2387/2062 2057/2380/2057 2060/2384/2060 2058/2383/2058
f 2071/2397/2071 2053/2378/2053 2054/2377/2054 2070/2398/2070
f 2811/2470/2811 2812/2468/2812 2053/2378/2053 2071/2397/2071
f 2381/2792/2381 1715/2005/1715 1712/2004/1712 2131/2793/2131
f 1693/1991/1693 2382/2795/2382 2374/2785/2374 1692/1988/1692
f 1670/1964/1670 1692/1988/1692 2374/2785/2374 1943/2258/1943
f 1944/2257/1944 1673/1965/1673 1670/1964/1670 1943/2258/1943
f 1780/2076/1780 1673/1965/1673 1944/2257/1944 1945/2259/1945
f 1657/1953/1657 1660/1954/1660 1661/1957/1661 1656/1950/1656
f 2211/2569/2211 2213/2571/2213 1656/1950/1656 1661/1957/1661
f 2388/2801/2388 2220/2580/2220 2213/2571/2213 2211/2569/2211
f 2389/2802/2389 2233/2605/2233 2220/2604/2220 2388/2803/2388
f 2251/2626/2251 2244/2618/2244 2261/2637/2261 2263/2639/2263
f 2252/2625/2252 2245/2619/2245 2244/2618/2244 2251/2626/2251
f 2390/2804/2390 2393/2805/2393 2392/2806/2392 2391/2807/2391
f 2394/2808/2394 2901/2809/2901 2902/2810/2902 2395/2811/2395
f 2395/2811/2395 2380/2791/2380 2178/2533/2178 2394/2808/2394
f 2177/2532/2177 2398/2812/2398 2394/2808/2394 2178/2533/2178
f 2398/2812/2398 2900/2813/2900 2901/2809/2901 2394/2808/2394
f 2400/2814/2400 2393/2805/2393 2390/2804/2390 2401/2815/2401
f 2398/2812/2398 2177/2532/2177 2187/2542/2187 2402/2816/2402
f 2403/2817/2403 2402/2818/2402 2187/2589/2187 2225/2588/2225
f 2264/2640/2264 2897/2819/2897 3130/2609/3130 2234/2608/2234
f 2402/2816/2402 2899/2820/2899 2900/2813/2900 2398/2812/2398
f 2405/2821/2405 2406/2822/2406 2400/2814/2400 2401/2815/2401
f 2402/2823/2402 2403/2824/2403 2898/2825/2898 2899/2826/2899
f 2211/2569/2211 2210/2568/2210 2408/2827/2408 2388/2801/2388
f 2210/2568/2210 2209/2567/2209 2409/2828/2409 2408/2827/2408
f 2405/2829/2405 2407/2830/2407 2410/2831/2410 2406/2832/2406
f 2411/2833/2411 2412/2834/2412 2408/2835/2408 2409/2836/2409
f 2302/2694/2302 2301/2692/2301 2296/2691/2296 2294/2685/2294
f 2263/2639/2263 2389/2802/2389 2412/2834/2412 2262/2638/2262
f 2389/2802/2389 2388/2803/2388 2408/2835/2408 2412/2834/2412
f 2231/2599/2231 2260/2636/2260 3147/2641/3147 3148/2600/3148
f 2232/2603/2232 2259/2635/2259 2260/2636/2260 2231/2599/2231
f 2233/2605/2233 2261/2637/2261 2259/2635/2259 2232/2603/2232
f 2263/2639/2263 2261/2637/2261 2233/2605/2233 2389/2802/2389
f 2252/2625/2252 1917/2231/1917 2245/2619/2245
f 2763/2837/2763 2764/2838/2764 2935/2839/2935 2936/2840/2936
f 2762/2841/2762 2763/2837/2763 2936/2840/2936 2937/2842/2937
f 2937/2842/2937 2938/2843/2938 2761/2844/2761 2762/2841/2762
f 2759/2845/2759 2760/2846/2760 2939/2847/2939 2940/2848/2940
f 3204/2849/3204 2864/2850/2864 2865/2851/2865 2414/2852/2414
f 1701/2853/1701 2863/2854/2863 2864/2850/2864 1700/2855/1700
f 2863/2856/2863 1701/2131/1701 1826/2132/1826 2862/2857/2862
f 3065/2858/3065 3066/2859/3066 2756/2860/2756 2387/2861/2387
f 3204/2849/3204 2414/2852/2414 2415/2862/2415 1699/2110/1699
f 2942/2863/2942 2758/2864/2758 2866/2865/2866 2941/2866/2941
f 2758/2864/2758 2942/2863/2942 2943/2867/2943 2757/2868/2757
f 2868/2869/2868 2417/2870/2417 2416/2871/2416 2867/2872/2867
f 2416/2871/2416 2417/2870/2417 2418/2873/2418 1714/2874/1714
f 2417/2870/2417 2868/2869/2868 2869/2875/2869 2418/2873/2418
f 1714/2874/1714 2418/2873/2418 1713/2007/1713 3073/2006/3073
f 2870/2876/2870 1713/2007/1713 2418/2873/2418 2869/2875/2869
f 2419/2877/2419 1826/2132/1826 1819/2119/1819 1907/2222/1907
f 2861/2878/2861 2862/2857/2862 1826/2132/1826 2419/2877/2419
f 2423/2879/2423 2422/2880/2422 2421/2881/2421 2420/2882/2420
f 2809/2883/2809 2810/2469/2810 2068/2396/2068 2425/2884/2425
f 2424/2885/2424 1680/1974/1680 1696/1993/1696 2130/2794/2130
f 1679/1975/1679 1680/1974/1680 2424/2885/2424 2426/2886/2426
f 2751/2887/2751 2752/1972/2752 1679/1975/1679 1839/2888/1839
f 1678/1979/1678 1834/2889/1834 1835/2890/1835 1682/1976/1682
f 1682/1976/1682 1835/2890/1835 2093/2891/2093 2084/2414/2084
f 2184/2892/2184 2087/2419/2087 2084/2414/2084 2093/2891/2093
f 2180/2893/2180 2086/2416/2086 2087/2419/2087 2184/2892/2184
f 2181/2894/2181 2176/2530/2176 2086/2416/2086 2180/2893/2180
f 2397/2895/2397 2390/2804/2390 2391/2807/2391 2396/2896/2396
f 2399/2897/2399 2401/2815/2401 2390/2804/2390 2397/2895/2397
f 2404/2898/2404 2405/2821/2405 2401/2815/2401 2399/2897/2399
f 2407/2830/2407 2405/2829/2405 2404/2899/2404
f 2913/2900/2913 2132/2471/2132 1975/2293/1975 2912/2294/2912
f 1976/2901/1976 2429/2902/2429 2428/2903/2428 2427/2904/2427
f 2427/2904/2427 2428/2903/2428 2142/2905/2142 2430/2906/2430
f 2430/2906/2430 2142/2905/2142 2143/2907/2143 2431/2908/2431
f 2144/2909/2144 2432/2910/2432 2431/2908/2431 2143/2907/2143
f 2159/2911/2159 2433/2912/2433 2432/2910/2432 2144/2909/2144
f 2434/2913/2434 2916/2914/2916 2917/2915/2917 2435/2916/2435
f 2132/2471/2132 2913/2900/2913 2914/2917/2914 2436/2918/2436
f 2436/2918/2436 2914/2917/2914 2915/2919/2915 2437/2920/2437
f 2437/2920/2437 2915/2919/2915 2916/2914/2916 2434/2913/2434
f 2434/2913/2434 2439/2921/2439 2438/2922/2438 2437/2920/2437
f 1979/2297/1979 2132/2471/2132 2436/2918/2436 2440/2923/2440
f 2437/2920/2437 2438/2922/2438 2440/2923/2440 2436/2918/2436
f 2441/2924/2441 2442/2925/2442 2137/2475/2137 2138/2477/2138
f 2443/2926/2443 2136/2476/2136 2137/2475/2137 2442/2925/2442
f 1544/1818/1544 2136/2476/2136 2443/2926/2443 2134/2472/2134
f 1543/1819/1543 1544/1818/1544 2134/2472/2134 1848/2155/1848
f 1859/2170/1859 1543/1819/1543 1848/2155/1848 1845/2154/1845
f 1860/2171/1860 1859/2170/1859 1845/2154/1845 1852/2159/1852
f 1861/2172/1861 1860/2171/1860 1852/2159/1852 1849/2158/1849
f 1862/2173/1862 1861/2172/1861 1849/2158/1849 1856/2163/1856
f 1863/2174/1863 1862/2173/1862 1856/2163/1856 1853/2162/1853
f 1864/2175/1864 1863/2174/1863 1853/2162/1853 1858/2169/1858
f 1055/2168/1055 251/2176/251 1864/2175/1864 1858/2169/1858
f 2441/2924/2441 2138/2477/2138 2139/2478/2139 2444/2927/2444
f 2445/2928/2445 2448/2929/2448 2447/2930/2447 2446/2931/2446
f 2446/2931/2446 2450/2932/2450 2449/2933/2449 2445/2928/2445
f 2451/2934/2451 2450/2932/2450 2439/2921/2439 2452/2935/2452
f 2452/2935/2452 2439/2921/2439 2434/2913/2434 2435/2916/2435
f 2156/2936/2156 2158/2501/2158 2147/2488/2147 2115/2937/2115
f 2801/2938/2801 2802/2502/2802 2158/2501/2158 2156/2936/2156
f 2153/2939/2153 2150/2940/2150 2433/2912/2433 2159/2911/2159
f 2438/2922/2438 2439/2921/2439 2450/2932/2450 2446/2931/2446
f 2446/2931/2446 2447/2930/2447 2440/2923/2440 2438/2922/2438
f 1978/2296/1978 1979/2297/1979 2440/2923/2440 2447/2930/2447
f 2435/2916/2435 2917/2915/2917 2918/2941/2918 2453/2942/2453
f 2447/2930/2447 2448/2929/2448 2454/2943/2454 1978/2296/1978
f 1978/2296/1978 2454/2943/2454 2207/2564/2207 2203/2561/2203
f 221/1373/221 253/1002/253 2208/2566/2208 2455/2944/2455
f 2199/2554/2199 2196/2553/2196 2201/2559/2201 2456/2945/2456
f 2457/2946/2457 2458/2947/2458 2166/2514/2166 2163/2513/2163
f 2442/2925/2442 2441/2924/2441 2460/2948/2460 2459/2949/2459
f 2459/2949/2459 2461/2950/2461 2443/2926/2443 2442/2925/2442
f 2441/2924/2441 2444/2927/2444 2462/2951/2462 2460/2948/2460
f 2463/2952/2463 2466/2953/2466 2465/2954/2465 2464/2955/2464
f 2466/2953/2466 2467/2956/2467 2449/2933/2449 2465/2954/2465
f 2467/2956/2467 2468/2957/2468 2445/2928/2445 2449/2933/2449
f 2469/2958/2469 2455/2944/2455 2208/2566/2208 2206/2565/2206
f 2470/2959/2470 2471/2960/2471 2454/2943/2454 2448/2929/2448
f 2472/2961/2472 2207/2564/2207 2454/2943/2454 2471/2960/2471
f 2207/2564/2207 2472/2961/2472 2469/2958/2469 2206/2565/2206
f 2470/2959/2470 2448/2929/2448 2445/2928/2445 2468/2957/2468
f 2199/2554/2199 2163/2513/2163 2164/2516/2164 2198/2555/2198
f 2163/2513/2163 2199/2554/2199 2456/2945/2456 2457/2946/2457
f 2166/2514/2166 2444/2927/2444 2139/2478/2139 2165/2515/2165
f 2458/2947/2458 2462/2951/2462 2444/2927/2444 2166/2514/2166
f 2473/2962/2473 2198/2555/2198 2164/2516/2164 2474/2963/2474
f 2165/2515/2165 2475/2964/2475 2474/2963/2474 2164/2516/2164
f 2195/2552/2195 2197/2556/2197 2198/2555/2198 2473/2962/2473
f 2475/2964/2475 2165/2515/2165 2139/2478/2139 2129/2465/2129
f 2162/2512/2162 2195/2552/2195 2473/2962/2473 2474/2963/2474
f 2129/2465/2129 2162/2512/2162 2474/2963/2474 2475/2964/2475
f 2453/2942/2453 2918/2941/2918 2919/2965/2919 2476/2966/2476
f 2443/2926/2443 2461/2950/2461 2133/2473/2133 2134/2472/2134
f 2478/2967/2478 2479/2968/2479 2477/2969/2477 2476/2966/2476
f 2480/2970/2480 2483/2971/2483 2482/2972/2482 2481/2973/2481
f 2481/2973/2481 2482/2972/2482 2485/2974/2485 2484/2975/2484
f 2484/2975/2484 2485/2974/2485 1344/2976/1344 1084/2977/1084
f 2486/2978/2486 2487/2979/2487 2480/2970/2480 2481/2973/2481
f 2488/2980/2488 2486/2978/2486 2481/2973/2481 2484/2975/2484
f 2488/2980/2488 2484/2975/2484 1084/2977/1084 250/2981/250
f 1879/2192/1879 1880/2191/1880 2490/2982/2490 2489/2983/2489
f 2491/2984/2491 2493/2985/2493 2076/2406/2076 2492/2986/2492
f 2494/2987/2494 2463/2952/2463 2464/2955/2464 2495/2988/2495
f 2496/2989/2496 2499/2990/2499 2498/2991/2498 2497/2992/2497
f 2498/2991/2498 2499/2990/2499 2501/2993/2501 2500/2994/2500
f 2502/2995/2502 2503/2996/2503 2494/2987/2494 2495/2988/2495
f 2500/2994/2500 2501/2993/2501 2503/2996/2503 2502/2995/2502
f 2148/2487/2148 2114/2997/2114 2115/2937/2115 2147/2488/2147
f 2504/2998/2504 2507/2999/2507 2506/3000/2506 2505/3001/2505
f 2508/3002/2508 2504/2998/2504 2505/3001/2505 2509/3003/2509
f 2510/3004/2510 2509/3003/2509 2505/3001/2505 2511/3005/2511
f 1575/1858/1575 1583/1868/1583 2513/3006/2513 2512/3007/2512
f 2511/3005/2511 2505/3001/2505 2506/3000/2506 2514/3008/2514
f 2512/3007/2512 2515/3009/2515 1574/1859/1574 1575/1858/1575
f 1574/1859/1574 2515/3009/2515 2517/3010/2517 2516/3011/2516
f 1574/1859/1574 2516/3011/2516 1930/2244/1930 1573/1856/1573
f 212/1830/212 1100/1824/1100 1549/1827/1549 1552/1831/1552
f 1546/1823/1546 1555/1834/1555 1552/1831/1552 1549/1827/1549
f 1547/1822/1547 1554/1835/1554 1555/1834/1555 1546/1823/1546
f 1558/1839/1558 1554/1835/1554 1547/1822/1547 1931/2245/1931
f 2516/3011/2516 2517/3010/2517 1927/2242/1927 1928/2241/1928
f 1558/1839/1558 1931/2245/1931 1928/2241/1928 1557/1836/1557
f 1931/2245/1931 1930/2244/1930 2516/3011/2516 1928/2241/1928
f 2479/2968/2479 2478/2967/2478 2519/3012/2519 2518/3013/2518
f 2520/3014/2520 2521/3015/2521 2518/3013/2518 2519/3012/2519
f 2099/2781/2099 2096/3016/2096 2522/3017/2522 2372/2778/2372
f 2096/3016/2096 2126/2528/2126 2174/2527/2174 2522/3017/2522
f 2523/3018/2523 1750/2042/1750 1749/2041/1749 2524/3019/2524
f 2525/3020/2525 1751/2043/1751 1750/2042/1750 2523/3018/2523
f 1753/2044/1753 1751/2043/1751 2525/3020/2525 2526/3021/2526
f 3121/2045/3121 1753/2044/1753 2526/3021/2526 3120/3022/3120
f 2528/3023/2528 1767/2061/1767 1752/2060/1752 2527/3024/2527
f 2529/3025/2529 1786/2080/1786 1783/2079/1783 2530/3026/2530
f 2531/3027/2531 2003/2323/2003 1786/2080/1786 2529/3025/2529
f 2019/2338/2019 2035/2358/2035 2036/2357/2036 2018/2339/2018
f 1736/2026/1736 2028/2351/2028 2035/2358/2035 2019/2338/2019
f 2031/2352/2031 2028/2351/2028 1736/2026/1736 1733/2025/1733
f 2532/3028/2532 2534/3029/2534 2533/3030/2533
f 2015/2336/2015 2535/3031/2535 2524/3019/2524 1749/2041/1749
f 1756/2048/1756 2532/3028/2532 2533/3030/2533 1755/2049/1755
f 1894/2206/1894 1884/2194/1884 1897/2207/1897
f 2135/2474/2135 2983/2517/2983 2984/2463/2984 2128/2462/2128
f 1772/2069/1772 1773/2068/1773 2376/2787/2376 2375/2786/2375
f 2377/2788/2377 1775/2070/1775 1772/2069/1772 2375/2786/2375
f 1775/2070/1775 2377/2788/2377 2378/2789/2378 1774/2071/1774
f 2379/2790/2379 1776/2072/1776 1774/2071/1774 2378/2789/2378
f 2380/2791/2380 2092/2422/2092 1776/2072/1776 2379/2790/2379
f 2182/2535/2182 2092/2422/2092 2380/2791/2380 2395/2811/2395
f 2902/2810/2902 2903/2536/2903 2182/2535/2182 2395/2811/2395
f 2391/2807/2391 2176/2530/2176 2181/2894/2181 2396/2896/2396
f 2392/2806/2392 2175/2531/2175 2176/2530/2176 2391/2807/2391
f 1778/2073/1778 1664/1958/1664 1663/1955/1663 1777/2074/1777
f 1945/2259/1945 1777/2074/1777 1663/1955/1663 1660/1954/1660
f 1780/2076/1780 1945/2259/1945 1660/1954/1660 1657/1953/1657
f 1658/1952/1658 1779/2075/1779 1780/2076/1780 1657/1953/1657
f 1782/2077/1782 1779/2075/1779 1658/1952/1658 1655/1947/1655
f 3153/2078/3153 1782/2077/1782 1655/1947/1655 3152/1946/3152
f 3057/3032/3057 1688/3033/1688 1689/3034/1689 3056/3035/3056
f 1675/3036/1675 3055/3037/3055 3056/3035/3056 1689/3034/1689
f 1676/3038/1676 3059/3039/3059 3055/3037/3055 1675/3036/1675
f 242/3040/242 3059/3039/3059 3189/3041/3189 230/3042/230
f 230/3042/230 3189/3041/3189 3190/3043/3190 1134/3044/1134
f 1134/3044/1134 3190/3043/3190 3191/3045/3191 231/3046/231
f 3192/3047/3192 785/3048/785 231/3046/231 3191/3045/3191
f 3193/3049/3193 802/3050/802 785/3048/785 3192/3047/3192
f 3194/3051/3194 1001/3052/1001 802/3053/802 3193/3054/3193
f 3195/3055/3195 829/3056/829 1001/3052/1001 3194/3051/3194
f 2248/2622/2248 787/3057/787 829/3056/829 3195/3055/3195
f 2242/2616/2242 830/1478/830 787/3057/787 2248/2622/2248
f 1914/2230/1914 811/1479/811 830/1478/830 2242/2616/2242
f 1915/2229/1915 810/1480/810 811/1479/811 1914/2230/1914
f 841/1481/841 810/1480/810 1915/2229/1915 2239/2611/2239
f 2536/3058/2536 2249/2623/2249 2229/2597/2229
f 3136/3059/3136 2536/3058/2536 2229/2597/2229 3135/2596/3135
f 2538/3060/2538 2537/3061/2537 2223/2585/2223 1921/2584/1921
f 2539/3062/2539 2538/3063/2538 1921/2235/1921 1650/1944/1650
f 1651/1943/1651 2540/3064/2540 2539/3062/2539 1650/1944/1650
f 2376/2787/2376 2541/3065/2541 2540/3064/2540 1651/1943/1651
f 1773/2068/1773 2542/3066/2542 2541/3065/2541 2376/2787/2376
f 1634/1928/1634 2543/3067/2543 2542/3066/2542 1773/2068/1773
f 2543/3067/2543 1634/1928/1634 1635/1931/1635 2544/3068/2544
f 1633/1927/1633 2545/3069/2545 2544/3068/2544 1635/1931/1635
f 1631/1925/1631 2546/3070/2546 2545/3069/2545 1633/1927/1633
f 1616/1924/1616 2547/3071/2547 2546/3070/2546 1631/1925/1631
f 1613/1902/1613 2548/3072/2548 2789/3073/2789 2790/1904/2790
f 2548/3072/2548 1613/1902/1613 1611/1900/1611 2549/3074/2549
f 1612/1899/1612 2550/3075/2550 2549/3074/2549 1611/1900/1611
f 248/1001/248 1405/1501/1405 2551/3076/2551 2204/2563/2204
f 3157/1984/3157 3158/3077/3158 1812/3078/1812 1691/1985/1691
f 3071/2111/3071 1699/2110/1699 2415/2862/2415 3070/3079/3070
f 2382/2795/2382 2387/2861/2387 2383/3080/2383 1684/1980/1684
f 2553/3081/2553 2554/3082/2554 2807/3083/2807 2808/3084/2808
f 2809/2883/2809 2425/2884/2425 2553/3081/2553 2808/3084/2808
f 2554/3082/2554 2555/3085/2555 2806/3086/2806 2807/3083/2807
f 2805/2481/2805 2806/3086/2806 2555/3085/2555 2141/2482/2141
f 2140/2479/2140 2141/2482/2141 2557/3087/2557 2556/3088/2556
f 2556/3088/2556 2146/2485/2146 2145/2483/2145 2140/2479/2140
f 2275/2660/2275 2291/2681/2291 2290/2678/2290 2274/2655/2274
f 1905/2661/1905 2275/2660/2275 2274/2655/2274 1903/2654/1903
f 1904/2219/1904 1905/2218/1905 1903/2213/1903 1900/2212/1900
f 1770/2066/1770 1765/2057/1765 1764/2056/1764 1769/2067/1769
f 1783/2079/1783 1767/2061/1767 2528/3023/2528 2530/3026/2530
f 1767/2061/1767 1783/2079/1783 1784/2082/1784 1766/2062/1766
f 1766/2062/1766 1784/2082/1784 2025/2348/2025 2024/2345/2024
f 2032/2356/2032 2027/2349/2027 2024/2345/2024 2025/2348/2025
f 1785/2081/1785 2002/2322/2002 2034/2359/2034 2026/2347/2026
f 2048/2372/2048 2049/2371/2049 2559/3089/2559 2558/3090/2558
f 1843/2151/1843 1844/2153/1844 3124/2253/3124 3125/2251/3125
f 1731/2023/1731 1739/2031/1739 1844/2153/1844 1843/2151/1843
f 1732/2022/1732 1738/2032/1738 1739/2031/1739 1731/2023/1731
f 2078/2408/2078 2080/2410/2080 1738/2032/1738 1732/2022/1732
f 2079/2407/2079 2081/2411/2081 2080/2410/2080 2078/2408/2078
f 2560/3091/2560 2561/3092/2561 2032/2356/2032 2033/2355/2033
f 2027/2349/2027 2032/2356/2032 2561/3092/2561 2562/3093/2562
f 1939/2350/1939 2027/2349/2027 2562/3093/2562 1938/3094/1938
f 2148/2487/2148 2149/2486/2149 2564/3095/2564 2563/3096/2563
f 2563/3096/2563 2565/3097/2565 2114/2997/2114 2148/2487/2148
f 2566/3098/2566 2569/3099/2569 2568/3100/2568 2567/3101/2567
f 1996/2317/1996 1994/2314/1994 1768/2064/1768 1901/2215/1901
f 1901/2215/1901 1768/2064/1768 1769/2067/1769 1900/2212/1900
f 1764/2056/1764 1904/2219/1904 1900/2212/1900 1769/2067/1769
f 1904/2219/1904 1764/2056/1764 1761/2059/1761 1891/2216/1891
f 1762/2054/1762 1890/2202/1890 3117/2205/3117 3118/2055/3118
f 1758/2050/1758 1898/2211/1898 1890/2202/1890 1762/2054/1762
f 1898/2211/1898 1758/2050/1758 1754/2046/1754 1895/2209/1895
f 1895/2209/1895 1754/2046/1754 1755/2049/1755 1894/2206/1894
f 2533/3030/2533 1884/2194/1884 1894/2206/1894 1755/2049/1755
f 2534/3029/2534 1883/2195/1883 1884/2194/1884 2533/3030/2533
f 2049/2371/2049 1883/2195/1883 2534/3029/2534 2489/2983/2489
f 2490/2982/2490 2559/3089/2559 2049/2371/2049 2489/2983/2489
f 2569/3099/2569 2566/3098/2566 2571/3102/2571 2570/3103/2570
f 2063/2388/2063 2572/3104/2572 2067/2394/2067 2066/2389/2066
f 1996/2317/1996 2566/3098/2566 2567/3101/2567 1994/2314/1994
f 2570/3103/2570 2051/2373/2051 2017/2340/2017 2569/3099/2569
f 2568/3100/2568 2569/3099/2569 2017/2340/2017 2018/2339/2018
f 2573/3105/2573 2567/3101/2567 2568/3100/2568
f 1995/2315/1995 1994/2314/1994 2567/3101/2567 2573/3105/2573
f 2574/3106/2574 2003/2323/2003 2531/3027/2531 2575/3107/2575
f 2576/3108/2576 2042/2364/2042 2043/2366/2043 2577/3109/2577
f 1880/2191/1880 2081/2411/2081 2578/3110/2578 2490/2982/2490
f 2059/2385/2059 2041/2365/2041 2042/2364/2042 2576/3108/2576
f 2003/2323/2003 2574/3106/2574 2036/2357/2036 2002/2322/2002
f 2490/2982/2490 2578/3110/2578 2579/3111/2579 2559/3089/2559
f 2578/3110/2578 2581/3112/2581 2580/3113/2580 2579/3111/2579
f 2582/3114/2582 2563/3096/2563 2564/3095/2564 2491/2984/2491
f 2582/3114/2582 2583/3115/2583 2565/3097/2565 2563/3096/2563
f 2581/3112/2581 2578/3110/2578 2081/2411/2081 2079/2407/2079
f 2141/2482/2141 2555/3085/2555 2584/3116/2584 2557/3087/2557
f 2069/2399/2069 2585/3117/2585 2425/2884/2425 2068/2396/2068
f 2059/2385/2059 2576/3108/2576 2585/3117/2585 2069/2399/2069
f 2070/2398/2070 2058/2383/2058 2059/2385/2059 2069/2399/2069
f 2054/2377/2054 2062/2387/2062 2058/2383/2058 2070/2398/2070
f 2055/2376/2055 2061/2386/2061 2062/2387/2062 2054/2377/2054
f 2046/2369/2046 2065/2390/2065 3088/2393/3088 3089/2381/3089
f 2047/2368/2047 2064/2391/2064 2065/2390/2065 2046/2369/2046
f 1828/2133/1828 2016/2337/2016 2050/2374/2050 1886/2197/1886
f 1728/2018/1728 1735/2027/1735 2016/2337/2016 1828/2133/1828
f 1734/2028/1734 1735/2027/1735 1728/2018/1728 1725/2017/1725
f 2585/3117/2585 2576/3108/2576 2577/3109/2577 2586/3118/2586
f 2585/3117/2585 2586/3118/2586 2553/3081/2553 2425/2884/2425
f 2555/3085/2555 2554/3082/2554 2587/3119/2587 2584/3116/2584
f 2587/3119/2587 2554/3082/2554 2553/3081/2553 2586/3118/2586
f 1679/1975/1679 2426/2886/2426 1840/3120/1840 1839/2888/1839
f 1840/3120/1840 2426/2886/2426 2429/2902/2429 1976/2901/1976
f 2268/2672/2268 2283/2671/2283 2287/2675/2287 2277/2682/2277
f 1889/2201/1889 2268/2645/2268 2277/2662/2277 1906/2220/1906
f 1875/2187/1875 1889/2201/1889 1906/2220/1906 1881/2193/1881
f 1875/2187/1875 1881/2193/1881 1882/2196/1882 1874/2188/1874
f 2048/2372/2048 2043/2366/2043 1874/2188/1874 1882/2196/1882
f 2043/2366/2043 2048/2372/2048 2558/3090/2558 2577/3109/2577
f 2577/3109/2577 2558/3090/2558 2587/3119/2587 2586/3118/2586
f 2559/3089/2559 2579/3111/2579 2588/3121/2588 2558/3090/2558
f 2588/3121/2588 2584/3116/2584 2587/3119/2587 2558/3090/2558
f 2410/2831/2410 2411/2833/2411 2409/2836/2409 2406/2832/2406
f 2209/2567/2209 2400/2814/2400 2406/2822/2406 2409/2828/2409
f 2400/2814/2400 2209/2567/2209 1665/1959/1665 2393/2805/2393
f 2392/2806/2392 2393/2805/2393 1665/1959/1665 1664/1958/1664
f 2175/2531/2175 2392/2806/2392 1664/1958/1664 1778/2073/1778
f 2089/2417/2089 2175/2531/2175 1778/2073/1778 1666/1960/1666
f 2089/2417/2089 1666/1960/1666 1667/1963/1667 2088/2418/2088
f 2085/2415/2085 2088/2418/2088 1667/1963/1667 1686/1982/1686
f 1687/1981/1687 1683/1977/1683 2085/2415/2085 1686/1982/1686
f 1697/3122/1697 1687/1981/1687 1684/1980/1684 2383/3080/2383
f 1683/1977/1683 1687/1981/1687 1697/3122/1697 1681/1978/1681
f 2580/3113/2580 2589/3123/2589 2588/3121/2588 2579/3111/2579
f 2584/3116/2584 2588/3121/2588 2589/3123/2589 2557/3087/2557
f 2590/3124/2590 2556/3088/2556 2557/3087/2557 2589/3123/2589
f 2589/3123/2589 2580/3113/2580 2591/3125/2591 2590/3124/2590
f 2493/2985/2493 2581/3112/2581 2079/2407/2079 2076/2406/2076
f 2591/3125/2591 2580/3113/2580 2581/3112/2581 2493/2985/2493
f 2149/2486/2149 2146/2485/2146 2556/3088/2556 2590/3124/2590
f 2149/2486/2149 2590/3124/2590 2591/3125/2591 2564/3095/2564
f 2564/3095/2564 2591/3125/2591 2493/2985/2493 2491/2984/2491
f 2172/2523/2172 2173/2526/2173 2123/2529/2123 2103/2524/2103
f 2103/2431/2103 2123/2457/2123 2124/2460/2124 2102/2432/2102
f 2318/2710/2318 2102/2432/2102 2124/2460/2124 2329/2725/2329
f 2330/2724/2330 2317/2711/2317 2318/2710/2318 2329/2725/2329
f 2345/2743/2345 2592/3126/2592 2317/2711/2317 2330/2724/2330
f 2347/2744/2347 2594/3127/2594 2593/3128/2593 2346/2745/2346
f 2595/3129/2595 2171/2522/2171 2100/2525/2100 2596/3130/2596
f 2596/3131/2596 2100/2430/2100 2101/2433/2101 2597/3132/2597
f 2597/3132/2597 2101/2433/2101 2315/2709/2315 2598/3133/2598
f 2598/3133/2598 2315/2709/2315 2316/2712/2316 2599/3134/2599
f 2314/2707/2314 2598/3133/2598 2599/3134/2599 2313/2708/2313
f 2106/2436/2106 2597/3132/2597 2598/3133/2598 2314/2707/2314
f 2107/2435/2107 2596/3131/2596 2597/3132/2597 2106/2436/2106
f 2595/3129/2595 2596/3130/2596 2107/2439/2107 2108/2438/2108
f 2492/2986/2492 2600/3135/2600 2582/3114/2582 2491/2984/2491
f 2600/3135/2600 2508/3002/2508 2583/3115/2583 2582/3114/2582
f 2113/3136/2113 2565/3097/2565 2583/3115/2583 2601/3137/2601
f 2601/3137/2601 2602/3138/2602 2112/2446/2112 2113/3136/2113
f 2369/2774/2369 2603/3139/2603 2335/2729/2335 2332/2728/2332
f 2367/2772/2367 2369/2774/2369 2332/2728/2332
f 2364/2766/2364 2368/2775/2368 2367/2772/2367
f 2305/2697/2305 2310/2704/2310 2605/3140/2605 2604/3141/2604
f 2606/3142/2606 2607/3143/2607 2593/3128/2593 2594/3127/2594
f 2608/3144/2608 2308/2698/2308 2305/2697/2305 2604/3141/2604
f 2605/3140/2605 2310/2704/2310 2311/2705/2311 2609/3145/2609
f 2311/2705/2311 2313/2708/2313 2610/3146/2610 2609/3145/2609
f 2611/3147/2611 2612/3148/2612 2592/3126/2592 2345/2743/2345
f 2613/3149/2613 2611/3147/2611 2345/2743/2345 2338/2735/2338
f 2339/2734/2339 2614/3150/2614 2613/3149/2613 2338/2735/2338
f 2355/2755/2355 2614/3150/2614 2339/2734/2339
f 2592/3126/2592 2615/3151/2615 2316/2712/2316 2317/2711/2317
f 2616/3152/2616 2347/2744/2347 2334/2730/2334 2335/2729/2335
f 2316/2712/2316 2615/3151/2615 2617/3153/2617 2599/3134/2599
f 2610/3146/2610 2313/2708/2313 2599/3134/2599 2617/3153/2617
f 2618/3154/2618 2621/3155/2621 2620/3156/2620 2619/3157/2619
f 2622/3158/2622 2618/3154/2618 2619/3157/2619 2623/3159/2623
f 2624/3160/2624 2622/3158/2622 2623/3159/2623
f 2625/3161/2625 2626/3162/2626 2322/2719/2322 2365/2767/2365
f 2626/3162/2626 2355/2755/2355 2324/2720/2324 2322/2719/2322
f 2615/3151/2615 2592/3126/2592 2612/3148/2612 2627/3163/2627
f 2604/3141/2604 2605/3140/2605 2607/3143/2607 2606/3142/2606
f 2621/3155/2621 2629/3164/2629 2628/3165/2628 2620/3156/2620
f 2593/3128/2593 2607/3143/2607 2629/3164/2629 2621/3155/2621
f 2346/2745/2346 2593/3128/2593 2621/3155/2621 2618/3154/2618
f 2337/2732/2337 2346/2745/2346 2618/3154/2618 2622/3158/2622
f 2624/3160/2624 2336/2733/2336 2337/2732/2337 2622/3158/2622
f 2630/3166/2630 2357/2756/2357 2336/2733/2336 2624/3160/2624
f 2628/3165/2628 2629/3164/2629 2609/3145/2609 2610/3146/2610
f 2629/3164/2629 2607/3143/2607 2605/3140/2605 2609/3145/2609
f 2508/3002/2508 2600/3135/2600 2631/3167/2631 2504/2998/2504
f 2600/3135/2600 2492/2986/2492 2632/3168/2632 2631/3167/2631
f 2112/2446/2112 2602/3138/2602 2633/3169/2633 2109/2441/2109
f 2508/3002/2508 2634/3170/2634 2601/3137/2601 2583/3115/2583
f 2625/3161/2625 2365/2767/2365 2357/2756/2357 2630/3166/2630
f 2492/2986/2492 2076/2406/2076 2635/3171/2635 2632/3168/2632
f 2076/2406/2076 2077/2409/2077 1872/2184/1872 2635/3171/2635
f 2478/2967/2478 2476/2966/2476 2919/2965/2919 2920/3172/2920
f 2920/3172/2920 2921/3173/2921 2519/3012/2519 2478/2967/2478
f 2921/3173/2921 2922/3174/2922 2520/3014/2520 2519/3012/2519
f 2372/2778/2372 2522/3017/2522 2638/3175/2638 2637/3176/2637
f 2638/3175/2638 2522/3017/2522 2174/2527/2174 2639/3177/2639
f 2385/2798/2385 2384/2797/2384 2641/3178/2641 2640/3179/2640
f 2386/2799/2386 2022/2343/2022 2023/2342/2023 2642/3180/2642
f 2643/3181/2643 1999/2321/1999 3084/3182/3084 3085/3183/3085
f 2067/2394/2067 2643/3181/2643 3085/3183/3085 3086/2395/3086
f 2067/2394/2067 2572/3104/2572 2644/3184/2644 2643/3181/2643
f 1996/2317/1996 1997/2316/1997 2646/3185/2646 2645/3186/2645
f 2571/3102/2571 2566/3098/2566 1996/2317/1996 2645/3186/2645
f 2643/3181/2643 2644/3184/2644 1998/2318/1998 1999/2321/1999
f 2646/3185/2646 1997/2316/1997 1902/2214/1902 2278/3187/2278
f 2371/2776/2371 2636/3188/2636 2947/3189/2947 2979/2777/2979
f 2450/2932/2450 2451/2934/2451 2465/2954/2465 2449/2933/2449
f 2520/3014/2520 2636/3188/2636 2647/3190/2647 2521/3015/2521
f 2636/3188/2636 2371/2776/2371 2648/3191/2648 2647/3190/2647
f 2371/2776/2371 1993/2313/1993 1992/2312/1992 2648/3191/2648
f 2170/2520/2170 2637/3176/2637 2638/3175/2638 2169/2521/2169
f 2169/2521/2169 2638/3175/2638 2639/3177/2639 2168/2518/2168
f 2945/3192/2945 2649/3193/2649 2451/2934/2451 2452/2935/2452
f 2451/2934/2451 2649/3193/2649 2464/2955/2464 2465/2954/2465
f 2649/3193/2649 2650/3194/2650 2495/2988/2495 2464/2955/2464
f 2502/2995/2502 2495/2988/2495 2650/3194/2650 2651/3195/2651
f 2500/2994/2500 2502/2995/2502 2651/3195/2651 2652/3196/2652
f 2647/3190/2647 2648/3191/2648 2653/3197/2653 2652/3196/2652
f 2652/3196/2652 2653/3197/2653 2498/2991/2498 2500/2994/2500
f 2480/2970/2480 2487/2979/2487 2496/2989/2496 2497/2992/2497
f 2654/3198/2654 2657/3199/2657 2656/3200/2656 2655/3201/2655
f 2658/3202/2658 2659/3203/2659 2654/3198/2654 2655/3201/2655
f 2073/2403/2073 2122/2456/2122 2657/3199/2657 2654/3198/2654
f 2659/3203/2659 2072/2400/2072 2073/2403/2073 2654/3198/2654
f 2561/3092/2561 2560/3091/2560 2656/3200/2656 2657/3199/2657
f 2562/3093/2562 2561/3092/2561 2657/3199/2657 2122/2456/2122
f 2122/2456/2122 1937/2455/1937 1938/3094/1938 2562/3093/2562
f 1871/2183/1871 2660/3204/2660 2635/3171/2635 1872/2184/1872
f 2660/3204/2660 2661/3205/2661 2632/3168/2632 2635/3171/2635
f 2661/3205/2661 2662/3206/2662 2631/3167/2631 2632/3168/2632
f 2504/2998/2504 2631/3167/2631 2662/3206/2662 2507/2999/2507
f 2508/3002/2508 2509/3003/2509 2663/3207/2663 2634/3170/2634
f 2488/2980/2488 250/2981/250 1325/2167/1325 1857/2166/1857
f 1854/2165/1854 2486/2978/2486 2488/2980/2488 1857/2166/1857
f 1855/2164/1855 2487/2979/2487 2486/2978/2486 1854/2165/1854
f 1850/2161/1850 2496/2989/2496 2487/2979/2487 1855/2164/1855
f 1851/2160/1851 2499/2990/2499 2496/2989/2496 1850/2161/1850
f 1846/2157/1846 2501/2993/2501 2499/2990/2499 1851/2160/1851
f 1847/2156/1847 2503/2996/2503 2501/2993/2501 1846/2157/1846
f 2133/2473/2133 2494/2987/2494 2503/2996/2503 1847/2156/1847
f 2461/2950/2461 2463/2952/2463 2494/2987/2494 2133/2473/2133
f 2466/2953/2466 2463/2952/2463 2461/2950/2461 2459/2949/2459
f 2460/2948/2460 2467/2956/2467 2466/2953/2466 2459/2949/2459
f 2462/2951/2462 2468/2957/2468 2467/2956/2467 2460/2948/2460
f 2470/2959/2470 2468/2957/2468 2462/2951/2462 2458/2947/2458
f 2471/2960/2471 2470/2959/2470 2458/2947/2458 2457/2946/2457
f 2456/2945/2456 2472/2961/2472 2471/2960/2471 2457/2946/2457
f 2201/2559/2201 2469/2958/2469 2472/2961/2472 2456/2945/2456
f 2455/2944/2455 2469/2958/2469 2201/2559/2201 2200/2557/2200
f 1343/990/1343 221/1373/221 2455/2944/2455 2200/2557/2200
f 2485/2974/2485 1990/2308/1990 259/2311/259 1344/2976/1344
f 2482/2972/2482 1987/2307/1987 1990/2308/1990 2485/2974/2485
f 2483/2971/2483 1986/2304/1986 1987/2307/1987 2482/2972/2482
f 2664/3208/2664 2483/2971/2483 2480/2970/2480 2497/2992/2497
f 2653/3197/2653 2664/3208/2664 2497/2992/2497 2498/2991/2498
f 2665/3209/2665 2666/3210/2666 1935/2401/1935 2072/2400/2072
f 217/3211/217 2668/3212/2668 2667/3213/2667 1350/1637/1350
f 2509/3003/2509 2633/3169/2633 2602/3138/2602 2663/3207/2663
f 2669/3214/2669 1933/2247/1933 1934/2248/1934 2670/3215/2670
f 2671/3216/2671 1932/2246/1932 1559/1838/1559 1560/1837/1560
f 1929/2243/1929 2672/3217/2672 2671/3216/2671 1560/1837/1560
f 2673/3218/2673 2108/2438/2108 2109/2441/2109 2633/3169/2633
f 2509/3003/2509 2510/3004/2510 2673/3218/2673 2633/3169/2633
f 2674/3219/2674 2595/3129/2595 2108/2438/2108 2673/3218/2673
f 2674/3219/2674 2673/3218/2673 2510/3004/2510 2675/3220/2675
f 2676/3221/2676 2677/3222/2677 2661/3205/2661 2660/3204/2660
f 2677/3222/2677 2678/3223/2678 2662/3206/2662 2661/3205/2661
f 2675/3220/2675 2510/3004/2510 2511/3005/2511 2679/3224/2679
f 2679/3224/2679 2511/3005/2511 2514/3008/2514 2680/3225/2680
f 2681/3226/2681 2672/3217/2672 2678/3223/2678 2677/3222/2677
f 1600/1887/1600 1580/1864/1580 219/1865/219 1370/1888/1370
f 1582/1867/1582 1580/1864/1580 1600/1887/1600 1591/1876/1591
f 1592/1875/1592 1581/1866/1581 1582/1867/1582 1591/1876/1591
f 1586/1873/1586 1584/1869/1584 1581/1866/1581 1592/1875/1592
f 1587/1872/1587 1583/1868/1583 1584/1869/1584 1586/1873/1586
f 1924/2239/1924 2513/3006/2513 1583/1868/1583 1587/1872/1587
f 2167/2519/2167 2682/3227/2682 2513/3006/2513 1924/2239/1924
f 2683/3228/2683 2674/3219/2674 2675/3220/2675 2682/3227/2682
f 2595/3129/2595 2674/3219/2674 2683/3228/2683 2171/2522/2171
f 2171/2522/2171 2683/3228/2683 2684/3229/2684 2172/2523/2172
f 2173/2526/2173 2685/3230/2685 2639/3177/2639 2174/2527/2174
f 2685/3230/2685 2173/2526/2173 2172/2523/2172 2684/3229/2684
f 2168/2518/2168 2685/3230/2685 2684/3229/2684 2167/2519/2167
f 2167/2519/2167 2684/3229/2684 2683/3228/2683 2682/3227/2682
f 2686/3231/2686 2682/3227/2682 2675/3220/2675 2679/3224/2679
f 2507/2999/2507 2662/3206/2662 2678/3223/2678 2687/3232/2687
f 2672/3217/2672 1929/2243/1929 2687/3232/2687 2678/3223/2678
f 3129/3233/3129 2688/3234/2688 1867/2179/1867 3128/2250/3128
f 1866/2180/1866 1867/2179/1867 2688/3234/2688 2689/3235/2689
f 2689/3235/2689 2688/3234/2688 2691/3236/2691 2690/3237/2690
f 2668/3212/2668 2693/3238/2693 2692/3239/2692 2667/3213/2667
f 2694/3240/2694 2695/3241/2695 2666/3210/2666 2665/3209/2665
f 1869/2181/1869 1866/2180/1866 2689/3235/2689 2696/3242/2696
f 2696/3242/2696 2697/3243/2697 1871/2183/1871 1869/2181/1869
f 2660/3204/2660 1871/2183/1871 2697/3243/2697 2676/3221/2676
f 1926/2240/1926 2698/3244/2698 2687/3232/2687 1929/2243/1929
f 2506/3000/2506 2507/2999/2507 2687/3232/2687 2698/3244/2698
f 1926/2240/1926 1927/2242/1927 2699/3245/2699 2698/3244/2698
f 2514/3008/2514 2506/3000/2506 2698/3244/2698 2699/3245/2699
f 2513/3006/2513 2682/3227/2682 2686/3231/2686 2512/3007/2512
f 2680/3225/2680 2700/3246/2700 2686/3231/2686 2679/3224/2679
f 2700/3246/2700 2515/3009/2515 2512/3007/2512 2686/3231/2686
f 2701/3247/2701 2699/3245/2699 1927/2242/1927 2517/3010/2517
f 2515/3009/2515 2700/3246/2700 2701/3247/2701 2517/3010/2517
f 2701/3247/2701 2700/3246/2700 2680/3225/2680
f 2701/3247/2701 2680/3225/2680 2514/3008/2514 2699/3245/2699
f 1982/2300/1982 1983/2303/1983 2703/3248/2703 2702/3249/2702
f 2648/3191/2648 1992/2312/1992 2664/3208/2664 2653/3197/2653
f 2565/3097/2565 2113/3136/2113 2114/2997/2114
f 2693/3238/2693 2694/3240/2694 2665/3209/2665 2692/3239/2692
f 2691/3236/2691 2688/3234/2688 3129/3233/3129
f 2290/2678/2290 2291/2681/2291 2301/2692/2301 2303/2696/2303
f 2627/3163/2627 2612/3148/2612 2620/3156/2620 2628/3165/2628
f 2619/3157/2619 2620/3156/2620 2612/3148/2612 2611/3147/2611
f 2623/3159/2623 2619/3157/2619 2611/3147/2611 2613/3149/2613
f 2614/3150/2614 2624/3160/2624 2623/3159/2623 2613/3149/2613
f 2355/2755/2355 2630/3166/2630 2624/3160/2624 2614/3150/2614
f 2626/3162/2626 2625/3161/2625 2630/3166/2630 2355/2755/2355
f 2627/3163/2627 2628/3165/2628 2610/3146/2610 2617/3153/2617
f 2704/3250/2704 2707/3251/2707 2706/3252/2706 2705/3253/2705
f 2308/2698/2308 2608/3144/2608 2705/3253/2705 2706/3252/2706
f 2708/3254/2708 2704/3250/2704 2705/3253/2705 2709/3255/2709
f 2617/3153/2617 2615/3151/2615 2627/3163/2627
f 2709/3255/2709 2705/3253/2705 2608/3144/2608 2710/3256/2710
f 2603/3139/2603 2711/3257/2711 2616/3152/2616 2335/2729/2335
f 2603/3139/2603 2709/3255/2709 2710/3256/2710 2711/3257/2711
f 2710/3256/2710 2608/3144/2608 2604/3141/2604 2606/3142/2606
f 2606/3142/2606 2594/3127/2594 2711/3257/2711 2710/3256/2710
f 2594/3127/2594 2347/2744/2347 2616/3152/2616 2711/3257/2711
f 2348/2746/2348 2349/2749/2349 2707/3251/2707 2704/3250/2704
f 2370/2773/2370 2348/2746/2348 2704/3250/2704 2708/3254/2708
f 2331/2727/2331 2707/3251/2707 2349/2749/2349 2340/2736/2340
f 2707/3251/2707 2331/2727/2331 2307/2699/2307 2706/3252/2706
f 2340/2736/2340 2349/2749/2349 2350/2748/2350
f 2706/3252/2706 2307/2699/2307 2308/2698/2308
f 2368/2775/2368 2363/2765/2363 2361/2762/2361 2358/2758/2358
f 2369/2774/2369 2708/3254/2708 2709/3255/2709 2603/3139/2603
f 2369/2774/2369 2370/2773/2370 2708/3254/2708
f 2358/2758/2358 2361/2762/2361 2359/2763/2359 2796/2759/2796
f 2367/2772/2367 2356/2757/2356 2364/2766/2364
f 2639/3177/2639 2685/3230/2685 2168/2518/2168
f 1992/2312/1992 1982/2300/1982 2702/3249/2702 2664/3208/2664
f 1983/2303/1983 1986/2304/1986 2483/2971/2483 2703/3248/2703
f 1612/1899/1612 1609/1898/1609 2204/2563/2204 2551/3076/2551
f 2304/2695/2304 2302/2694/2302 2292/2684/2292 2385/2798/2385
f 2385/2798/2385 2640/3179/2640 2712/3258/2712 2304/2695/2304
f 2712/3258/2712 2713/3259/2713 2303/2696/2303 2304/2695/2304
f 2289/2679/2289 2290/2678/2290 2303/2696/2303 2713/3259/2713
f 217/3211/217 1408/3260/1408 2714/3261/2714 2668/3212/2668
f 2668/3212/2668 2714/3261/2714 2715/3262/2715 2693/3238/2693
f 2716/3263/2716 2717/3264/2717 2695/3241/2695 2694/3240/2694
f 2694/3240/2694 2693/3238/2693 2715/3262/2715 2716/3263/2716
f 2689/3235/2689 2690/3237/2690 2718/3265/2718 2696/3242/2696
f 2719/3266/2719 2718/3265/2718 2690/3237/2690 2720/3267/2720
f 2690/3237/2690 2691/3236/2691 2721/3268/2721 2720/3267/2720
f 2691/3236/2691 2695/3241/2695 2717/3264/2717 2721/3268/2721
f 2718/3265/2718 2722/3269/2722 2697/3243/2697 2696/3242/2696
f 2676/3221/2676 2697/3243/2697 2722/3269/2722 2723/3270/2723
f 2723/3270/2723 2681/3226/2681 2677/3222/2677 2676/3221/2676
f 2719/3266/2719 2720/3267/2720 1933/2247/1933 2669/3214/2669
f 216/1852/216 1571/1855/1571 2714/3261/2714 1408/3260/1408
f 1571/1855/1571 1567/1848/1567 2715/3262/2715 2714/3261/2714
f 2724/3271/2724 2725/3272/2725 2717/3264/2717 2716/3263/2716
f 2720/3267/2720 2721/3268/2721 1568/1851/1568 1933/2247/1933
f 1567/1848/1567 1568/1851/1568 2725/3272/2725 2724/3271/2724
f 2670/3215/2670 1934/2248/1934 1932/2246/1932 2671/3216/2671
f 1569/1850/1569 1565/1846/1565 1932/2246/1932 1934/2248/1934
f 1570/1849/1570 1566/1847/1566 1565/1846/1565 1569/1850/1569
f 1572/1854/1572 1564/1844/1564 1566/1847/1566 1570/1849/1570
f 1423/1853/1423 215/1845/215 1564/1844/1564 1572/1854/1572
f 2672/3217/2672 2681/3226/2681 2670/3215/2670 2671/3216/2671
f 2669/3214/2669 2670/3215/2670 2681/3226/2681 2723/3270/2723
f 2719/3266/2719 2669/3214/2669 2723/3270/2723 2722/3269/2722
f 2719/3266/2719 2722/3269/2722 2718/3265/2718
f 2721/3268/2721 2717/3264/2717 2725/3272/2725 1568/1851/1568
f 2716/3263/2716 2715/3262/2715 1567/1848/1567 2724/3271/2724
f 2728/3273/2728 2727/3274/2727 2726/3275/2726 3146/3276/3146
f 2729/3277/2729 2727/3274/2727 2728/3273/2728 2262/2638/2262
f 2726/3275/2726 2727/3274/2727 2410/2831/2410 2407/2830/2407
f 2411/2833/2411 2410/2831/2410 2727/3274/2727 2729/3277/2729
f 2729/3277/2729 2262/2638/2262 2412/2834/2412 2411/2833/2411
f 2728/3273/2728 3146/3276/3146 2256/2633/2256 2250/2624/2250
f 2250/2624/2250 2262/2638/2262 2728/3273/2728
f 2535/3031/2535 2015/2336/2015 2534/3029/2534 2532/3028/2532
f 2524/3019/2524 2535/3031/2535 2532/3028/2532 1756/2048/1756
f 1757/2047/1757 2523/3018/2523 2524/3019/2524 1756/2048/1756
f 1759/2051/1759 2525/3020/2525 2523/3018/2523 1757/2047/1757
f 2526/3021/2526 2525/3020/2525 1759/2051/1759 1763/2053/1763
f 3120/3022/3120 2526/3021/2526 1763/2053/1763 3119/2052/3119
f 1765/2057/1765 2528/3023/2528 2527/3024/2527 1760/2058/1760
f 2530/3026/2530 2528/3023/2528 1765/2057/1765 1770/2066/1770
f 1771/2065/1771 2529/3025/2529 2530/3026/2530 1770/2066/1770
f 1995/2315/1995 2531/3027/2531 2529/3025/2529 1771/2065/1771
f 2531/3027/2531 1995/2315/1995 2573/3105/2573 2575/3107/2575
f 2575/3107/2575 2573/3105/2573 2568/3100/2568 2574/3106/2574
f 1879/2192/1879 2489/2983/2489 2534/3029/2534 2015/2336/2015
f 2574/3106/2574 2568/3100/2568 2018/2339/2018 2036/2357/2036
f 2702/3249/2702 2703/3248/2703 2483/2971/2483 2664/3208/2664
f 2730/3278/2730 2034/2359/2034 2029/2354/2029 2037/2360/2037
f 2034/2359/2034 2730/3278/2730 2033/2355/2033 2026/2347/2026
f 2033/2355/2033 2730/3278/2730 2731/3279/2731 2560/3091/2560
f 2730/3278/2730 2037/2360/2037 2039/2363/2039 2731/3279/2731
f 2560/3091/2560 2731/3279/2731 2732/3280/2732 2656/3200/2656
f 2731/3279/2731 2039/2363/2039 2733/3281/2733 2732/3280/2732
f 265/819/265 2074/2405/2074 2733/3281/2733 264/1710/264
f 2732/3280/2732 2733/3281/2733 2074/2405/2074 2734/3282/2734
f 2656/3200/2656 2732/3280/2732 2734/3282/2734 2655/3201/2655
f 2655/3201/2655 2734/3282/2734 2735/3283/2735 2658/3202/2658
f 2734/3282/2734 2074/2405/2074 2075/2404/2075 2735/3283/2735
f 828/1713/828 786/1714/786 2249/2623/2249 2536/3058/2536
f 3137/1715/3137 828/1713/828 2536/3058/2536 3136/3059/3136
f 255/1716/255 801/1717/801 2537/3061/2537 2538/3060/2538
f 228/1718/228 255/1719/255 2538/3063/2538 2539/3062/2539
f 2540/3064/2540 963/1720/963 228/1718/228 2539/3062/2539
f 2541/3065/2541 1119/1721/1119 963/1720/963 2540/3064/2540
f 2542/3066/2542 229/1722/229 1119/1721/1119 2541/3065/2541
f 2543/3067/2543 241/1723/241 229/1722/229 2542/3066/2542
f 241/1723/241 2543/3067/2543 2544/3068/2544 227/1724/227
f 2545/3069/2545 962/1725/962 227/1724/227 2544/3068/2544
f 2546/3070/2546 226/1726/226 962/1725/962 2545/3069/2545
f 2547/3071/2547 224/1727/224 226/1726/226 2546/3070/2546
f 2548/3072/2548 225/1729/225 2788/1728/2788 2789/3073/2789
f 225/1729/225 2548/3072/2548 2549/3074/2549 222/1730/222
f 2550/3075/2550 1460/1731/1460 222/1730/222 2549/3074/2549
f 1405/1501/1405 223/1732/223 1612/1899/1612 2551/3076/2551
f 1612/1899/1612 223/1732/223 1460/1731/1460 2550/3075/2550
f 261/1733/261 247/1734/247 2040/2362/2040 2038/2361/2038
f 3029/1735/3029 261/1733/261 2038/2361/2038 3028/3284/3028
f 3017/3285/3017 254/3286/254 260/3287/260 3016/3288/3016
f 254/3286/254 3017/3285/3017 3018/3289/3018 1117/3290/1117
f 1117/3290/1117 3018/3289/3018 3019/3291/3019 240/3292/240
f 240/3292/240 3019/3291/3019 3020/3293/3020 1226/3294/1226
f 1226/3294/1226 3020/3293/3020 3021/3295/3021 267/1745/267
f 1726/2020/1726 1724/2016/1724 2850/3296/2850 3021/3295/3021
f 2839/3297/2839 2850/3296/2850 1724/2016/1724 1722/2015/1722
f 2840/3298/2840 238/1749/238 237/1746/237 2839/3297/2839
f 2841/3299/2841 235/1751/235 238/1749/238 2840/3298/2840
f 2842/3300/2842 1005/1753/1005 235/1751/235 2841/3299/2841
f 2843/3301/2843 2765/1757/2765 2933/1756/2933 2934/3302/2934
f 246/1758/246 236/1761/236 2844/3303/2844 2845/3304/2845
f 2847/3305/2847 246/1758/246 2845/3304/2845 2846/3306/2846
f 1815/2113/1815 244/1763/244 245/1764/245 1814/2114/1814
f 264/1710/264 2733/3281/2733 2736/3307/2736 1479/1765/1479
f 1479/1765/1479 2736/3307/2736 2040/2362/2040 247/1734/247
f 2692/3239/2692 2665/3209/2665 2738/3308/2738 2737/3309/2737
f 1350/1637/1350 2667/3213/2667 2075/2404/2075 218/818/218
f 2737/3309/2737 2739/3310/2739 2667/3213/2667 2692/3239/2692
f 2658/3202/2658 2735/3283/2735 2739/3310/2739 2737/3309/2737
f 2738/3308/2738 2659/3203/2659 2658/3202/2658 2737/3309/2737
f 2735/3283/2735 2075/2404/2075 2667/3213/2667 2739/3310/2739
f 2072/2400/2072 2659/3203/2659 2738/3308/2738 2665/3209/2665
f 1815/2113/1815 1816/2112/1816 2004/2324/2004 2740/3311/2740
f 841/1481/841 2239/2611/2239 2249/2623/2249 786/1714/786
f 2736/3307/2736 2733/3281/2733 2039/2363/2039 2040/2362/2040
f 2283/2671/2283 2295/2687/2295 2299/2688/2299 2287/2675/2287
f 2634/3170/2634 2663/3207/2663 2602/3138/2602 2601/3137/2601
f 3082/3312/3082 2741/3313/2741 2713/3259/2713 2712/3258/2712
f 3083/3314/3083 2000/3315/2000 2741/3313/2741 3082/3312/3082
f 2384/2800/2384 2386/2799/2386 2642/3180/2642 2641/3316/2641
f 3083/3317/3083 3084/3182/3084 1999/2321/1999 2000/2320/2000
f 2276/2674/2276 1896/2650/1896 1897/3318/1897
f 2423/2879/2423 1907/2222/1907 1908/2221/1908 2422/2880/2422
f 2422/2880/2422 3177/3319/3177 3178/3320/3178 2421/2881/2421
f 1910/2223/1910 2421/2881/2421 3178/3320/3178 1909/2224/1909
f 2742/3321/2742 2423/2879/2423 2420/2882/2420 2743/3322/2743
f 2861/2878/2861 2742/3321/2742 2743/3322/2743 1913/2226/1913
f 2742/3321/2742 2419/2877/2419 1907/2222/1907 2423/2879/2423
f 2422/2880/2422 1908/2221/1908 3175/3323/3175 3177/3319/3177
f 2008/3324/2008 2744/3325/2744 2004/2324/2004 2005/2326/2005
f 2007/2327/2007 2008/2330/2008 2005/2332/2005 2011/2331/2011
f 3061/3326/3061 2740/3311/2740 2745/3327/2745
f 244/1763/244 1815/2113/1815 2740/3311/2740 243/1787/243
f 2745/3327/2745 2740/3311/2740 2004/2324/2004 2744/3325/2744
f 1792/2089/1792 1793/2088/1793 1801/2095/1801 1798/2094/1798
f 1803/2099/1803 2413/3328/2413 1792/2089/1792 1798/2094/1798
f 2760/2846/2760 2761/2844/2761 2938/2843/2938 2939/2847/2939
f 1807/2101/1807 1790/2085/1790 1791/2087/1791 1806/2102/1806
f 1809/2105/1809 1789/2086/1789 1790/2085/1790 1807/2101/1807
f 1789/3329/1789 1809/2127/1809 1824/2130/1824 2746/3330/2746
f 1912/2227/1912 2747/3331/2747 2746/3330/2746 1824/2130/1824
f 3057/3032/3057 3061/3326/3061 2745/3327/2745 1688/3033/1688
f 1801/2095/1801 1796/2092/1796 1797/2091/1797 1800/2096/1800
f 1710/2002/1710 1711/2003/1711 1792/2089/1792 2413/3328/2413
f 2746/3330/2746 1823/2126/1823 1704/2125/1704 1789/3329/1789
f 2747/3331/2747 1911/2225/1911 1823/2126/1823 2746/3330/2746
f 1721/2013/1721 1719/2009/1719 2748/3332/2748 1793/2088/1793
f 2748/3332/2748 1796/2092/1796 1801/2095/1801 1793/2088/1793
f 1719/2009/1719 1716/2008/1716 2749/3333/2749 2748/3332/2748
f 2749/3333/2749 1795/2093/1795 1796/2092/1796 2748/3332/2748
f 1827/2134/1827 1885/2198/1885 2749/3333/2749 1716/2008/1716
f 1885/2198/1885 2044/2367/2044 1795/2093/1795 2749/3333/2749
f 2552/3334/2552 1688/3033/1688 2745/3327/2745 2744/3325/2744
f 3159/3335/3159 1813/3336/1813 1812/3078/1812 3158/3077/3158
f 2552/3334/2552 2744/3325/2744 2008/3324/2008 2009/3337/2009
f 2013/3338/2013 2007/2327/2007 2011/2331/2011 2014/2335/2014
f 1908/2221/1908 1820/2118/1820 3181/3339/3181 3183/3340/3183
f 1885/2198/1885 1886/2197/1886 2047/2368/2047 2044/2367/2044
f 2050/2374/2050 2064/2391/2064 2047/2368/2047 1886/2197/1886
f 2051/2373/2051 2063/2388/2063 2064/2391/2064 2050/2374/2050
f 2572/3104/2572 2063/2388/2063 2051/2373/2051 2570/3103/2570
f 2571/3102/2571 2644/3184/2644 2572/3104/2572 2570/3103/2570
f 2644/3184/2644 2571/3102/2571 2645/3186/2645 1998/2318/1998
f 2646/3185/2646 2001/2319/2001 1998/2318/1998 2645/3186/2645
f 2001/2319/2001 2646/3185/2646 2278/3187/2278 2000/2320/2000
f 2279/2664/2279 2741/3313/2741 2000/3315/2000 2278/2665/2278
f 2289/2679/2289 2713/3259/2713 2741/3313/2741 2279/2664/2279
f 1913/2226/1913 2743/3322/2743 2747/3331/2747 1912/2227/1912
f 2420/2882/2420 2421/2881/2421 1911/2225/1911 2747/3331/2747
f 2747/3331/2747 2743/3322/2743 2420/2882/2420
f 848/1115/848 557/3341/557 556/1091/556
f 2276/2674/2276 2272/2651/2272 1896/2650/1896
f 1837/2142/1837 2908/2141/2908 2909/2146/2909 2750/2145/2750
f 1834/2889/1834 1678/1979/1678 2752/1972/2752 2751/2887/2751
f 1678/1979/1678 1681/1978/1681 2753/1973/2753 2752/1972/2752
f 2754/1992/2754 2753/1973/2753 1681/1978/1681 1697/3122/1697
f 1697/3122/1697 2383/3080/2383 2755/2796/2755 2754/1992/2754
f 2383/3080/2383 2387/2861/2387 2756/2860/2756 2755/2796/2755
f 2415/2862/2415 2757/2868/2757 3065/2858/3065 3070/3079/3070
f 2414/2852/2414 2758/2864/2758 2757/2868/2757 2415/2862/2415
f 2866/2865/2866 2758/2864/2758 2414/2852/2414 2865/2851/2865
f 1805/2103/1805 1806/2102/1806 2760/2846/2760 2759/2845/2759
f 1806/2102/1806 1791/2087/1791 2761/2844/2761 2760/2846/2760
f 2762/2841/2762 2761/2844/2761 1791/2087/1791 1787/2084/1787
f 1787/2084/1787 1788/2083/1788 2763/2837/2763 2762/2841/2762
f 1788/2083/1788 1818/2116/1818 2764/2838/2764 2763/2837/2763
f 2844/3303/2844 236/1761/236 2765/1757/2765 2843/3301/2843
f 2833/1760/2833 2834/1754/2834 2765/1757/2765 236/1761/236
f 419/499/419 2767/1283/2767 2766/1286/2766 1475/531/1475
f 421/498/421 2768/1287/2768 2767/1283/2767 419/499/419
f 2769/1289/2769 2768/1287/2768 421/498/421 1509/502/1509
f 1501/517/1501 2770/1294/2770 2769/1289/2769 1509/502/1509
f 409/516/409 2771/1291/2771 2770/1294/2770 1501/517/1501
f 2772/1307/2772 2855/1306/2855 2856/3342/2856 1009/3343/1009
f 1009/3343/1009 407/3344/407 2773/1308/2773 2772/1307/2772
f 392/385/392 2778/380/2778 2777/383/2777 397/386/397
f 1023/554/1023 2779/561/2779 2778/380/2778 392/385/392
f 2882/557/2882 2883/558/2883 2779/561/2779 1023/554/1023
f 363/551/363 2781/550/2781 2780/891/2780 365/889/365
f 363/551/363 626/325/626 2782/324/2782 2781/550/2781
f 345/315/345 2783/320/2783 2782/324/2782 626/325/626
f 2784/321/2784 2783/320/2783 345/315/345 344/314/344
f 343/333/343 2785/312/2785 2784/321/2784 344/314/344
f 2786/313/2786 2785/312/2785 343/333/343 1159/332/1159
f 2787/1496/2787 2786/313/2786 1159/332/1159 1457/1495/1457
f 2788/1728/2788 2787/1496/2787 1457/1495/1457 224/1727/224
f 2789/3073/2789 2788/1728/2788 224/1727/224 2547/3071/2547
f 2790/1904/2790 2789/3073/2789 2547/3071/2547 1616/1924/1616
f 2791/1905/2791 2790/1904/2790 1616/1924/1616 1615/1923/1615
f 1615/1923/1615 1617/1906/1617 2792/1911/2792 2791/1905/2791
f 2793/1912/2793 2792/1911/2792 1617/1906/1617 1618/1909/1618
f 1618/1909/1618 1625/1918/1625 2794/1916/2794 2793/1912/2793
f 1831/2138/1831 2795/2137/2795 2794/1916/2794 1625/1918/1625
f 1831/2138/1831 1837/2142/1837 2750/2145/2750 2795/2137/2795
f 2796/2759/2796 2359/2763/2359 2354/2760/2354 2797/2754/2797
f 2798/2753/2798 2797/2754/2797 2354/2760/2354 2352/2751/2352
f 2353/2750/2353 2799/2752/2799 2798/2753/2798 2352/2751/2352
f 2800/2498/2800 2799/2752/2799 2353/2750/2353 2152/2491/2152
f 2153/2490/2153 2801/2497/2801 2800/2498/2800 2152/2491/2152
f 2153/2939/2153 2159/2911/2159 2802/2502/2802 2801/2938/2801
f 2159/2911/2159 2144/2909/2144 2803/2484/2803 2802/2502/2802
f 2143/2907/2143 2804/2480/2804 2803/2484/2803 2144/2909/2144
f 2805/2481/2805 2804/2480/2804 2143/2907/2143 2142/2905/2142
f 2142/2905/2142 2428/2903/2428 2806/3086/2806 2805/2481/2805
f 2807/3083/2807 2806/3086/2806 2428/2903/2428 2429/2902/2429
f 2808/3084/2808 2807/3083/2807 2429/2902/2429 2426/2886/2426
f 2424/2885/2424 2809/2883/2809 2808/3084/2808 2426/2886/2426
f 2424/2885/2424 2130/2794/2130 2810/2469/2810 2809/2883/2809
f 2130/2794/2130 2131/2793/2131 2811/2470/2811 2810/2469/2810
f 2131/2793/2131 1712/2004/1712 2812/2468/2812 2811/2470/2811
f 1713/2007/1713 2813/2467/2813 2812/2468/2812 1712/2004/1712
f 423/1318/423 402/1242/402 2815/884/2815 2814/883/2814
f 977/1234/977 2816/886/2816 2815/884/2815 402/1242/402
f 612/1233/612 2817/885/2817 2816/886/2816 977/1234/977
f 1018/1327/1018 2818/1325/2818 2817/885/2817 612/1233/612
f 1018/1327/1018 391/1328/391 2819/1509/2819 2818/1325/2818
f 2820/1510/2820 2819/1509/2819 391/1328/391 360/1332/360
f 2821/1512/2821 2820/1510/2820 360/1332/360 1019/1331/1019
f 361/1334/361 2822/904/2822 2821/1512/2821 1019/1331/1019
f 2823/905/2823 2822/904/2822 361/1334/361 362/1336/362
f 362/1336/362 359/1337/359 2824/906/2824 2823/905/2823
f 271/1339/271 2825/925/2825 2824/906/2824 359/1337/359
f 273/1367/273 2826/1366/2826 2825/925/2825 271/1339/271
f 273/915/273 715/914/715 2827/921/2827 2826/920/2826
f 2828/1193/2828 2827/921/2827 715/914/715 924/1192/924
f 924/1192/924 923/1191/923 2829/1194/2829 2828/1193/2828
f 2830/1195/2830 2829/1194/2829 923/1191/923 925/1202/925
f 2831/1200/2831 2830/1195/2830 925/1202/925 929/1204/929
f 3012/1317/3012 3014/795/3014 741/782/741 424/505/424
f 2832/1759/2832 1476/530/1476 1475/531/1475 2833/1760/2833
f 1475/531/1475 2766/1286/2766 2834/1754/2834 2833/1760/2833
f 2766/1286/2766 2931/1285/2931 2932/1755/2932 2834/1754/2834
f 1474/413/1474 1473/412/1473 2836/1750/2836 2835/1752/2835
f 1473/412/1473 1472/423/1472 2837/1748/2837 2836/1750/2836
f 1472/423/1472 1471/422/1471 2838/1747/2838 2837/1748/2837
f 1723/2014/1723 2840/3298/2840 2839/3297/2839 1722/2015/1722
f 1708/2000/1708 2841/3299/2841 2840/3298/2840 1723/2014/1723
f 1709/1999/1709 2842/3300/2842 2841/3299/2841 1708/2000/1708
f 2764/2838/2764 2843/3301/2843 2934/3302/2934 2935/2839/2935
f 1818/2116/1818 2844/3303/2844 2843/3301/2843 2764/2838/2764
f 2845/3304/2845 2844/3303/2844 1818/2116/1818 1817/2115/1817
f 1470/424/1470 2849/1744/2849 2838/1747/2838 1471/422/1471
f 237/1746/237 239/1743/239 2850/3296/2850 2839/3297/2839
f 2848/1762/2848 2832/1759/2832 246/1758/246 2847/3305/2847
f 1814/2114/1814 2846/3306/2846 2845/3304/2845 1817/2115/1817
f 245/1764/245 2847/3305/2847 2846/3306/2846 1814/2114/1814
f 1477/529/1477 2848/1762/2848 2847/3305/2847 245/1764/245
f 406/508/406 404/511/404 2852/1315/2852 2851/1316/2851
f 2853/1309/2853 2852/1315/2852 404/511/404 408/510/408
f 408/510/408 1008/513/1008 2854/1310/2854 2853/1309/2853
f 2855/1306/2855 2925/1305/2925 2926/1292/2926 2771/1291/2771
f 2856/3342/2856 2855/1306/2855 2771/1291/2771 409/516/409
f 2857/1296/2857 2856/3342/2856 409/516/409 413/515/413
f 2858/1297/2858 2857/1296/2857 413/515/413 414/519/414
f 414/541/414 508/540/508 2859/1299/2859 2858/1298/2858
f 572/641/572 2860/1320/2860 2859/1299/2859 508/540/508
f 1913/2226/1913 1825/2129/1825 2862/2857/2862 2861/2878/2861
f 1808/2128/1808 2863/2856/2863 2862/2857/2862 1825/2129/1825
f 2864/2850/2864 2863/2854/2863 1808/2104/1808 1804/2100/1804
f 2865/2851/2865 2864/2850/2864 1804/2100/1804 1805/2103/1805
f 2759/2845/2759 2866/2865/2866 2865/2851/2865 1805/2103/1805
f 2941/2866/2941 2866/2865/2866 2759/2845/2759 2940/2848/2940
f 1799/2097/1799 2868/2869/2868 2867/2872/2867 1802/2098/1802
f 2869/2875/2869 2868/2869/2868 1799/2097/1799 1800/2096/1800
f 1797/2091/1797 2870/2876/2870 2869/2875/2869 1800/2096/1800
f 2871/1700/2871 995/3345/995 2872/1273/2872
f 994/3346/994 2873/1270/2873 2872/1273/2872 995/3345/995
f 994/1262/994 992/1257/992 2874/1258/2874 2873/1266/2873
f 992/1257/992 991/1256/991 2875/1251/2875 2874/1258/2874
f 991/1256/991 1125/1255/1125 2876/1252/2876 2875/1251/2875
f 2877/960/2877 2876/1252/2876 1125/1255/1125 700/967/700
f 469/966/469 2878/957/2878 2877/960/2877 700/967/700
f 756/968/756 2879/961/2879 2878/957/2878 469/966/469
f 956/888/956 2880/840/2880 2879/961/2879 756/968/756
f 2881/556/2881 2880/840/2880 956/888/956 366/887/366
f 2882/557/2882 2881/556/2881 366/887/366 365/889/365
f 365/889/365 2780/891/2780 2883/558/2883 2882/557/2882
f 2780/891/2780 757/890/757 2884/559/2884 2883/558/2883
f 2885/563/2885 2884/559/2884 757/890/757 353/892/353
f 758/893/758 2886/707/2886 2885/563/2885 353/892/353
f 2887/1330/2887 2886/707/2886 758/893/758 759/894/759
f 759/894/759 1038/1350/1038 2888/1343/2888 2887/1330/2887
f 1038/1350/1038 1039/1346/1039 2889/1344/2889 2888/1343/2888
f 1039/1346/1039 1037/1345/1037 2890/1341/2890 2889/1344/2889
f 1037/1345/1037 668/1363/668 2891/1342/2891 2890/1341/2890
f 668/1363/668 1061/1369/1061 2892/1371/2892 2891/1342/2891
f 1061/1369/1061 1077/1398/1077 2893/1395/2893 2892/1371/2892
f 755/1399/755 2894/1598/2894 2893/1395/2893 1077/1398/1077
f 2895/3347/2895 2894/1598/2894 755/1399/755 667/1444/667
f 2896/3348/2896 2895/3347/2895 667/1444/667 661/1445/661
f 2897/3349/2897 2726/3275/2726 2407/2830/2407 2898/2825/2898
f 2899/2826/2899 2898/2825/2898 2407/2830/2407 2404/2899/2404
f 2900/2813/2900 2899/2820/2899 2404/2898/2404 2399/2897/2399
f 2901/2809/2901 2900/2813/2900 2399/2897/2399 2397/2895/2397
f 2902/2810/2902 2901/2809/2901 2397/2895/2397 2396/2896/2396
f 2396/2896/2396 2181/2894/2181 2903/2536/2903 2902/2810/2902
f 2904/2537/2904 2903/2536/2903 2181/2894/2181 2180/2893/2180
f 2905/2539/2905 2904/2537/2904 2180/2893/2180 2184/2892/2184
f 2906/2424/2906 2905/2539/2905 2184/2892/2184 2093/2891/2093
f 1835/2890/1835 2907/2144/2907 2906/2424/2906 2093/2891/2093
f 1834/2889/1834 2908/2141/2908 2907/2144/2907 1835/2890/1835
f 2909/2146/2909 2908/2141/2908 1834/2889/1834 2751/2887/2751
f 2910/2147/2910 2909/2146/2909 2751/2887/2751 1839/2888/1839
f 1840/3120/1840 2911/2149/2911 2910/2147/2910 1839/2888/1839
f 2912/2294/2912 2911/2149/2911 1840/3120/1840 1976/2901/1976
f 2427/2904/2427 2913/2900/2913 2912/2294/2912 1976/2901/1976
f 2914/2917/2914 2913/2900/2913 2427/2904/2427 2430/2906/2430
f 2915/2919/2915 2914/2917/2914 2430/2906/2430 2431/2908/2431
f 2916/2914/2916 2915/2919/2915 2431/2908/2431 2432/2910/2432
f 2917/2915/2917 2916/2914/2916 2432/2910/2432 2433/2912/2433
f 2918/2941/2918 2917/2915/2917 2433/2912/2433 2150/2940/2150
f 2919/2965/2919 2918/2941/2918 2150/2940/2150 2154/3350/2154
f 2920/3172/2920 2919/2965/2919 2154/3350/2154 2121/2783/2121
f 2121/2783/2121 2961/2782/2961 2921/3173/2921 2920/3172/2920
f 2922/3174/2922 2947/3189/2947 2636/3188/2636 2520/3014/2520
f 2924/1304/2924 2923/1302/2923 3031/1301/3031 3032/3351/3032
f 3032/3351/3032 3033/3352/3033 2925/1305/2925 2924/1304/2924
f 2926/1292/2926 2925/1305/2925 3033/3352/3033 3034/3353/3034
f 2927/1293/2927 2926/1292/2926 3034/3353/3034 3035/3354/3035
f 2928/1290/2928 2927/1293/2927 3035/3354/3035 3036/3355/3036
f 3037/3356/3037 2929/1288/2929 2928/1290/2928 3036/3355/3036
f 2930/1284/2930 2929/1288/2929 3037/3356/3037 3038/3357/3038
f 2931/1285/2931 2930/1284/2930 3038/3357/3038 3039/3358/3039
f 2932/1755/2932 2931/1285/2931 3039/3358/3039 3040/3359/3040
f 2933/1756/2933 2932/1755/2932 3040/3359/3040 3041/3360/3041
f 2934/3302/2934 2933/1756/2933 3041/3360/3041 3042/3361/3042
f 2935/2839/2935 2934/3302/2934 3042/3361/3042 3043/3362/3043
f 2936/2840/2936 2935/2839/2935 3043/3362/3043 3044/3363/3044
f 2937/2842/2937 2936/2840/2936 3044/3363/3044 3045/3364/3045
f 3045/3364/3045 3046/3365/3046 2938/2843/2938 2937/2842/2937
f 2939/2847/2939 2938/2843/2938 3046/3365/3046 3047/3366/3047
f 2940/2848/2940 2939/2847/2939 3047/3366/3047 3048/3367/3048
f 3049/3368/3049 2941/2866/2941 2940/2848/2940 3048/3367/3048
f 3050/3369/3050 2942/2863/2942 2941/2866/2941 3049/3368/3049
f 2943/2867/2943 2942/2863/2942 3050/3369/3050 3051/3370/3051
f 2944/1370/2944 1060/1362/1060 1059/1361/1059 1311/1618/1311
f 2453/2942/2453 2945/3192/2945 2452/2935/2452 2435/2916/2435
f 2477/2969/2477 2945/3192/2945 2453/2942/2453 2476/2966/2476
f 2651/3195/2651 2479/2968/2479 2518/3013/2518
f 2650/3194/2650 2649/3193/2649 2945/3192/2945 2477/2969/2477
f 1080/1446/1080 1314/1621/1314 1309/1614/1309
f 2651/3195/2651 2650/3194/2650 2477/2969/2477 2479/2968/2479
f 1313/1620/1313 1091/1443/1091 1079/1400/1079
f 2651/3195/2651 2518/3013/2518 2521/3015/2521 2652/3196/2652
f 2652/3196/2652 2521/3015/2521 2647/3190/2647
f 1313/1620/1313 1314/1621/1314 1080/1446/1080 1091/1443/1091
f 2946/3371/2946 2896/3348/2896 661/1445/661 1302/1615/1302
f 909/1215/909 1270/1213/1270 1269/1169/1269
f 2368/2775/2368 2369/2774/2369 2367/2772/2367
f 2948/1212/2948 937/1214/937 933/1206/933
f 933/1206/933 936/1211/936 2949/1210/2949 2948/1212/2948
f 2950/1154/2950 2949/1210/2949 936/1211/936 752/1180/752
f 752/1180/752 891/1178/891 2951/1155/2951 2950/1154/2950
f 891/1178/891 753/923/753 2952/869/2952 2951/1155/2951
f 2953/870/2953 2952/869/2952 753/923/753 754/922/754
f 2954/2452/2954 2121/2499/2121 2120/2500/2120 2955/2453/2955
f 2320/2738/2320 2956/2716/2956 2955/2453/2955 2120/2500/2120
f 2319/2740/2319 2957/2713/2957 2956/2716/2956 2320/2738/2320
f 2958/2768/2958 2957/2713/2957 2319/2740/2319 2366/2770/2366
f 2363/2765/2363 2959/2771/2959 2958/2768/2958 2366/2770/2366
f 2368/2775/2368 2959/2771/2959 2363/2765/2363
f 2960/1225/2960 2953/1224/2953 754/1599/754
f 754/1599/754 2894/1598/2894 2895/3347/2895 2960/1225/2960
f 2973/3372/2973 2961/2782/2961 2954/2784/2954 2972/3373/2972
f 2921/3173/2921 2961/2782/2961 2973/3372/2973 2922/3174/2922
f 935/1207/935 1270/1213/1270 937/1214/937
f 2364/2766/2364 2959/2771/2959 2368/2775/2368
f 948/1221/948 716/1220/716 2963/1223/2963 2962/1222/2962
f 716/1143/716 706/1142/706 2964/868/2964 2963/867/2963
f 2965/1156/2965 2964/868/2964 706/1142/706 892/1161/892
f 2966/1157/2966 2965/1156/2965 892/1161/892 888/1160/888
f 888/1160/888 934/1208/934 2967/1209/2967 2966/1157/2966
f 2948/1212/2948 2967/1209/2967 934/1208/934 935/1207/935
f 2959/2771/2959 2364/2766/2364 2365/2767/2365 2968/2769/2968
f 2322/2719/2322 2969/2714/2969 2968/2769/2968 2365/2767/2365
f 2970/2715/2970 2969/2714/2969 2322/2719/2322 2321/2718/2321
f 2971/2454/2971 2970/2715/2970 2321/2718/2321 2119/2702/2119
f 2118/2701/2118 2972/2451/2972 2971/2454/2971 2119/2702/2119
f 2373/2779/2373 2973/3372/2973 2972/3373/2972 2118/2780/2118
f 2896/3348/2896 2962/1222/2962 2960/1225/2960 2895/3347/2895
f 2922/3174/2922 2973/3372/2973 2947/3189/2947
f 948/1221/948 2962/1222/2962 2946/3371/2946 2974/1600/2974
f 2978/3374/2978 2975/1217/2975 2974/1600/2974 2946/3371/2946
f 2976/3375/2976 2373/2779/2373 2372/2778/2372 2637/3176/2637
f 2977/3376/2977 2976/3375/2976 2637/3176/2637 2170/2520/2170
f 2946/3371/2946 2962/1222/2962 2896/3348/2896
f 2947/3189/2947 2973/3372/2973 2373/2779/2373 2976/3375/2976
f 328/1617/328 2978/3374/2978 2946/3371/2946 1302/1615/1302
f 2979/2777/2979 2947/3189/2947 2976/3375/2976 2977/3376/2977
f 582/727/582 941/651/941 2975/1217/2975 2978/3374/2978
f 1923/2236/1923 2977/3376/2977 2170/2520/2170
f 582/727/582 2978/3374/2978 328/1617/328
f 1993/2313/1993 2979/2777/2979 2977/3376/2977 1923/2236/1923
f 2981/1803/2981 2980/1809/2980 1535/2270/1535 1528/2284/1528
f 1527/2289/1527 2982/1800/2982 2981/1803/2981 1528/2284/1528
f 1965/2287/1965 2983/2517/2983 2982/1800/2982 1527/2289/1527
f 2984/2463/2984 2983/2517/2983 1965/2287/1965 1966/2286/1966
f 2985/2464/2985 2984/2463/2984 1966/2286/1966 1974/2292/1974
f 2986/2466/2986 2985/2464/2985 1974/2292/1974 1980/2298/1980
f 1980/2298/1980 2161/2510/2161 2987/2511/2987 2986/2466/2986
f 2161/2510/2161 2192/2547/2192 2988/2551/2988 2987/2511/2987
f 2989/2543/2989 2988/2551/2988 2192/2547/2192 2188/2550/2188
f 2188/2550/2188 209/981/209 2990/972/2990 2989/2543/2989
f 773/980/773 2991/969/2991 2990/972/2990 209/981/209
f 2992/984/2992 2991/969/2991 773/980/773 283/977/283
f 763/933/763 2993/935/2993 2992/984/2992 283/977/283
f 631/712/631 2994/882/2994 2993/935/2993 763/933/763
f 2995/878/2995 2994/882/2994 631/712/631 276/706/276
f 2996/879/2996 2995/878/2995 276/706/276 275/702/275
f 2997/940/2997 2996/879/2996 275/702/275 277/701/277
f 277/701/277 771/703/771 2998/208/2998 2997/940/2997
f 771/703/771 278/698/278 2999/209/2999 2998/208/2998
f 3000/216/3000 2999/209/2999 278/698/278 578/684/578
f 578/684/578 279/682/279 3001/213/3001 3000/216/3000
f 3002/214/3002 3001/213/3001 279/682/279 588/681/588
f 588/681/588 280/683/280 3003/218/3003 3002/214/3002
f 280/683/280 281/688/281 3004/219/3004 3003/218/3003
f 281/688/281 282/691/282 3005/222/3005 3004/219/3004
f 282/691/282 208/694/208 3006/224/3006 3005/222/3005
f 1541/2276/1541 3007/1815/3007 3006/1817/3006 208/2279/208
f 1538/2274/1538 3008/1813/3008 3007/1815/3007 1541/2276/1541
f 1537/2269/1537 3009/1810/3009 3008/1813/3008 1538/2274/1538
f 1533/2268/1533 3010/1806/3010 3009/1810/3009 1537/2269/1537
f 3011/1807/3011 3010/1806/3010 1533/2268/1533 1532/2267/1532
f 1535/2270/1535 2980/1809/2980 3011/1807/3011 1532/2267/1532
f 3013/3377/3013 2813/2467/2813 1713/2007/1713 2870/2876/2870
f 3015/2382/3015 2052/2375/2052 2813/2467/2813 3013/3377/3013
f 3012/1317/3012 2851/1316/2851 423/1318/423 2814/883/2814
f 1794/2090/1794 3013/3377/3013 2870/2876/2870 1797/2091/1797
f 2045/2370/2045 3015/2382/3015 3013/3377/3013 1794/2090/1794
f 2814/883/2814 742/789/742 3014/795/3014 3012/1317/3012
f 3063/1303/3063 2923/1302/2923 2773/1308/2773 3062/3378/3062
f 1715/2005/1715 2756/2860/2756 3066/2859/3066 3067/3379/3067
f 2030/2353/2030 3016/3288/3016 3028/3284/3028 2038/2361/2038
f 2031/2352/2031 3017/3285/3017 3016/3288/3016 2030/2353/2030
f 3018/3289/3018 3017/3285/3017 2031/2352/2031 1733/2025/1733
f 3019/3291/3019 3018/3289/3018 1733/2025/1733 1734/2028/1734
f 3020/3293/3020 3019/3291/3019 1734/2028/1734 1725/2017/1725
f 3021/3295/3021 3020/3293/3020 1725/2017/1725 1726/2020/1726
f 3023/1738/3023 3022/1737/3022 260/3287/260 254/3286/254
f 254/3286/254 1117/3290/1117 3024/1739/3024 3023/1738/3023
f 1117/3290/1117 240/3292/240 3025/1740/3025 3024/1739/3024
f 240/3292/240 1226/3294/1226 3026/1741/3026 3025/1740/3025
f 1226/3294/1226 267/1745/267 3027/1742/3027 3026/1741/3026
f 1464/767/1464 1463/775/1463 3030/1736/3030 3022/1737/3022
f 3027/1742/3027 2849/1744/2849 1470/424/1470 1469/426/1469
f 3021/3295/3021 2850/3296/2850 239/1743/239 267/1745/267
f 260/3287/260 3029/1735/3029 3028/3284/3028 3016/3288/3016
f 3030/1736/3030 3029/1735/3029 260/3287/260 3022/1737/3022
f 3072/3380/3072 405/1313/405 3031/1301/3031 3064/1300/3064
f 3032/3351/3032 3031/1301/3031 405/1313/405 1013/1311/1013
f 1013/1311/1013 2854/1310/2854 3033/3352/3033 3032/3351/3032
f 3034/3353/3034 3033/3352/3033 2854/1310/2854 1008/513/1008
f 3035/3354/3035 3034/3353/3034 1008/513/1008 1500/514/1500
f 3036/3355/3036 3035/3354/3035 1500/514/1500 1508/1789/1508
f 1007/414/1007 3037/3356/3037 3036/3355/3036 1508/1789/1508
f 3038/3357/3038 3037/3356/3037 1007/414/1007 1006/410/1006
f 3039/3358/3039 3038/3357/3038 1006/410/1006 1474/413/1474
f 3040/3359/3040 3039/3358/3039 1474/413/1474 2835/1752/2835
f 3041/3360/3041 3040/3359/3040 2835/1752/2835 1005/1753/1005
f 3042/3361/3042 3041/3360/3041 1005/1753/1005 2842/3300/2842
f 3043/3362/3043 3042/3361/3042 2842/3300/2842 1709/1999/1709
f 3044/3363/3044 3043/3362/3043 1709/1999/1709 1706/1998/1706
f 3045/3364/3045 3044/3363/3044 1706/1998/1706 1710/2002/1710
f 1710/2002/1710 2413/3328/2413 3046/3365/3046 3045/3364/3045
f 3047/3366/3047 3046/3365/3046 2413/3328/2413 1803/2099/1803
f 3048/3367/3048 3047/3366/3047 1803/2099/1803 1802/2098/1802
f 2867/2872/2867 3049/3368/3049 3048/3367/3048 1802/2098/1802
f 2416/2871/2416 3050/3369/3050 3049/3368/3049 2867/2872/2867
f 3051/3370/3051 3050/3369/3050 2416/2871/2416 1714/2874/1714
f 1715/2005/1715 3067/3379/3067 3073/2006/3073
f 2774/3381/2774 2775/1237/2775 978/1235/978 403/1243/403
f 2756/2860/2756 1715/2005/1715 2381/2792/2381 2755/2796/2755
f 1138/378/1138 1137/377/1137 3052/1467/3052 3058/1469/3058
f 1137/377/1137 1136/393/1136 3053/1465/3053 3052/1467/3052
f 3054/1466/3054 3053/1465/3053 1136/393/1136 1135/392/1135
f 3056/3035/3056 3055/3037/3055 232/1468/232 949/1464/949
f 233/1463/233 3057/3032/3057 3056/3035/3056 949/1464/949
f 3058/1469/3058 3052/1467/3052 232/1468/232 242/3040/242
f 3059/3039/3059 242/3040/242 232/1468/232 3055/3037/3055
f 3060/1786/3060 3054/1466/3054 1135/392/1135 1497/1788/1497
f 1496/1770/1496 3060/1786/3060 1497/1788/1497
f 233/1463/233 234/1785/234 3061/3326/3061 3057/3032/3057
f 234/1785/234 243/1787/243 2740/3311/2740 3061/3326/3061
f 979/1507/979 2775/1237/2775 2774/3381/2774 401/1506/401
f 614/1548/614 2776/401/2776 2775/1237/2775 979/1507/979
f 2777/383/2777 2776/401/2776 614/1548/614 397/386/397
f 2774/3381/2774 3063/1303/3063 3062/3378/3062 401/1506/401
f 403/1243/403 3064/1300/3064 3063/1303/3063 2774/3381/2774
f 3066/2859/3066 3065/2858/3065 2757/2868/2757 2943/2867/2943
f 3067/3379/3067 3066/2859/3066 2943/2867/2943 3051/3370/3051
f 407/3344/407 3068/3382/3068 3062/3378/3062 2773/1308/2773
f 3069/3383/3069 3068/3382/3068 407/3344/407 411/3384/411
f 3070/3079/3070 3065/2858/3065 2387/2861/2387 3090/3385/3090
f 3091/3386/3091 3071/2111/3071 3070/3079/3070 3090/3385/3090
f 403/1243/403 3072/3380/3072 3064/1300/3064
f 402/1242/402 423/1318/423 3072/3380/3072 403/1243/403
f 3073/2006/3073 3067/3379/3067 3051/3370/3051 1714/2874/1714
f 405/1313/405 3072/3380/3072 423/1318/423 1015/1314/1015
f 3014/795/3014 742/789/742 1221/792/1221 3074/796/3074
f 3075/807/3075 3074/796/3074 1221/792/1221 679/800/679
f 510/793/510 3076/806/3076 3075/807/3075 679/800/679
f 3077/808/3077 3076/806/3076 510/793/510 491/755/491
f 3078/1608/3078 3077/808/3077 491/755/491 543/758/543
f 3079/1609/3079 3078/1608/3078 543/758/543 1305/1606/1305
f 1488/1775/1488 3080/1776/3080 3079/1609/3079 1305/1606/1305
f 1488/1605/1488 1487/1604/1487 3081/1771/3081 3080/1773/3080
f 1487/1604/1487 1486/1684/1486 3081/1771/3081
f 2640/3179/2640 3082/3312/3082 2712/3258/2712
f 2641/3178/2641 3083/3314/3083 3082/3312/3082 2640/3179/2640
f 2641/3316/2641 2642/3180/2642 3084/3182/3084 3083/3317/3083
f 3085/3183/3085 3084/3182/3084 2642/3180/2642 2023/2342/2023
f 3086/2395/3086 3085/3183/3085 2023/2342/2023 2020/2341/2020
f 3087/2392/3087 3086/2395/3086 2020/2341/2020 2056/2379/2056
f 2056/2379/2056 2061/2386/2061 3088/2393/3088 3087/2392/3087
f 3089/2381/3089 3088/2393/3088 2061/2386/2061 2055/2376/2055
f 3015/2382/3015 3089/2381/3089 2055/2376/2055 2052/2375/2052
f 1693/1991/1693 3090/3385/3090 2387/2861/2387 2382/2795/2382
f 1694/1990/1694 3091/3386/3091 3090/3385/3090 1693/1991/1693
f 1812/3078/1812 3091/3386/3091 1694/1990/1694 1691/1985/1691
f 3068/3382/3068 3092/1505/3092 401/1506/401 3062/3378/3062
f 3093/1504/3093 3092/1505/3092 3068/3382/3068 3069/3383/3069
f 410/523/410 3093/1504/3093 3069/3383/3069 3094/524/3094
f 1812/3078/1812 3095/2108/3095 3071/2111/3071 3091/3386/3091
f 3096/525/3096 3094/524/3094 3098/403/3098 412/402/412
f 502/634/502 3096/3387/3096 412/545/412 505/544/505
f 1812/3078/1812 1813/3336/1813 3097/3388/3097 3095/2108/3095
f 1820/2118/1820 3097/2117/3097 1813/3389/1813 3181/3339/3181
f 411/3384/411 3098/403/3098 3094/524/3094 3069/3383/3069
f 3095/2108/3095 3097/3388/3097 1698/3390/1698 3099/2109/3099
f 1010/404/1010 3098/403/3098 411/3384/411 3203/1295/3203
f 1698/3390/1698 1701/2853/1701 1700/2855/1700 3099/2109/3099
f 1353/1635/1353 538/817/538 3101/663/3101 3100/1659/3100
f 3102/664/3102 3101/663/3101 538/817/538 719/816/719
f 3103/665/3103 3102/664/3102 719/816/719 697/872/697
f 3104/666/3104 3103/665/3103 697/872/697 1177/1521/1177
f 3105/667/3105 3104/666/3104 1177/1521/1177 437/763/437
f 3106/441/3106 3105/667/3105 437/763/437 445/759/445
f 445/759/445 450/469/450 3107/442/3107 3106/441/3106
f 450/469/450 457/468/457 3108/452/3108 3107/442/3107
f 457/468/457 1110/1455/1110 3109/1453/3109 3108/452/3108
f 1110/1455/1110 1433/466/1433 3110/460/3110 3109/1453/3109
f 1433/466/1433 1197/465/1197 3111/461/3111 3110/460/3110
f 3112/616/3112 3111/461/3111 1197/465/1197 461/629/461
f 3113/617/3113 3112/616/3112 461/629/461 555/632/555
f 3114/1089/3114 3113/1088/3113 555/1099/555 845/1102/845
f 858/1114/858 3114/1089/3114 845/1102/845 857/1122/857
f 870/1134/870 858/1114/858 857/1122/857 869/1133/869
f 2285/2673/2285 2297/2693/2297 2296/2691/2296 2284/2680/2284
f 3115/2648/3115 2285/2673/2285 2284/2680/2284 2269/2659/2269
f 3116/2649/3116 3115/2648/3115 2269/2659/2269 1892/2658/1892
f 3117/2205/3117 3116/2204/3116 1892/2217/1892 1891/2216/1891
f 3118/2055/3118 3117/2205/3117 1891/2216/1891 1761/2059/1761
f 1760/2058/1760 3119/2052/3119 3118/2055/3118 1761/2059/1761
f 2527/3024/2527 3120/3022/3120 3119/2052/3119 1760/2058/1760
f 1752/2060/1752 3121/2045/3121 3120/3022/3120 2527/3024/2527
f 1742/2063/1742 3122/2036/3122 3121/2045/3121 1752/2060/1752
f 1741/2346/1741 3123/2033/3123 3122/2036/3122 1742/2063/1742
f 3124/2253/3124 3123/2033/3123 1741/2346/1741 1939/2350/1939
f 3125/2251/3125 3124/2253/3124 1939/2350/1939 1938/3094/1938
f 3126/2252/3126 3125/2251/3125 1938/3094/1938 1937/2455/1937
f 3127/2249/3127 3126/2252/3126 1937/2455/1937 1936/2402/1936
f 3128/2250/3128 3127/2249/3127 1936/2402/1936 1935/2401/1935
f 2666/3210/2666 3129/3233/3129 3128/2250/3128 1935/2401/1935
f 310/1663/310 3100/1659/3100 1383/1660/1383
f 2691/3236/2691 3129/3233/3129 2666/3210/2666 2695/3241/2695
f 2403/2824/2403 2897/3349/2897 2898/2825/2898
f 2897/2819/2897 2403/2817/2403 2225/2588/2225 3130/2609/3130
f 2224/2586/2224 3131/2606/3131 3130/2609/3130 2225/2588/2225
f 2221/2581/2221 3132/2593/3132 3131/2606/3131 2224/2586/2224
f 2216/2576/2216 3133/2590/3133 3132/2593/3132 2221/2581/2221
f 2217/2575/2217 3134/2594/3134 3133/2590/3133 2216/2576/2216
f 2223/2585/2223 3135/2596/3135 3134/2594/3134 2217/2575/2217
f 2537/3061/2537 3136/3059/3136 3135/2596/3135 2223/2585/2223
f 801/1717/801 3137/1715/3137 3136/3059/3136 2537/3061/2537
f 801/1717/801 1447/1485/1447 3138/1483/3138 3137/1715/3137
f 1447/1485/1447 1149/1023/1149 3139/1034/3139 3138/1483/3138
f 1149/1023/1149 800/1014/800 3140/1032/3140 3139/1034/3139
f 800/1014/800 799/1013/799 3141/1028/3141 3140/1032/3140
f 799/1013/799 798/1019/798 3142/1029/3142 3141/1028/3141
f 798/1019/798 809/1025/809 3143/1046/3143 3142/1029/3142
f 809/1025/809 808/1027/808 3144/1047/3144 3143/1046/3143
f 2871/1265/2871 3144/1047/3144 808/1027/808 995/1263/995
f 1424/1704/1424 3145/1702/3145 1425/1701/1425 1426/1705/1426
f 1424/1704/1424 794/1064/794 797/1073/797 3145/1702/3145
f 2264/3391/2264 3146/3276/3146 2726/3275/2726 2897/3349/2897
f 2256/2633/2256 3146/3276/3146 2264/3391/2264
f 3147/2641/3147 2248/2622/2248 2265/3392/2265
f 3148/2600/3148 3147/2641/3147 2265/3392/2265 2230/3393/2230
f 3149/2601/3149 3148/2600/3148 2230/3393/2230 2222/3394/2222
f 3150/2573/3150 3149/2583/3149 2222/3395/2222 2215/3396/2215
f 3151/1949/3151 3150/2573/3150 2215/3396/2215 1653/3397/1653
f 1652/3398/1652 3152/1946/3152 3151/1949/3151 1653/3397/1653
f 1781/3399/1781 3153/2078/3153 3152/1946/3152 1652/3398/1652
f 1676/3038/1676 3154/1970/3154 3153/2078/3153 1781/3399/1781
f 3155/1971/3155 3154/1970/3154 1676/3038/1676 1675/3036/1675
f 3156/1987/3156 3155/1971/3155 1675/3036/1675 1689/3034/1689
f 1688/3033/1688 3157/1984/3157 3156/1987/3156 1689/3034/1689
f 1688/3033/1688 2552/3334/2552 3158/3077/3158 3157/1984/3157
f 2009/3337/2009 3159/3335/3159 3158/3077/3158 2552/3334/2552
f 2010/2328/2010 3160/3400/3160 3159/3401/3159 2009/2329/2009
f 818/1076/818 3161/1081/3161 1146/1062/1146 788/1055/788
f 1002/1042/1002 3162/1039/3162 3161/1081/3161 818/1076/818
f 803/1041/803 3163/1036/3163 3162/1039/3162 1002/1042/1002
f 784/1008/784 3164/1010/3164 3163/1021/3163 803/1015/803
f 476/488/476 3165/356/3165 3164/1010/3164 784/1008/784
f 3166/357/3166 3165/356/3165 476/488/476 1133/487/1133
f 3167/486/3167 3166/357/3166 1133/487/1133 475/490/475
f 3168/379/3168 3167/486/3167 475/490/475 477/489/477
f 478/491/478 3169/376/3169 3168/379/3168 477/489/477
f 950/493/950 3170/394/3170 3169/376/3169 478/491/478
f 3171/395/3171 3170/394/3170 950/493/950 479/492/479
f 3172/1502/3172 3171/395/3171 479/492/479 410/523/410
f 3173/1796/3173 3172/1502/3172 410/523/410 498/526/498
f 3174/1798/3174 3173/1797/3173 498/3402/498 3182/3403/3182
f 1491/1779/1491 2860/1320/2860 572/641/572 1492/1780/1492
f 2861/2878/2861 2419/2877/2419 2742/3321/2742
f 1911/2225/1911 2421/2881/2421 1910/2223/1910
f 573/1324/573 569/638/569 567/637/567 3180/1778/3180
f 3175/3323/3175 3184/3404/3184 3185/3405/3185 2013/3338/2013
f 564/636/564 3176/1781/3176 3187/3406/3187 3188/3407/3188
f 3177/3319/3177 3175/3323/3175 2013/3338/2013 2014/2335/2014
f 3178/3320/3178 3177/3319/3177 2014/2335/2014 1909/2224/1909
f 1489/1321/1489 3179/1777/3179 3176/1781/3176 564/636/564
f 3180/1778/3180 3179/1777/3179 1489/1321/1489 573/1324/573
f 2013/3338/2013 3185/3405/3185 2010/2328/2010 2007/2327/2007
f 3176/1781/3176 565/1782/565 3186/1799/3186 3187/3406/3187
f 3160/3400/3160 3181/3339/3181 1813/3389/1813 3159/3401/3159
f 1908/2221/1908 3183/3340/3183 3184/3404/3184 3175/3323/3175
f 502/634/502 3182/3403/3182 498/3402/498 3096/3387/3096
f 564/636/564 3188/3407/3188 3182/3403/3182 502/634/502
f 3183/3340/3183 3181/3339/3181 3160/3400/3160 3184/3404/3184
f 3185/3405/3185 3184/3404/3184 3160/3400/3160 2010/2328/2010
f 3187/3406/3187 3186/1799/3186 1517/744/1517 3174/1798/3174
f 3188/3407/3188 3187/3406/3187 3174/1798/3174 3182/3403/3182
f 2014/2335/2014 2011/2331/2011 2012/2334/2012
f 1494/745/1494 501/741/501 565/1782/565 566/749/566
f 3059/3039/3059 1676/3038/1676 1781/3399/1781 3189/3041/3189
f 3190/3043/3190 3189/3041/3189 1781/3399/1781 1652/3398/1652
f 3191/3045/3191 3190/3043/3190 1652/3398/1652 1653/3397/1653
f 2215/3396/2215 3192/3047/3192 3191/3045/3191 1653/3397/1653
f 2222/3395/2222 3193/3049/3193 3192/3047/3192 2215/3396/2215
f 2230/3393/2230 3194/3051/3194 3193/3054/3193 2222/3394/2222
f 2265/3392/2265 3195/3055/3195 3194/3051/3194 2230/3393/2230
f 2248/2622/2248 3195/3055/3195 2265/3392/2265
f 242/3040/242 230/3042/230 3196/1470/3196 3058/1469/3058
f 230/3042/230 1134/3044/1134 3197/1471/3197 3196/1470/3196
f 1134/3044/1134 231/3046/231 3198/1472/3198 3197/1471/3197
f 3199/1473/3199 3198/1472/3198 231/3046/231 785/3048/785
f 3200/1474/3200 3199/1473/3199 785/3048/785 802/3050/802
f 3201/1476/3201 3200/1475/3200 802/3053/802 1001/3052/1001
f 3202/1477/3202 3201/1476/3201 1001/3052/1001 829/3056/829
f 1146/1062/1146 3202/1477/3202 829/3056/829 787/3057/787
f 831/1056/831 1146/1062/1146 787/3057/787 830/1478/830
f 3203/1295/3203 411/3384/411 407/3344/407 1009/3343/1009
f 2857/1296/2857 3203/1295/3203 1009/3343/1009 2856/3342/2856
f 1700/2855/1700 3204/2849/3204 1699/2110/1699 3099/2109/3099
f 1700/2855/1700 2864/2850/2864 3204/2849/3204
f 3207/3408/3207 3210/3409/3210 3209/3410/3209 3208/3411/3208
f 3211/3412/3211 3212/3413/3212 3207/3408/3207 3208/3411/3208
f 3213/3414/3213 3214/3415/3214 3216/3416/3216 3215/3417/3215
f 3217/3418/3217 3213/3414/3213 3215/3417/3215
f 3217/3418/3217 3221/3419/3221 3219/3420/3219
f 3222/3421/3222 3225/3422/3225 3224/3423/3224 3223/3424/3223
f 3222/3421/3222 3223/3424/3223 3264/3425/3264 3226/3426/3226
f 3225/3422/3225 3222/3421/3222 3221/3419/3221 3220/3427/3220
f 3225/3422/3225 3220/3427/3220 3227/3428/3227
f 3220/3427/3220 3215/3417/3215 3228/3429/3228 3227/3428/3227
f 3215/3417/3215 3216/3416/3216 3229/3430/3229
f 3230/3431/3230 3231/3432/3231 3229/3433/3229 3216/3434/3216
f 3229/3433/3229 3231/3432/3231 3207/3408/3207 3212/3413/3212
f 3257/3435/3257 3232/3436/3232 3231/3432/3231 3230/3431/3230
f 3231/3432/3231 3232/3436/3232 3210/3409/3210 3207/3408/3207
f 3258/3437/3258 3233/3438/3233 3232/3436/3232 3257/3435/3257
f 3232/3436/3232 3233/3438/3233 3234/3439/3234 3210/3409/3210
f 3234/3439/3234 3233/3438/3233 3236/3440/3236 3235/3441/3235
f 3234/3439/3234 3235/3441/3235 3238/3442/3238 3237/3443/3237
f 3234/3439/3234 3237/3443/3237 3209/3410/3209 3210/3409/3210
f 3237/3443/3237 3238/3442/3238 3224/3423/3224 3239/3444/3239
f 3237/3443/3237 3239/3444/3239 3240/3445/3240 3209/3410/3209
f 3240/3445/3240 3211/3412/3211 3208/3411/3208 3209/3410/3209
f 3240/3445/3240 3239/3444/3239 3227/3428/3227 3228/3429/3228
f 3240/3445/3240 3228/3429/3228 3211/3446/3211
f 3239/3444/3239 3224/3423/3224 3225/3422/3225 3227/3428/3227
f 3238/3442/3238 3235/3441/3235 3205/3447/3205 3241/3448/3241
f 3238/3442/3238 3241/3448/3241 3223/3424/3223 3224/3423/3224
f 3241/3448/3241 3205/3447/3205 3242/3449/3242 3265/3450/3265
f 3241/3448/3241 3265/3450/3265 3264/3451/3264 3223/3424/3223
f 3242/3449/3242 3206/3452/3206 3243/3453/3243 3226/3454/3226
f 3243/3453/3243 3206/3452/3206 3260/3455/3260 3244/3456/3244
f 3243/3457/3243 3244/3458/3244 3221/3419/3221
f 3243/3457/3243 3221/3419/3221 3222/3421/3222 3226/3426/3226
f 3247/3459/3247 3269/3460/3269 3268/3461/3268 3248/3462/3248
f 3247/3459/3247 3248/3462/3248 3251/3463/3251 3250/3464/3250
f 3250/3464/3250 3251/3463/3251 3253/3465/3253 3252/3466/3252
f 3254/3467/3254 3255/3468/3255 3214/3469/3214 3256/3470/3256
f 3214/3469/3214 3255/3468/3255 3230/3431/3230 3216/3434/3216
f 3255/3468/3255 3253/3465/3253 3257/3435/3257 3230/3431/3230
f 3257/3435/3257 3253/3465/3253 3251/3463/3251 3258/3437/3258
f 3258/3437/3258 3251/3463/3251 3248/3462/3248 3259/3471/3259
f 3259/3471/3259 3236/3440/3236 3233/3438/3233 3258/3437/3258
f 3267/3472/3267 3266/3473/3266 3236/3440/3236 3259/3471/3259
f 3260/3455/3260 3249/3474/3249 3261/3475/3261 3244/3456/3244
f 3261/3475/3261 3249/3474/3249 3246/3476/3246 3245/3477/3245
f 3261/3478/3261 3245/3479/3245 3218/3480/3218 3219/3420/3219
f 3261/3478/3261 3219/3420/3219 3221/3419/3221 3244/3458/3244
f 3267/3472/3267 3259/3471/3259 3248/3462/3248 3268/3461/3268
f 3235/3441/3235 3236/3440/3236 3266/3473/3266 3205/3447/3205
f 3252/3466/3252 3253/3465/3253 3255/3468/3255 3254/3467/3254
f 3212/3481/3212 3228/3429/3228 3215/3417/3215 3229/3430/3229
f 3212/3481/3212 3211/3446/3211 3228/3429/3228
f 3218/3480/3218 3262/3482/3262 3217/3418/3217 3219/3420/3219
f 3217/3418/3217 3262/3482/3262 3263/3483/3263 3213/3414/3213
f 3213/3414/3213 3263/3483/3263 3256/3484/3256 3214/3415/3214
f 3265/3450/3265 3242/3449/3242 3226/3454/3226 3264/3451/3264
f 3217/3418/3217 3220/3427/3220 3221/3419/3221
f 3217/3418/3217 3215/3417/3215 3220/3427/3220
f 3206/3452/3206 3242/3449/3242 3205/3447/3205 3266/3473/3266
f 3260/3455/3260 3206/3452/3206 3266/3473/3266 3267/3472/3267
f 3260/3455/3260 3267/3472/3267 3268/3461/3268 3249/3474/3249
f 3269/3460/3269 3246/3476/3246 3249/3474/3249 3268/3461/3268
f 3271/3485/3271 3291/3486/3291 3270/3487/3270 3272/3488/3272
f 3274/3489/3274 3275/3490/3275 3273/3491/3273
f 3276/3492/3276 3279/3493/3279 3278/3494/3278 3277/3495/3277
f 3276/3492/3276 3281/3496/3281 3280/3497/3280 3279/3493/3279
f 3282/3498/3282 3302/3499/3302 3301/3500/3301
f 3308/3501/3308 3309/3502/3309 3317/3503/3317 3283/3504/3283
f 3283/3504/3283 3317/3503/3317 3318/3505/3318
f 3287/3506/3287 3288/3507/3288 3271/3485/3271 3273/3491/3273
f 3287/3506/3287 3273/3491/3273 3275/3490/3275
f 3290/3508/3290 3292/3509/3292 3291/3486/3291
f 3290/3508/3290 3291/3486/3291 3271/3485/3271 3288/3507/3288
f 3293/3510/3293 3295/3511/3295 3290/3508/3290 3294/3512/3294
f 3290/3508/3290 3288/3507/3288 3296/3513/3296 3294/3512/3294
f 3290/3508/3290 3295/3511/3295 3292/3509/3292
f 3296/3513/3296 3288/3507/3288 3287/3506/3287 3297/3514/3297
f 3287/3506/3287 3298/3515/3298 3289/3516/3289 3297/3514/3297
f 3287/3506/3287 3275/3490/3275 3298/3515/3298
f 3298/3517/3298 3275/3518/3275 3300/3519/3300 3299/3520/3299
f 3298/3517/3298 3299/3520/3299 3301/3500/3301 3289/3516/3289
f 3299/3520/3299 3323/3521/3323 3282/3498/3282 3301/3500/3301
f 3301/3500/3301 3302/3499/3302 3289/3516/3289
f 3282/3498/3282 3311/3522/3311 3303/3523/3303 3302/3499/3302
f 3302/3499/3302 3303/3523/3303 3297/3514/3297 3289/3516/3289
f 3297/3514/3297 3303/3523/3303 3304/3524/3304 3296/3513/3296
f 3296/3513/3296 3304/3524/3304 3305/3525/3305 3294/3512/3294
f 3294/3512/3294 3305/3525/3305 3306/3526/3306 3293/3527/3293
f 3293/3527/3293 3326/3528/3326 3307/3529/3307 3295/3530/3295
f 3295/3530/3295 3307/3529/3307 3308/3501/3308 3292/3531/3292
f 3292/3509/3292 3270/3487/3270 3291/3486/3291
f 3308/3501/3308 3283/3504/3283 3270/3532/3270 3292/3531/3292
f 3307/3529/3307 3285/3533/3285 3309/3502/3309 3308/3501/3308
f 3326/3528/3326 3284/3534/3284 3285/3533/3285 3307/3529/3307
f 3305/3525/3305 3286/3535/3286 3284/3534/3284 3306/3526/3306
f 3305/3525/3305 3304/3524/3304 3310/3536/3310 3286/3535/3286
f 3304/3524/3304 3303/3523/3303 3311/3522/3311 3310/3536/3310
f 3310/3536/3310 3311/3522/3311 3313/3537/3313 3312/3538/3312
f 3310/3536/3310 3312/3538/3312 3314/3539/3314 3286/3535/3286
f 3314/3539/3314 3312/3538/3312 3316/3540/3316 3315/3541/3315
f 3314/3539/3314 3315/3541/3315 3309/3502/3309 3285/3533/3285
f 3314/3539/3314 3285/3533/3285 3284/3534/3284 3286/3535/3286
f 3315/3541/3315 3320/3542/3320 3317/3503/3317 3309/3502/3309
f 3318/3505/3318 3317/3503/3317 3320/3542/3320 3319/3543/3319
f 3319/3543/3319 3320/3542/3320 3280/3497/3280 3281/3496/3281
f 3315/3541/3315 3316/3540/3316 3280/3497/3280 3320/3542/3320
f 3280/3497/3280 3316/3540/3316 3321/3544/3321 3279/3493/3279
f 3322/3545/3322 3278/3494/3278 3279/3493/3279 3321/3544/3321
f 3321/3544/3321 3316/3540/3316 3312/3538/3312 3313/3537/3313
f 3321/3544/3321 3313/3537/3313 3323/3521/3323 3322/3545/3322
f 3323/3521/3323 3313/3537/3313 3311/3522/3311 3282/3498/3282
f 3299/3520/3299 3300/3519/3300 3322/3545/3322 3323/3521/3323
f 3322/3545/3322 3300/3519/3300 3325/3546/3325 3278/3494/3278
f 3278/3494/3278 3325/3546/3325 3324/3547/3324 3277/3495/3277
f 3324/3547/3324 3325/3546/3325 3274/3548/3274
f 3325/3546/3325 3300/3519/3300 3275/3518/3275 3274/3548/3274
f 3274/3489/3274 3273/3491/3273 3271/3485/3271 3272/3488/3272
f 3306/3526/3306 3284/3534/3284 3326/3528/3326
f 3293/3527/3293 3306/3526/3306 3326/3528/3326
f 3381/3549/3381 3329/3550/3329 3330/3551/3330
f 3331/3552/3331 3349/3553/3349 3350/3554/3350
f 3379/3555/3379 3333/3556/3333 3332/3557/3332
f 3332/3557/3332 3351/3558/3351 3380/3559/3380 3379/3555/3379
f 3355/3560/3355 3354/3561/3354 3335/3562/3335 3334/3563/3334
f 3336/3564/3336 3333/3556/3333 3338/3565/3338 3337/3566/3337
f 3336/3564/3336 3337/3566/3337 3340/3567/3340 3339/3568/3339
f 3341/3569/3341 3332/3557/3332 3333/3556/3333 3336/3564/3336
f 3343/3570/3343 3344/3571/3344 3345/3572/3345 3330/3551/3330
f 3343/3570/3343 3330/3551/3330 3329/3550/3329 3342/3573/3342
f 3345/3572/3345 3344/3571/3344 3346/3574/3346
f 3345/3572/3345 3348/3575/3348 3347/3576/3347
f 3345/3572/3345 3347/3576/3347 3328/3577/3328 3330/3551/3330
f 3347/3578/3347 3362/3579/3362 3350/3554/3350 3328/3580/3328
f 3328/3580/3328 3350/3554/3350 3349/3553/3349 3327/3581/3327
f 3381/3549/3381 3380/3559/3380 3351/3558/3351 3329/3550/3329
f 3332/3557/3332 3341/3569/3341 3352/3582/3352 3351/3558/3351
f 3352/3582/3352 3342/3573/3342 3329/3550/3329 3351/3558/3351
f 3353/3583/3353 3343/3584/3343 3342/3573/3342 3352/3582/3352
f 3353/3583/3353 3371/3585/3371 3344/3586/3344 3343/3584/3343
f 3344/3586/3344 3371/3585/3371 3372/3587/3372 3346/3588/3346
f 3354/3589/3354 3355/3590/3355 3357/3591/3357 3356/3592/3356
f 3354/3589/3354 3356/3592/3356 3345/3572/3345 3346/3574/3346
f 3356/3592/3356 3357/3591/3357 3359/3593/3359 3358/3594/3358
f 3356/3592/3356 3358/3594/3358 3348/3575/3348 3345/3572/3345
f 3378/3595/3378 3361/3596/3361 3358/3597/3358 3359/3598/3359
f 3358/3597/3358 3361/3596/3361 3360/3599/3360 3348/3600/3348
f 3348/3600/3348 3360/3599/3360 3362/3579/3362 3347/3578/3347
f 3360/3599/3360 3364/3601/3364 3363/3602/3363 3362/3579/3362
f 3362/3579/3362 3363/3602/3363 3331/3552/3331 3350/3554/3350
f 3363/3602/3363 3364/3601/3364 3365/3603/3365 3338/3565/3338
f 3363/3602/3363 3338/3565/3338 3333/3556/3333 3331/3552/3331
f 3365/3603/3365 3366/3604/3366 3368/3605/3368 3367/3606/3367
f 3365/3603/3365 3367/3606/3367 3337/3566/3337 3338/3565/3338
f 3367/3606/3367 3368/3605/3368 3370/3607/3370 3369/3608/3369
f 3367/3606/3367 3369/3608/3369 3340/3567/3340 3337/3566/3337
f 3370/3607/3370 3335/3562/3335 3372/3587/3372 3369/3608/3369
f 3369/3608/3369 3372/3587/3372 3371/3585/3371 3340/3567/3340
f 3340/3567/3340 3371/3585/3371 3353/3583/3353 3339/3568/3339
f 3335/3562/3335 3354/3561/3354 3346/3588/3346 3372/3587/3372
f 3353/3583/3353 3352/3582/3352 3341/3569/3341 3339/3568/3339
f 3373/3609/3373 3334/3563/3334 3335/3562/3335 3370/3607/3370
f 3373/3609/3373 3370/3607/3370 3368/3605/3368 3374/3610/3374
f 3374/3610/3374 3368/3605/3368 3366/3604/3366 3375/3611/3375
f 3377/3612/3377 3361/3596/3361 3378/3595/3378 3376/3613/3376
f 3377/3612/3377 3364/3601/3364 3360/3599/3360 3361/3596/3361
f 3377/3612/3377 3366/3604/3366 3365/3603/3365 3364/3601/3364
f 3375/3611/3375 3366/3604/3366 3377/3612/3377 3376/3613/3376
f 3331/3552/3331 3333/3556/3333 3379/3555/3379
f 3380/3559/3380 3349/3553/3349 3331/3552/3331 3379/3555/3379
f 3327/3581/3327 3349/3553/3349 3380/3559/3380 3381/3549/3381
f 3327/3614/3327 3381/3549/3381 3330/3551/3330 3328/3577/3328
f 3336/3564/3336 3339/3568/3339 3341/3569/3341
f 3384/3615/3384 3385/3616/3385 3386/3617/3386 3387/3618/3387
f 3388/3619/3388 3385/3616/3385 3384/3615/3384 3389/3620/3389
f 3390/3621/3390 3392/3622/3392 3393/3623/3393 3391/3624/3391
f 3394/3625/3394 3392/3622/3392 3390/3621/3390
f 3394/3625/3394 3396/3626/3396 3398/3627/3398
f 3399/3628/3399 3400/3629/3400 3401/3630/3401 3402/3631/3402
f 3399/3628/3399 3403/3632/3403 3441/3633/3441 3400/3629/3400
f 3402/3631/3402 3397/3634/3397 3398/3627/3398 3399/3628/3399
f 3402/3631/3402 3404/3635/3404 3397/3634/3397
f 3397/3634/3397 3404/3635/3404 3405/3636/3405 3392/3622/3392
f 3392/3622/3392 3406/3637/3406 3393/3623/3393
f 3407/3638/3407 3393/3639/3393 3406/3640/3406 3408/3641/3408
f 3406/3640/3406 3389/3620/3389 3384/3615/3384 3408/3641/3408
f 3434/3642/3434 3407/3638/3407 3408/3641/3408 3409/3643/3409
f 3408/3641/3408 3384/3615/3384 3387/3618/3387 3409/3643/3409
f 3435/3644/3435 3434/3642/3434 3409/3643/3409 3410/3645/3410
f 3409/3643/3409 3387/3618/3387 3411/3646/3411 3410/3645/3410
f 3411/3646/3411 3412/3647/3412 3413/3648/3413 3410/3645/3410
f 3411/3646/3411 3414/3649/3414 3415/3650/3415 3412/3647/3412
f 3411/3646/3411 3387/3618/3387 3386/3617/3386 3414/3649/3414
f 3414/3649/3414 3416/3651/3416 3401/3630/3401 3415/3650/3415
f 3414/3649/3414 3386/3617/3386 3417/3652/3417 3416/3651/3416
f 3417/3652/3417 3386/3617/3386 3385/3616/3385 3388/3619/3388
f 3417/3652/3417 3405/3636/3405 3404/3635/3404 3416/3651/3416
f 3417/3652/3417 3388/3653/3388 3405/3636/3405
f 3416/3651/3416 3404/3635/3404 3402/3631/3402 3401/3630/3401
f 3415/3650/3415 3418/3654/3418 3382/3655/3382 3412/3647/3412
f 3415/3650/3415 3401/3630/3401 3400/3629/3400 3418/3654/3418
f 3418/3654/3418 3442/3656/3442 3419/3657/3419 3382/3655/3382
f 3418/3654/3418 3400/3629/3400 3441/3658/3441 3442/3656/3442
f 3419/3657/3419 3403/3659/3403 3420/3660/3420 3383/3661/3383
f 3420/3660/3420 3421/3662/3421 3437/3663/3437 3383/3661/3383
f 3420/3664/3420 3398/3627/3398 3421/3665/3421
f 3420/3664/3420 3403/3632/3403 3399/3628/3399 3398/3627/3398
f 3424/3666/3424 3425/3667/3425 3445/3668/3445 3446/3669/3446
f 3424/3666/3424 3427/3670/3427 3428/3671/3428 3425/3667/3425
f 3427/3670/3427 3429/3672/3429 3430/3673/3430 3428/3671/3428
f 3431/3674/3431 3433/3675/3433 3391/3676/3391 3432/3677/3432
f 3391/3676/3391 3393/3639/3393 3407/3638/3407 3432/3677/3432
f 3432/3677/3432 3407/3638/3407 3434/3642/3434 3430/3673/3430
f 3434/3642/3434 3435/3644/3435 3428/3671/3428 3430/3673/3430
f 3435/3644/3435 3436/3678/3436 3425/3667/3425 3428/3671/3428
f 3436/3678/3436 3435/3644/3435 3410/3645/3410 3413/3648/3413
f 3444/3679/3444 3436/3678/3436 3413/3648/3413 3443/3680/3443
f 3437/3663/3437 3421/3662/3421 3438/3681/3438 3426/3682/3426
f 3438/3681/3438 3422/3683/3422 3423/3684/3423 3426/3682/3426
f 3438/3685/3438 3396/3626/3396 3395/3686/3395 3422/3687/3422
f 3438/3685/3438 3421/3665/3421 3398/3627/3398 3396/3626/3396
f 3444/3679/3444 3445/3668/3445 3425/3667/3425 3436/3678/3436
f 3412/3647/3412 3382/3655/3382 3443/3680/3443 3413/3648/3413
f 3429/3672/3429 3431/3674/3431 3432/3677/3432 3430/3673/3430
f 3389/3688/3389 3406/3637/3406 3392/3622/3392 3405/3636/3405
f 3389/3688/3389 3405/3636/3405 3388/3653/3388
f 3395/3686/3395 3396/3626/3396 3394/3625/3394 3439/3689/3439
f 3394/3625/3394 3390/3621/3390 3440/3690/3440 3439/3689/3439
f 3390/3621/3390 3391/3624/3391 3433/3691/3433 3440/3690/3440
f 3442/3656/3442 3441/3658/3441 3403/3659/3403 3419/3657/3419
f 3394/3625/3394 3398/3627/3398 3397/3634/3397
f 3394/3625/3394 3397/3634/3397 3392/3622/3392
f 3383/3661/3383 3443/3680/3443 3382/3655/3382 3419/3657/3419
f 3437/3663/3437 3444/3679/3444 3443/3680/3443 3383/3661/3383
f 3437/3663/3437 3426/3682/3426 3445/3668/3445 3444/3679/3444
f 3446/3669/3446 3445/3668/3445 3426/3682/3426 3423/3684/3423
f 3448/3692/3448 3449/3693/3449 3447/3694/3447 3468/3695/3468
f 3451/3696/3451 3450/3697/3450 3452/3698/3452
f 3453/3699/3453 3454/3700/3454 3455/3701/3455 3456/3702/3456
f 3453/3699/3453 3456/3702/3456 3457/3703/3457 3458/3704/3458
f 3459/3705/3459 3478/3706/3478 3479/3707/3479
f 3485/3708/3485 3460/3709/3460 3494/3710/3494 3486/3711/3486
f 3460/3709/3460 3495/3712/3495 3494/3710/3494
f 3464/3713/3464 3450/3697/3450 3448/3692/3448 3465/3714/3465
f 3464/3713/3464 3452/3698/3452 3450/3697/3450
f 3467/3715/3467 3468/3695/3468 3469/3716/3469
f 3467/3715/3467 3465/3714/3465 3448/3692/3448 3468/3695/3468
f 3470/3717/3470 3471/3718/3471 3467/3715/3467 3472/3719/3472
f 3467/3715/3467 3471/3718/3471 3473/3720/3473 3465/3714/3465
f 3467/3715/3467 3469/3716/3469 3472/3719/3472
f 3473/3720/3473 3474/3721/3474 3464/3713/3464 3465/3714/3465
f 3464/3713/3464 3474/3721/3474 3466/3722/3466 3475/3723/3475
f 3464/3713/3464 3475/3723/3475 3452/3698/3452
f 3475/3723/3475 3476/3724/3476 3477/3725/3477 3452/3698/3452
f 3475/3723/3475 3466/3722/3466 3478/3726/3478 3476/3724/3476
f 3476/3727/3476 3478/3706/3478 3459/3705/3459 3500/3728/3500
f 3478/3706/3478 3466/3722/3466 3479/3707/3479
f 3459/3705/3459 3479/3707/3479 3480/3729/3480 3488/3730/3488
f 3479/3707/3479 3466/3722/3466 3474/3721/3474 3480/3729/3480
f 3474/3721/3474 3473/3720/3473 3481/3731/3481 3480/3729/3480
f 3473/3720/3473 3471/3718/3471 3482/3732/3482 3481/3731/3481
f 3471/3718/3471 3470/3717/3470 3483/3733/3483 3482/3732/3482
f 3470/3717/3470 3472/3719/3472 3484/3734/3484 3503/3735/3503
f 3472/3719/3472 3469/3716/3469 3485/3736/3485 3484/3734/3484
f 3469/3716/3469 3468/3695/3468 3447/3694/3447
f 3485/3736/3485 3469/3716/3469 3447/3694/3447 3460/3737/3460
f 3484/3738/3484 3485/3708/3485 3486/3711/3486 3462/3739/3462
f 3503/3740/3503 3484/3738/3484 3462/3739/3462 3461/3741/3461
f 3482/3732/3482 3483/3733/3483 3461/3741/3461 3463/3742/3463
f 3482/3732/3482 3463/3742/3463 3487/3743/3487 3481/3731/3481
f 3481/3731/3481 3487/3743/3487 3488/3730/3488 3480/3729/3480
f 3487/3743/3487 3489/3744/3489 3490/3745/3490 3488/3730/3488
f 3487/3743/3487 3463/3742/3463 3491/3746/3491 3489/3744/3489
f 3491/3746/3491 3492/3747/3492 3493/3748/3493 3489/3744/3489
f 3491/3746/3491 3462/3739/3462 3486/3711/3486 3492/3747/3492
f 3491/3746/3491 3463/3742/3463 3461/3741/3461 3462/3739/3462
f 3492/3747/3492 3486/3711/3486 3494/3710/3494 3497/3749/3497
f 3495/3712/3495 3496/3750/3496 3497/3749/3497 3494/3710/3494
f 3496/3750/3496 3458/3704/3458 3457/3703/3457 3497/3749/3497
f 3492/3747/3492 3497/3749/3497 3457/3703/3457 3493/3748/3493
f 3457/3703/3457 3456/3702/3456 3498/3751/3498 3493/3748/3493
f 3499/3752/3499 3498/3751/3498 3456/3702/3456 3455/3701/3455
f 3498/3751/3498 3490/3745/3490 3489/3744/3489 3493/3748/3493
f 3498/3751/3498 3499/3752/3499 3500/3728/3500 3490/3745/3490
f 3500/3728/3500 3459/3705/3459 3488/3730/3488 3490/3745/3490
f 3476/3727/3476 3500/3728/3500 3499/3752/3499 3477/3753/3477
f 3499/3752/3499 3455/3701/3455 3502/3754/3502 3477/3753/3477
f 3455/3701/3455 3454/3700/3454 3501/3755/3501 3502/3754/3502
f 3501/3756/3501 3451/3696/3451 3502/3757/3502
f 3502/3757/3502 3451/3696/3451 3452/3698/3452 3477/3725/3477
f 3451/3696/3451 3449/3693/3449 3448/3692/3448 3450/3697/3450
f 3483/3733/3483 3503/3740/3503 3461/3741/3461
f 3470/3717/3470 3503/3740/3503 3483/3733/3483
f 3558/3758/3558 3507/3759/3507 3506/3760/3506
f 3508/3761/3508 3527/3762/3527 3526/3763/3526
f 3556/3764/3556 3509/3765/3509 3510/3766/3510
f 3509/3765/3509 3556/3764/3556 3557/3767/3557 3528/3768/3528
f 3532/3769/3532 3511/3770/3511 3512/3771/3512 3531/3772/3531
f 3513/3773/3513 3514/3774/3514 3515/3775/3515 3510/3766/3510
f 3513/3773/3513 3516/3776/3516 3517/3777/3517 3514/3774/3514
f 3518/3778/3518 3513/3773/3513 3510/3766/3510 3509/3765/3509
f 3520/3779/3520 3507/3759/3507 3522/3780/3522 3521/3781/3521
f 3520/3779/3520 3519/3782/3519 3506/3760/3506 3507/3759/3507
f 3522/3780/3522 3523/3783/3523 3521/3781/3521
f 3522/3780/3522 3524/3784/3524 3525/3785/3525
f 3522/3780/3522 3507/3759/3507 3505/3786/3505 3524/3784/3524
f 3524/3787/3524 3505/3788/3505 3527/3762/3527 3539/3789/3539
f 3505/3788/3505 3504/3790/3504 3526/3763/3526 3527/3762/3527
f 3558/3758/3558 3506/3760/3506 3528/3768/3528 3557/3767/3557
f 3509/3765/3509 3528/3768/3528 3529/3791/3529 3518/3778/3518
f 3529/3791/3529 3528/3768/3528 3506/3760/3506 3519/3782/3519
f 3530/3792/3530 3529/3791/3529 3519/3782/3519 3520/3793/3520
f 3530/3792/3530 3520/3793/3520 3521/3794/3521 3548/3795/3548
f 3521/3794/3521 3523/3796/3523 3549/3797/3549 3548/3795/3548
f 3531/3798/3531 3533/3799/3533 3534/3800/3534 3532/3801/3532
f 3531/3798/3531 3523/3783/3523 3522/3780/3522 3533/3799/3533
f 3533/3799/3533 3535/3802/3535 3536/3803/3536 3534/3800/3534
f 3533/3799/3533 3522/3780/3522 3525/3785/3525 3535/3802/3535
f 3555/3804/3555 3536/3805/3536 3535/3806/3535 3538/3807/3538
f 3535/3806/3535 3525/3808/3525 3537/3809/3537 3538/3807/3538
f 3525/3808/3525 3524/3787/3524 3539/3789/3539 3537/3809/3537
f 3537/3809/3537 3539/3789/3539 3540/3810/3540 3541/3811/3541
f 3539/3789/3539 3527/3762/3527 3508/3761/3508 3540/3810/3540
f 3540/3810/3540 3515/3775/3515 3542/3812/3542 3541/3811/3541
f 3540/3810/3540 3508/3761/3508 3510/3766/3510 3515/3775/3515
f 3542/3812/3542 3544/3813/3544 3545/3814/3545 3543/3815/3543
f 3542/3812/3542 3515/3775/3515 3514/3774/3514 3544/3813/3544
f 3544/3813/3544 3546/3816/3546 3547/3817/3547 3545/3814/3545
f 3544/3813/3544 3514/3774/3514 3517/3777/3517 3546/3816/3546
f 3547/3817/3547 3546/3816/3546 3549/3797/3549 3512/3771/3512
f 3546/3816/3546 3517/3777/3517 3548/3795/3548 3549/3797/3549
f 3517/3777/3517 3516/3776/3516 3530/3792/3530 3548/3795/3548
f 3512/3771/3512 3549/3797/3549 3523/3796/3523 3531/3772/3531
f 3530/3792/3530 3516/3776/3516 3518/3778/3518 3529/3791/3529
f 3550/3818/3550 3547/3817/3547 3512/3771/3512 3511/3770/3511
f 3550/3818/3550 3551/3819/3551 3545/3814/3545 3547/3817/3547
f 3551/3819/3551 3552/3820/3552 3543/3815/3543 3545/3814/3545
f 3554/3821/3554 3553/3822/3553 3555/3804/3555 3538/3807/3538
f 3554/3821/3554 3538/3807/3538 3537/3809/3537 3541/3811/3541
f 3554/3821/3554 3541/3811/3541 3542/3812/3542 3543/3815/3543
f 3552/3820/3552 3553/3822/3553 3554/3821/3554 3543/3815/3543
f 3508/3761/3508 3556/3764/3556 3510/3766/3510
f 3557/3767/3557 3556/3764/3556 3508/3761/3508 3526/3763/3526
f 3504/3790/3504 3558/3758/3558 3557/3767/3557 3526/3763/3526
f 3504/3823/3504 3505/3786/3505 3507/3759/3507 3558/3758/3558
f 3513/3773/3513 3518/3778/3518 3516/3776/3516
f 3559/3824/3559 3703/3825/3703 3569/3826/3569 3568/3827/3568
f 3570/3828/3570 3704/3829/3704 3560/3830/3560 3571/3831/3571
f 3586/3832/3586 3576/3833/3576 3561/3834/3561 3572/3835/3572
f 3561/3834/3561 3562/3836/3562 3573/3837/3573 3572/3835/3572
f 3562/3836/3562 3584/3838/3584 3585/3839/3585 3573/3837/3573
f 3707/3840/3707 3702/3841/3702 3693/3842/3693 3708/3843/3708
f 3564/3844/3564 3694/3845/3694 3695/3846/3695 3576/3833/3576
f 3709/3847/3709 3693/3842/3693 3694/3848/3694 3564/3849/3564
f 3565/3850/3565 3579/3851/3579 3578/3852/3578 3577/3853/3577
f 3565/3850/3565 3566/3854/3566 3580/3855/3580 3579/3851/3579
f 3565/3850/3565 3577/3853/3577 3581/3856/3581 3566/3854/3566
f 3566/3857/3566 3581/3858/3581 3582/3859/3582 3580/3855/3580
f 3584/3838/3584 3700/3860/3700 3701/3861/3701 3567/3862/3567
f 3584/3838/3584 3699/3863/3699 3700/3860/3700
f 3562/3836/3562 3698/3864/3698 3699/3863/3699 3584/3838/3584
f 3562/3836/3562 3561/3834/3561 3697/3865/3697 3698/3864/3698
f 3576/3833/3576 3696/3866/3696 3697/3865/3697 3561/3834/3561
f 3586/3832/3586 3587/3867/3587 3564/3844/3564 3576/3833/3576
f 3576/3833/3576 3695/3846/3695 3696/3866/3696
f 3578/3852/3578 3594/3868/3594 3697/3865/3697 3696/3866/3696
f 3695/3846/3695 3577/3853/3577 3578/3852/3578 3696/3866/3696
f 3695/3846/3695 3694/3845/3694 3581/3856/3581 3577/3853/3577
f 3694/3848/3694 3693/3842/3693 3582/3859/3582 3581/3858/3581
f 3693/3842/3693 3702/3841/3702 3570/3828/3570 3582/3859/3582
f 3570/3828/3570 3589/3869/3589 3588/3870/3588 3582/3859/3582
f 3570/3828/3570 3571/3831/3571 3589/3869/3589
f 3571/3831/3571 3568/3827/3568 3590/3871/3590 3589/3869/3589
f 3568/3827/3568 3569/3826/3569 3591/3872/3591 3590/3871/3590
f 3698/3864/3698 3591/3872/3591 3569/3826/3569 3699/3863/3699
f 3560/3873/3560 3704/3874/3704 3703/3825/3703 3559/3824/3559
f 3698/3864/3698 3697/3865/3697 3594/3868/3594 3591/3872/3591
f 3579/3851/3579 3593/3875/3593 3594/3868/3594 3578/3852/3578
f 3580/3855/3580 3588/3870/3588 3593/3875/3593 3579/3851/3579
f 3582/3859/3582 3588/3870/3588 3580/3855/3580
f 3593/3875/3593 3588/3870/3588 3589/3869/3589 3590/3871/3590
f 3593/3875/3593 3590/3871/3590 3591/3872/3591 3594/3868/3594
f 3571/3831/3571 3560/3873/3560 3559/3824/3559 3568/3827/3568
f 3583/3876/3583 3585/3839/3585 3584/3838/3584 3567/3862/3567
f 3600/3877/3600 3628/3878/3628 3626/3879/3626 3599/3880/3599
f 3603/3881/3603 3606/3882/3606 3605/3883/3605 3604/3884/3604
f 3603/3881/3603 3636/3885/3636 3635/3886/3635 3606/3882/3606
f 3607/3887/3607 3636/3885/3636 3603/3881/3603 3608/3888/3608
f 3609/3889/3609 3621/3890/3621 3611/3891/3611 3610/3892/3610
f 3609/3889/3609 3623/3893/3623 3621/3890/3621
f 3595/3894/3595 3618/3895/3618 3613/3896/3613 3612/3897/3612
f 3614/3898/3614 3629/3899/3629 3630/3900/3630 3612/3897/3612
f 3616/3901/3616 3600/3902/3600 3629/3899/3629 3614/3898/3614
f 3614/3898/3614 3615/3903/3615 3617/3904/3617 3616/3901/3616
f 3598/3905/3598 3712/3906/3712 3711/3907/3711 3634/3908/3634
f 3710/3909/3710 3605/3883/3605 3634/3908/3634 3711/3910/3711
f 3619/3911/3619 3611/3891/3611 3621/3890/3621 3620/3912/3620
f 3621/3890/3621 3623/3893/3623 3622/3913/3622 3620/3912/3620
f 3623/3893/3623 3624/3914/3624 3608/3888/3608 3622/3913/3622
f 3609/3889/3609 3625/3915/3625 3624/3914/3624 3623/3893/3623
f 3599/3880/3599 3626/3879/3626 3624/3914/3624 3625/3915/3625
f 3626/3879/3626 3628/3878/3628 3627/3916/3627 3607/3887/3607
f 3628/3878/3628 3600/3877/3600 3616/3917/3616
f 3631/3918/3631 3595/3894/3595 3612/3897/3612 3630/3900/3630
f 3631/3918/3631 3610/3919/3610 3611/3920/3611 3595/3894/3595
f 3628/3878/3628 3616/3917/3616 3617/3921/3617 3627/3916/3627
f 3617/3921/3617 3597/3922/3597 3601/3923/3601 3627/3916/3627
f 3617/3904/3617 3615/3903/3615 3597/3924/3597
f 3615/3903/3615 3613/3896/3613 3598/3905/3598 3597/3924/3597
f 3598/3905/3598 3613/3896/3613 3618/3895/3618
f 3598/3905/3598 3633/3925/3633 3632/3926/3632
f 3606/3882/3606 3635/3886/3635 3632/3926/3632 3633/3925/3633
f 3633/3925/3633 3634/3908/3634 3605/3883/3605 3606/3882/3606
f 3633/3925/3633 3598/3905/3598 3634/3908/3634
f 3636/3885/3636 3601/3923/3601 3602/3927/3602 3635/3886/3635
f 3635/3886/3635 3602/3927/3602 3596/3928/3596 3632/3926/3632
f 3607/3887/3607 3627/3916/3627 3601/3923/3601 3636/3885/3636
f 3626/3879/3626 3607/3887/3607 3608/3888/3608 3624/3914/3624
f 3710/3909/3710 3637/3929/3637 3604/3884/3604 3605/3883/3605
f 3601/3923/3601 3597/3922/3597 3596/3928/3596 3602/3927/3602
f 3641/3930/3641 3640/3931/3640 3639/3932/3639 3638/3933/3638
f 3642/3934/3642 3645/3935/3645 3644/3936/3644 3643/3937/3643
f 3642/3934/3642 3647/3938/3647 3646/3939/3646 3645/3935/3645
f 3642/3934/3642 3643/3937/3643 3648/3940/3648 3647/3938/3647
f 3650/3941/3650 3668/3942/3668 3670/3943/3670 3649/3944/3649
f 3652/3945/3652 3667/3946/3667 3666/3947/3666 3651/3948/3651
f 3653/3949/3653 3654/3950/3654 3680/3951/3680
f 3655/3952/3655 3658/3953/3658 3657/3954/3657 3656/3955/3656
f 3659/3956/3659 3645/3957/3645 3646/3958/3646
f 3659/3956/3659 3660/3959/3660 3644/3936/3644 3645/3957/3645
f 3653/3949/3653 3665/3960/3665 3664/3961/3664 3654/3950/3654
f 3662/3962/3662 3661/3963/3661 3657/3954/3657 3663/3964/3663
f 3671/3965/3671 3669/3966/3669 3662/3962/3662 3663/3964/3663
f 3692/3967/3692 3664/3961/3664 3660/3959/3660 3681/3968/3681
f 3654/3950/3654 3664/3961/3664 3692/3967/3692 3691/3969/3691
f 3665/3960/3665 3675/3970/3675 3664/3961/3664
f 3666/3947/3666 3677/3971/3677 3675/3970/3675 3665/3960/3665
f 3667/3946/3667 3679/3972/3679 3677/3971/3677 3666/3947/3666
f 3688/3973/3688 3687/3974/3687 3679/3972/3679 3667/3946/3667
f 3652/3945/3652 3689/3975/3689 3688/3973/3688 3667/3946/3667
f 3680/3951/3680 3654/3950/3654 3691/3969/3691 3690/3976/3690
f 3640/3931/3640 3641/3930/3641 3673/3977/3673 3672/3978/3672
f 3660/3959/3660 3659/3956/3659 3682/3979/3682 3681/3968/3681
f 3664/3961/3664 3675/3970/3675 3674/3980/3674 3660/3959/3660
f 3675/3970/3675 3677/3971/3677 3676/3981/3676 3674/3980/3674
f 3677/3971/3677 3679/3972/3679 3678/3982/3678 3676/3981/3676
f 3679/3972/3679 3687/3974/3687 3686/3983/3686 3678/3982/3678
f 3686/3983/3686 3685/3984/3685 3648/3940/3648 3678/3982/3678
f 3685/3984/3685 3684/3985/3684 3647/3938/3647 3648/3940/3648
f 3684/3985/3684 3683/3986/3683 3646/3939/3646 3647/3938/3647
f 3646/3958/3646 3683/3987/3683 3682/3979/3682 3659/3956/3659
f 3648/3940/3648 3643/3937/3643 3676/3981/3676 3678/3982/3678
f 3643/3937/3643 3644/3936/3644 3674/3980/3674 3676/3981/3676
f 3644/3936/3644 3660/3959/3660 3674/3980/3674
f 3657/3954/3657 3661/3963/3661 3656/3955/3656
f 3650/3941/3650 3649/3944/3649 3638/3933/3638 3639/3932/3639
f 3651/3948/3651 3653/3988/3653 3680/3989/3680 3652/3945/3652
f 3652/3945/3652 3680/3989/3680 3690/3990/3690 3689/3975/3689
f 3671/3991/3671 3670/3943/3670 3668/3942/3668 3669/3992/3669
f 3666/3947/3666 3665/3960/3665 3653/3988/3653 3651/3948/3651
f 3682/3979/3682 3672/3993/3672 3655/3952/3655 3681/3968/3681
f 3672/3993/3672 3682/3979/3682 3683/3987/3683
f 3640/3931/3640 3672/3978/3672 3683/3986/3683 3684/3985/3684
f 3640/3931/3640 3684/3985/3684 3685/3984/3685
f 3640/3931/3640 3685/3984/3685 3686/3983/3686 3639/3932/3639
f 3650/3941/3650 3639/3932/3639 3686/3983/3686 3687/3974/3687
f 3688/3973/3688 3668/3942/3668 3650/3941/3650 3687/3974/3687
f 3668/3942/3668 3688/3973/3688 3689/3975/3689
f 3669/3992/3669 3668/3942/3668 3689/3975/3689 3690/3990/3690
f 3691/3969/3691 3669/3966/3669 3690/3976/3690
f 3692/3967/3692 3662/3962/3662 3669/3966/3669 3691/3969/3691
f 3692/3967/3692 3661/3963/3661 3662/3962/3662
f 3661/3963/3661 3692/3967/3692 3681/3968/3681 3656/3955/3656
f 3655/3952/3655 3656/3955/3656 3681/3968/3681
f 3708/3843/3708 3693/3842/3693 3709/3847/3709
f 3702/3841/3702 3706/3994/3706 3567/3995/3567 3701/3996/3701
f 3702/3841/3702 3707/3840/3707 3706/3994/3706
f 3703/3825/3703 3700/3860/3700 3699/3863/3699 3569/3826/3569
f 3704/3874/3704 3701/3861/3701 3700/3860/3700 3703/3825/3703
f 3570/3828/3570 3702/3841/3702 3701/3996/3701 3704/3829/3704
f 3587/3997/3587 3575/3998/3575 3564/3849/3564
f 3587/3997/3587 3705/3999/3705 3563/4000/3563 3575/3998/3575
f 3705/3999/3705 3574/4001/3574 3563/4000/3563
f 3592/4002/3592 3574/4001/3574 3705/3999/3705 3583/4003/3583
f 3583/4003/3583 3567/3995/3567 3592/4002/3592
f 3706/3994/3706 3592/4002/3592 3567/3995/3567
f 3707/3840/3707 3574/4001/3574 3592/4002/3592 3706/3994/3706
f 3574/4001/3574 3707/3840/3707 3708/3843/3708 3563/4000/3563
f 3563/4000/3563 3708/3843/3708 3709/3847/3709 3575/3998/3575
f 3575/3998/3575 3709/3847/3709 3564/3849/3564
f 3673/4004/3673 3658/3953/3658 3655/3952/3655 3672/3993/3672
f 3712/4005/3712 3637/3929/3637 3710/3909/3710 3711/3910/3711
f 3619/3911/3619 3620/3912/3620 3637/3929/3637 3712/4005/3712
f 3618/3895/3618 3619/4006/3619 3712/3906/3712 3598/3905/3598
f 3622/3913/3622 3604/3884/3604 3637/3929/3637 3620/3912/3620
f 3622/3913/3622 3608/3888/3608 3603/3881/3603 3604/3884/3604
f 3596/4007/3596 3597/3924/3597 3598/3905/3598 3632/3926/3632
f 3595/3894/3595 3611/3920/3611 3619/4006/3619
f 3618/3895/3618 3595/3894/3595 3619/4006/3619
f 3612/3897/3612 3613/3896/3613 3615/3903/3615
f 3614/3898/3614 3612/3897/3612 3615/3903/3615
f 3713/4008/3713 3722/4009/3722 3723/4010/3723 3857/4011/3857
f 3724/4012/3724 3725/4013/3725 3714/4014/3714 3858/4015/3858
f 3740/4016/3740 3726/4017/3726 3715/4018/3715 3730/4019/3730
f 3715/4018/3715 3726/4017/3726 3727/4020/3727 3716/4021/3716
f 3716/4021/3716 3727/4020/3727 3739/4022/3739 3738/4023/3738
f 3861/4024/3861 3862/4025/3862 3847/4026/3847 3856/4027/3856
f 3718/4028/3718 3730/4019/3730 3849/4029/3849 3848/4030/3848
f 3863/4031/3863 3718/4032/3718 3848/4033/3848 3847/4026/3847
f 3719/4034/3719 3731/4035/3731 3732/4036/3732 3733/4037/3733
f 3719/4034/3719 3733/4037/3733 3734/4038/3734 3720/4039/3720
f 3719/4034/3719 3720/4039/3720 3735/4040/3735 3731/4035/3731
f 3720/4041/3720 3734/4038/3734 3736/4042/3736 3735/4043/3735
f 3738/4023/3738 3721/4044/3721 3855/4045/3855 3854/4046/3854
f 3738/4023/3738 3854/4046/3854 3853/4047/3853
f 3716/4021/3716 3738/4023/3738 3853/4047/3853 3852/4048/3852
f 3716/4021/3716 3852/4048/3852 3851/4049/3851 3715/4018/3715
f 3730/4019/3730 3715/4018/3715 3851/4049/3851 3850/4050/3850
f 3740/4016/3740 3730/4019/3730 3718/4028/3718 3741/4051/3741
f 3730/4019/3730 3850/4050/3850 3849/4029/3849
f 3732/4036/3732 3850/4050/3850 3851/4049/3851 3748/4052/3748
f 3849/4029/3849 3850/4050/3850 3732/4036/3732 3731/4035/3731
f 3849/4029/3849 3731/4035/3731 3735/4040/3735 3848/4030/3848
f 3848/4033/3848 3735/4043/3735 3736/4042/3736 3847/4026/3847
f 3847/4026/3847 3736/4042/3736 3724/4012/3724 3856/4027/3856
f 3724/4012/3724 3736/4042/3736 3742/4053/3742 3743/4054/3743
f 3724/4012/3724 3743/4054/3743 3725/4013/3725
f 3725/4013/3725 3743/4054/3743 3744/4055/3744 3722/4009/3722
f 3722/4009/3722 3744/4055/3744 3745/4056/3745 3723/4010/3723
f 3852/4048/3852 3853/4047/3853 3723/4010/3723 3745/4056/3745
f 3714/4057/3714 3713/4008/3713 3857/4011/3857 3858/4058/3858
f 3852/4048/3852 3745/4056/3745 3748/4052/3748 3851/4049/3851
f 3733/4037/3733 3732/4036/3732 3748/4052/3748 3747/4059/3747
f 3734/4038/3734 3733/4037/3733 3747/4059/3747 3742/4053/3742
f 3736/4042/3736 3734/4038/3734 3742/4053/3742
f 3747/4059/3747 3744/4055/3744 3743/4054/3743 3742/4053/3742
f 3747/4059/3747 3748/4052/3748 3745/4056/3745 3744/4055/3744
f 3725/4013/3725 3722/4009/3722 3713/4008/3713 3714/4057/3714
f 3737/4060/3737 3721/4044/3721 3738/4023/3738 3739/4022/3739
f 3754/4061/3754 3753/4062/3753 3780/4063/3780 3782/4064/3782
f 3757/4065/3757 3758/4066/3758 3759/4067/3759 3760/4068/3760
f 3757/4065/3757 3760/4068/3760 3789/4069/3789 3790/4070/3790
f 3761/4071/3761 3762/4072/3762 3757/4065/3757 3790/4070/3790
f 3763/4073/3763 3764/4074/3764 3765/4075/3765 3775/4076/3775
f 3763/4073/3763 3775/4076/3775 3777/4077/3777
f 3749/4078/3749 3766/4079/3766 3767/4080/3767 3772/4081/3772
f 3768/4082/3768 3766/4079/3766 3784/4083/3784 3783/4084/3783
f 3770/4085/3770 3768/4082/3768 3783/4084/3783 3754/4086/3754
f 3768/4082/3768 3770/4085/3770 3771/4087/3771 3769/4088/3769
f 3752/4089/3752 3788/4090/3788 3865/4091/3865 3866/4092/3866
f 3864/4093/3864 3865/4094/3865 3788/4090/3788 3759/4067/3759
f 3773/4095/3773 3774/4096/3774 3775/4076/3775 3765/4075/3765
f 3775/4076/3775 3774/4096/3774 3776/4097/3776 3777/4077/3777
f 3777/4077/3777 3776/4097/3776 3762/4072/3762 3778/4098/3778
f 3763/4073/3763 3777/4077/3777 3778/4098/3778 3779/4099/3779
f 3753/4062/3753 3779/4099/3779 3778/4098/3778 3780/4063/3780
f 3780/4063/3780 3761/4071/3761 3781/4100/3781 3782/4064/3782
f 3782/4064/3782 3770/4101/3770 3754/4061/3754
f 3785/4102/3785 3784/4083/3784 3766/4079/3766 3749/4078/3749
f 3785/4102/3785 3749/4078/3749 3765/4103/3765 3764/4104/3764
f 3782/4064/3782 3781/4100/3781 3771/4105/3771 3770/4101/3770
f 3771/4105/3771 3781/4100/3781 3755/4106/3755 3751/4107/3751
f 3771/4087/3771 3751/4108/3751 3769/4088/3769
f 3769/4088/3769 3751/4108/3751 3752/4089/3752 3767/4080/3767
f 3752/4089/3752 3772/4081/3772 3767/4080/3767
f 3752/4089/3752 3786/4109/3786 3787/4110/3787
f 3760/4068/3760 3787/4110/3787 3786/4109/3786 3789/4069/3789
f 3787/4110/3787 3760/4068/3760 3759/4067/3759 3788/4090/3788
f 3787/4110/3787 3788/4090/3788 3752/4089/3752
f 3790/4070/3790 3789/4069/3789 3756/4111/3756 3755/4106/3755
f 3789/4069/3789 3786/4109/3786 3750/4112/3750 3756/4111/3756
f 3761/4071/3761 3790/4070/3790 3755/4106/3755 3781/4100/3781
f 3780/4063/3780 3778/4098/3778 3762/4072/3762 3761/4071/3761
f 3864/4093/3864 3759/4067/3759 3758/4066/3758 3791/4113/3791
f 3755/4106/3755 3756/4111/3756 3750/4112/3750 3751/4107/3751
f 3795/4114/3795 3792/4115/3792 3793/4116/3793 3794/4117/3794
f 3796/4118/3796 3797/4119/3797 3798/4120/3798 3799/4121/3799
f 3796/4118/3796 3799/4121/3799 3800/4122/3800 3801/4123/3801
f 3796/4118/3796 3801/4123/3801 3802/4124/3802 3797/4119/3797
f 3804/4125/3804 3803/4126/3803 3824/4127/3824 3822/4128/3822
f 3806/4129/3806 3805/4130/3805 3820/4131/3820 3821/4132/3821
f 3807/4133/3807 3834/4134/3834 3808/4135/3808
f 3809/4136/3809 3810/4137/3810 3811/4138/3811 3812/4139/3812
f 3813/4140/3813 3800/4141/3800 3799/4142/3799
f 3813/4140/3813 3799/4142/3799 3798/4120/3798 3814/4143/3814
f 3807/4133/3807 3808/4135/3808 3818/4144/3818 3819/4145/3819
f 3816/4146/3816 3817/4147/3817 3811/4138/3811 3815/4148/3815
f 3825/4149/3825 3817/4147/3817 3816/4146/3816 3823/4150/3823
f 3846/4151/3846 3835/4152/3835 3814/4143/3814 3818/4144/3818
f 3808/4135/3808 3845/4153/3845 3846/4151/3846 3818/4144/3818
f 3819/4145/3819 3818/4144/3818 3829/4154/3829
f 3820/4131/3820 3819/4145/3819 3829/4154/3829 3831/4155/3831
f 3821/4132/3821 3820/4131/3820 3831/4155/3831 3833/4156/3833
f 3842/4157/3842 3821/4132/3821 3833/4156/3833 3841/4158/3841
f 3806/4129/3806 3821/4132/3821 3842/4157/3842 3843/4159/3843
f 3834/4134/3834 3844/4160/3844 3845/4153/3845 3808/4135/3808
f 3794/4117/3794 3826/4161/3826 3827/4162/3827 3795/4114/3795
f 3814/4143/3814 3835/4152/3835 3836/4163/3836 3813/4140/3813
f 3818/4144/3818 3814/4143/3814 3828/4164/3828 3829/4154/3829
f 3829/4154/3829 3828/4164/3828 3830/4165/3830 3831/4155/3831
f 3831/4155/3831 3830/4165/3830 3832/4166/3832 3833/4156/3833
f 3833/4156/3833 3832/4166/3832 3840/4167/3840 3841/4158/3841
f 3840/4167/3840 3832/4166/3832 3802/4124/3802 3839/4168/3839
f 3839/4168/3839 3802/4124/3802 3801/4123/3801 3838/4169/3838
f 3838/4169/3838 3801/4123/3801 3800/4122/3800 3837/4170/3837
f 3800/4141/3800 3813/4140/3813 3836/4163/3836 3837/4171/3837
f 3802/4124/3802 3832/4166/3832 3830/4165/3830 3797/4119/3797
f 3797/4119/3797 3830/4165/3830 3828/4164/3828 3798/4120/3798
f 3798/4120/3798 3828/4164/3828 3814/4143/3814
f 3811/4138/3811 3810/4137/3810 3815/4148/3815
f 3804/4125/3804 3793/4116/3793 3792/4115/3792 3803/4126/3803
f 3805/4130/3805 3806/4129/3806 3834/4172/3834 3807/4173/3807
f 3806/4129/3806 3843/4159/3843 3844/4174/3844 3834/4172/3834
f 3825/4175/3825 3823/4176/3823 3822/4128/3822 3824/4127/3824
f 3820/4131/3820 3805/4130/3805 3807/4173/3807 3819/4145/3819
f 3836/4163/3836 3835/4152/3835 3809/4136/3809 3826/4177/3826
f 3826/4177/3826 3837/4171/3837 3836/4163/3836
f 3794/4117/3794 3838/4169/3838 3837/4170/3837 3826/4161/3826
f 3794/4117/3794 3839/4168/3839 3838/4169/3838
f 3794/4117/3794 3793/4116/3793 3840/4167/3840 3839/4168/3839
f 3804/4125/3804 3841/4158/3841 3840/4167/3840 3793/4116/3793
f 3842/4157/3842 3841/4158/3841 3804/4125/3804 3822/4128/3822
f 3822/4128/3822 3843/4159/3843 3842/4157/3842
f 3823/4176/3823 3844/4174/3844 3843/4159/3843 3822/4128/3822
f 3845/4153/3845 3844/4160/3844 3823/4150/3823
f 3846/4151/3846 3845/4153/3845 3823/4150/3823 3816/4146/3816
f 3846/4151/3846 3816/4146/3816 3815/4148/3815
f 3815/4148/3815 3810/4137/3810 3835/4152/3835 3846/4151/3846
f 3809/4136/3809 3835/4152/3835 3810/4137/3810
f 3862/4025/3862 3863/4031/3863 3847/4026/3847
f 3856/4027/3856 3855/4178/3855 3721/4179/3721 3860/4180/3860
f 3856/4027/3856 3860/4180/3860 3861/4024/3861
f 3857/4011/3857 3723/4010/3723 3853/4047/3853 3854/4046/3854
f 3858/4058/3858 3857/4011/3857 3854/4046/3854 3855/4045/3855
f 3724/4012/3724 3858/4015/3858 3855/4178/3855 3856/4027/3856
f 3741/4181/3741 3718/4032/3718 3729/4182/3729
f 3741/4181/3741 3729/4182/3729 3717/4183/3717 3859/4184/3859
f 3859/4184/3859 3717/4183/3717 3728/4185/3728
f 3746/4186/3746 3737/4187/3737 3859/4184/3859 3728/4185/3728
f 3737/4187/3737 3746/4186/3746 3721/4179/3721
f 3860/4180/3860 3721/4179/3721 3746/4186/3746
f 3861/4024/3861 3860/4180/3860 3746/4186/3746 3728/4185/3728
f 3728/4185/3728 3717/4183/3717 3862/4025/3862 3861/4024/3861
f 3717/4183/3717 3729/4182/3729 3863/4031/3863 3862/4025/3862
f 3729/4182/3729 3718/4032/3718 3863/4031/3863
f 3827/4188/3827 3826/4177/3826 3809/4136/3809 3812/4139/3812
f 3866/4189/3866 3865/4094/3865 3864/4093/3864 3791/4113/3791
f 3773/4095/3773 3866/4189/3866 3791/4113/3791 3774/4096/3774
f 3772/4081/3772 3752/4089/3752 3866/4092/3866 3773/4190/3773
f 3776/4097/3776 3774/4096/3774 3791/4113/3791 3758/4066/3758
f 3776/4097/3776 3758/4066/3758 3757/4065/3757 3762/4072/3762
f 3750/4191/3750 3786/4109/3786 3752/4089/3752 3751/4108/3751
f 3749/4078/3749 3773/4190/3773 3765/4103/3765
f 3772/4081/3772 3773/4190/3773 3749/4078/3749
f 3766/4079/3766 3769/4088/3769 3767/4080/3767
f 3768/4082/3768 3769/4088/3769 3766/4079/3766
f 3867/4192/3867 3942/4193/3942 3943/4194/3943
f 3867/4192/3867 3943/4194/3943 3948/4195/3948 3869/4196/3869
f 3874/4197/3874 4011/4198/4011 4010/4199/4010 3875/4200/3875
f 3888/4201/3888 3945/4202/3945 3947/4203/3947 3891/4204/3891
f 3909/4205/3909 3882/4206/3882 3901/4207/3901 3900/4208/3900
f 3906/4209/3906 3970/4210/3970 3908/4211/3908 3905/4212/3905
f 3910/4213/3910 3971/4214/3971 3970/4210/3970 3906/4209/3906
f 3910/4213/3910 3972/4215/3972 3971/4214/3971
f 3910/4213/3910 3913/4216/3913 3973/4217/3973 3972/4215/3972
f 4012/4218/4012 4011/4198/4011 3874/4197/3874 3912/4219/3912
f 4012/4218/4012 3912/4219/3912 3895/4220/3895 4013/4221/4013
f 3913/4216/3913 3974/4222/3974 3973/4217/3973
f 3914/4223/3914 3975/4224/3975 3974/4222/3974 3913/4216/3913
f 3914/4223/3914 3919/4225/3919 3976/4226/3976 3975/4224/3975
f 4008/4227/4008 3917/4228/3917 3968/4229/3968 4009/4230/4009
f 3918/4231/3918 3977/4232/3977 3976/4226/3976 3919/4225/3919
f 3977/4232/3977 3918/4231/3918 3921/4233/3921 4086/4234/4086
f 3921/4233/3921 3923/4235/3923 3922/4236/3922 3890/4237/3890
f 3921/4233/3921 3918/4231/3918 3924/4238/3924 3923/4235/3923
f 3924/4238/3924 3918/4231/3918 3919/4225/3919 3925/4239/3925
f 3925/4239/3925 3919/4225/3919 3914/4223/3914 3926/4240/3926
f 3926/4240/3926 3914/4223/3914 3913/4216/3913 3927/4241/3927
f 3927/4241/3927 3913/4216/3913 3910/4213/3910 3928/4242/3928
f 3928/4242/3928 3910/4213/3910 3906/4209/3906 3907/4243/3907
f 3890/4237/3890 3922/4236/3922 3929/4244/3929 3903/4245/3903
f 3931/4246/3931 3932/4247/3932 4036/4248/4036
f 3930/4249/3930 3878/4250/3878 4034/4251/4034 3903/4245/3903
f 3935/4252/3935 3933/4253/3933 3937/4254/3937 3936/4255/3936
f 3937/4254/3937 3933/4253/3933 3931/4246/3931 3938/4256/3938
f 3939/4257/3939 3930/4249/3930 3903/4245/3903 3929/4244/3929
f 3948/4258/3948 3943/4259/3943 3940/4260/3940 3941/4261/3941
f 3940/4260/3940 3943/4259/3943 4070/4262/4070
f 3945/4263/3945 4082/4264/4082 3881/4265/3881
f 3881/4265/3881 4082/4264/4082 4075/4266/4075
f 3880/4267/3880 3945/4263/3945 3881/4265/3881
f 3880/4267/3880 3946/4268/3946 3947/4269/3947 3945/4263/3945
f 3899/4270/3899 3901/4271/3901 3947/4269/3947 3946/4268/3946
f 3947/4203/3947 3894/4272/3894 3891/4204/3891
f 3947/4203/3947 3901/4207/3901 3883/4273/3883 3894/4272/3894
f 3901/4207/3901 3963/4274/3963 3883/4273/3883
f 3899/4270/3899 3898/4275/3898 3900/4276/3900 3901/4271/3901
f 3888/4201/3888 3887/4277/3887 3945/4202/3945
f 3868/4278/3868 3867/4192/3867 3869/4196/3869 3949/4279/3949
f 3904/4280/3904 3872/4281/3872 3870/4282/3870 3873/4283/3873
f 3904/4284/3904 3873/4285/3873 3885/4286/3885 3889/4287/3889
f 3885/4286/3885 4076/4288/4076 4006/4289/4006
f 3916/4290/3916 3920/4291/3920 4005/4292/4005 4004/4293/4004
f 3880/4267/3880 3881/4265/3881 3867/4192/3867 3868/4278/3868
f 3907/4243/3907 3906/4209/3906 3905/4212/3905 3950/4294/3950
f 4013/4221/4013 3895/4220/3895 3966/4295/3966
f 3893/4296/3893 3998/4297/3998 3997/4298/3997 3982/4299/3982
f 3994/4300/3994 3968/4229/3968 3917/4228/3917 3995/4301/3995
f 3999/4302/3999 4003/4303/4003 3892/4304/3892
f 3999/4302/3999 4002/4305/4002 3886/4306/3886
f 4015/4307/4015 3951/4308/3951 3957/4309/3957 4016/4310/4016
f 3875/4200/3875 3992/4311/3992 3991/4312/3991 3874/4197/3874
f 3874/4197/3874 3991/4312/3991 3990/4313/3990 3912/4219/3912
f 3895/4220/3895 3912/4219/3912 3990/4313/3990 3989/4314/3989
f 3989/4314/3989 3988/4315/3988 3966/4295/3966 3895/4220/3895
f 3951/4308/3951 3986/4316/3986 3985/4317/3985 3957/4309/3957
f 4076/4288/4076 3885/4286/3885 3873/4285/3873 4077/4318/4077
f 3955/4319/3955 3956/4320/3956 3870/4282/3870 3871/4321/3871
f 3955/4319/3955 3871/4321/3871 3887/4277/3887 3953/4322/3953
f 3983/4323/3983 3953/4322/3953 3887/4277/3887
f 3969/4324/3969 3952/4325/3952 3888/4201/3888 3891/4204/3891
f 3958/4326/3958 3954/4327/3954 3891/4204/3891 3894/4272/3894
f 3958/4326/3958 3894/4272/3894 3883/4273/3883 3959/4328/3959
f 3963/4274/3963 3960/4329/3960 3959/4328/3959 3883/4273/3883
f 3963/4274/3963 3967/4330/3967 3960/4329/3960
f 3909/4205/3909 4001/4331/4001 3882/4206/3882
f 4014/4332/4014 3964/4333/3964 3951/4308/3951 4015/4307/4015
f 3987/4334/3987 3986/4316/3986 3951/4308/3951 3964/4333/3964
f 3882/4206/3882 3961/4335/3961 3965/4336/3965 3963/4274/3963
f 3901/4207/3901 3882/4206/3882 3963/4274/3963
f 3966/4295/3966 3964/4333/3964 4014/4332/4014
f 3988/4315/3988 3987/4334/3987 3964/4333/3964 3966/4295/3966
f 3985/4317/3985 4017/4337/4017 4016/4310/4016 3957/4309/3957
f 3968/4229/3968 3978/4338/3978 4009/4230/4009
f 3993/4339/3993 3978/4338/3978 3968/4229/3968 3994/4300/3994
f 3970/4210/3970 3897/4340/3897 3908/4211/3908
f 3971/4214/3971 3896/4341/3896 3897/4340/3897 3970/4210/3970
f 3972/4215/3972 3911/4342/3911 3896/4341/3896 3971/4214/3971
f 3973/4217/3973 3877/4343/3877 3911/4342/3911 3972/4215/3972
f 3974/4222/3974 3876/4344/3876 3877/4343/3877 3973/4217/3973
f 3975/4224/3975 3915/4345/3915 3876/4344/3876 3974/4222/3974
f 3976/4226/3976 3916/4290/3916 3915/4345/3915 3975/4224/3975
f 3977/4232/3977 3920/4291/3920 3916/4290/3916 3976/4226/3976
f 4085/4346/4085 3920/4291/3920 3977/4232/3977 4086/4234/4086
f 3978/4338/3978 3875/4200/3875 4010/4199/4010
f 3992/4311/3992 3875/4200/3875 3978/4338/3978 3993/4339/3993
f 4008/4227/4008 4007/4347/4007 3980/4348/3980 3917/4228/3917
f 3996/4349/3996 3995/4301/3995 3917/4228/3917 3980/4348/3980
f 3982/4299/3982 3997/4298/3997 3996/4349/3996 3980/4348/3980
f 3952/4325/3952 3981/4350/3981 3887/4277/3887 3888/4201/3888
f 3979/4351/3979 3969/4324/3969 3891/4204/3891
f 3916/4290/3916 3982/4299/3982 4007/4347/4007
f 3916/4290/3916 4004/4293/4004 3982/4299/3982
f 4001/4331/4001 3909/4205/3909 3984/4352/3984 4017/4353/4017
f 3986/4316/3986 3961/4335/3961 3962/4354/3962 3985/4317/3985
f 3965/4336/3965 3961/4335/3961 3986/4316/3986 3987/4334/3987
f 3967/4330/3967 3965/4336/3965 3987/4334/3987 3988/4315/3988
f 3960/4329/3960 3967/4330/3967 3988/4315/3988 3989/4314/3989
f 3990/4313/3990 3959/4328/3959 3960/4329/3960 3989/4314/3989
f 3991/4312/3991 3958/4326/3958 3959/4328/3959 3990/4313/3990
f 3992/4311/3992 3954/4327/3954 3958/4326/3958 3991/4312/3991
f 3954/4327/3954 3992/4311/3992 3993/4339/3993 3979/4351/3979
f 3979/4351/3979 3993/4339/3993 3994/4300/3994 3969/4324/3969
f 3969/4324/3969 3994/4300/3994 3995/4301/3995 3952/4325/3952
f 3981/4350/3981 3952/4325/3952 3995/4301/3995 3996/4349/3996
f 3997/4298/3997 3983/4323/3983 3981/4350/3981 3996/4349/3996
f 3998/4297/3998 3953/4322/3953 3983/4323/3983 3997/4298/3997
f 3955/4319/3955 3953/4322/3953 3998/4297/3998 3999/4302/3999
f 3956/4320/3956 3955/4319/3955 3999/4302/3999 4000/4355/4000
f 3873/4283/3873 3870/4282/3870 4077/4356/4077
f 3981/4350/3981 3983/4323/3983 3887/4277/3887
f 3954/4327/3954 3979/4351/3979 3891/4204/3891
f 3963/4274/3963 3965/4336/3965 3967/4330/3967
f 4001/4331/4001 3962/4354/3962 3961/4335/3961 3882/4206/3882
f 3920/4291/3920 4085/4346/4085 4005/4292/4005
f 4004/4293/4004 4003/4303/4003 3893/4296/3893
f 4004/4293/4004 4005/4292/4005 3892/4304/3892 4003/4303/4003
f 4006/4289/4006 4002/4305/4002 3892/4304/3892 4005/4292/4005
f 3886/4306/3886 4002/4305/4002 4006/4289/4006
f 3915/4345/3915 3916/4290/3916 4007/4347/4007 4008/4227/4008
f 3915/4345/3915 4008/4227/4008 4009/4230/4009 3876/4344/3876
f 4011/4198/4011 3877/4343/3877 3876/4344/3876 4010/4199/4010
f 3911/4342/3911 3877/4343/3877 4011/4198/4011 4012/4218/4012
f 3911/4342/3911 4012/4218/4012 4013/4221/4013 3896/4341/3896
f 3896/4341/3896 4014/4332/4014 4015/4307/4015 3897/4340/3897
f 3897/4340/3897 4015/4307/4015 4016/4310/4016 3908/4211/3908
f 4017/4337/4017 3984/4357/3984 3908/4211/3908 4016/4310/4016
f 3978/4338/3978 3876/4344/3876 4009/4230/4009
f 3978/4338/3978 4010/4199/4010 3876/4344/3876
f 3896/4341/3896 4013/4221/4013 3966/4295/3966
f 3896/4341/3896 3966/4295/3966 4014/4332/4014
f 3962/4354/3962 4001/4331/4001 4017/4353/4017 3985/4317/3985
f 3982/4299/3982 3980/4348/3980 4007/4347/4007
f 4004/4293/4004 3893/4296/3893 3982/4299/3982
f 3903/4245/3903 3902/4358/3902 4018/4359/4018 3890/4237/3890
f 4022/4360/4022 4021/4361/4021 4020/4362/4020 4019/4363/4019
f 4030/4364/4030 4021/4361/4021 4023/4365/4023
f 4078/4366/4078 4029/4367/4029 4025/4368/4025 4079/4369/4079
f 4021/4370/4021 4028/4371/4028 4027/4372/4027 4020/4373/4020
f 4021/4370/4021 4024/4374/4024 4083/4375/4083
f 4024/4374/4024 4021/4370/4021 4030/4376/4030
f 3902/4358/3902 4027/4372/4027 4028/4371/4028 4018/4359/4018
f 4084/4377/4084 4083/4375/4083 4024/4374/4024 4031/4378/4031
f 4030/4376/4030 3904/4284/3904 3889/4287/3889 4024/4374/4024
f 4023/4365/4023 3872/4281/3872 3904/4280/3904 4030/4364/4030
f 3885/4286/3885 4031/4378/4031 3889/4287/3889
f 4024/4374/4024 3889/4287/3889 4031/4378/4031
f 4018/4359/4018 4084/4377/4084 3921/4233/3921 3890/4237/3890
f 3878/4250/3878 4032/4379/4032 4035/4380/4035 4034/4251/4034
f 3932/4247/3932 4033/4381/4033 4037/4382/4037 4036/4248/4036
f 4034/4251/4034 3879/4383/3879 3903/4245/3903
f 3938/4256/3938 3931/4246/3931 3930/4249/3930 3939/4257/3939
f 3930/4249/3930 3931/4246/3931 4036/4248/4036 3878/4250/3878
f 4037/4382/4037 4032/4379/4032 3878/4250/3878 4036/4248/4036
f 4034/4251/4034 4035/4380/4035 4038/4384/4038 3879/4383/3879
f 4038/4384/4038 4039/4385/4039 4026/4386/4026 3879/4383/3879
f 4026/4386/4026 4039/4385/4039 4029/4387/4029
f 4029/4367/4029 4040/4388/4040 4041/4389/4041 4025/4368/4025
f 4033/4381/4033 3932/4247/3932 4043/4390/4043 4042/4391/4042
f 4042/4392/4042 4043/4393/4043 4045/4394/4045 4044/4395/4044
f 4037/4382/4037 4047/4396/4047 4046/4397/4046 4032/4379/4032
f 4046/4397/4046 4035/4380/4035 4032/4379/4032
f 4033/4381/4033 4042/4391/4042 4047/4396/4047 4037/4382/4037
f 4047/4398/4047 4042/4392/4042 4044/4395/4044
f 4038/4384/4038 4035/4380/4035 4046/4397/4046 4048/4399/4048
f 4039/4385/4039 4038/4384/4038 4048/4399/4048 4040/4400/4040
f 4048/4401/4048 4041/4389/4041 4040/4388/4040
f 4050/4402/4050 4049/4403/4049 4025/4368/4025 4041/4389/4041
f 4052/4404/4052 4051/4405/4051 4049/4403/4049 4050/4402/4050
f 4044/4395/4044 4045/4394/4045 4054/4406/4054 4053/4407/4053
f 4053/4407/4053 4054/4406/4054 3884/4408/3884 4055/4409/4055
f 4055/4409/4055 3884/4408/3884 4051/4405/4051 4052/4404/4052
f 4053/4407/4053 4055/4409/4055 4047/4398/4047 4044/4395/4044
f 4055/4409/4055 4052/4404/4052 4046/4410/4046 4047/4398/4047
f 4052/4404/4052 4050/4402/4050 4048/4401/4048 4046/4410/4046
f 4041/4389/4041 4048/4401/4048 4050/4402/4050
f 4025/4368/4025 4049/4403/4049 4056/4411/4056 4079/4369/4079
f 4022/4360/4022 4057/4412/4057 3872/4281/3872 4023/4365/4023
f 4019/4363/4019 4056/4411/4056 4057/4412/4057 4022/4360/4022
f 4060/4413/4060 4059/4414/4059 4058/4415/4058 3932/4247/3932
f 3932/4247/3932 4058/4415/4058 4061/4416/4061 4043/4390/4043
f 3934/4417/3934 4062/4418/4062 4059/4414/4059 4060/4413/4060
f 4062/4418/4062 3934/4417/3934 4064/4419/4064 4063/4420/4063
f 4063/4420/4063 4064/4419/4064 4066/4421/4066 4065/4422/4065
f 4065/4423/4065 4066/4424/4066 3941/4261/3941 4067/4425/4067
f 4067/4425/4067 3941/4261/3941 3940/4260/3940 4068/4426/4068
f 4068/4426/4068 3940/4260/3940 4070/4262/4070 4069/4427/4069
f 4071/4428/4071 4045/4394/4045 4043/4393/4043 4061/4429/4061
f 4045/4394/4045 4071/4428/4071 4069/4427/4069 4070/4262/4070
f 3934/4417/3934 4060/4413/4060 3931/4246/3931 3933/4253/3933
f 3931/4246/3931 4060/4413/4060 3932/4247/3932
f 4072/4430/4072 4064/4419/4064 3934/4417/3934 3933/4253/3933
f 3933/4253/3933 3935/4252/3935 4072/4430/4072
f 4065/4422/4065 4073/4431/4073 4063/4420/4063
f 4073/4432/4073 4065/4423/4065 4067/4425/4067
f 4068/4426/4068 4069/4427/4069 4074/4433/4074 4073/4432/4073
f 4074/4434/4074 4059/4414/4059 4062/4418/4062 4073/4431/4073
f 4069/4427/4069 4071/4428/4071 4074/4433/4074
f 4059/4414/4059 4074/4434/4074 4058/4415/4058
f 4070/4262/4070 4054/4406/4054 4045/4394/4045
f 3943/4259/3943 3942/4435/3942 4054/4406/4054 4070/4262/4070
f 4054/4406/4054 3942/4435/3942 3884/4408/3884
f 3999/4302/3999 3892/4304/3892 4002/4305/4002
f 4000/4355/4000 3999/4302/3999 3886/4306/3886
f 3999/4302/3999 3998/4297/3998 3893/4296/3893
f 3999/4302/3999 3893/4296/3893 4003/4303/4003
f 3944/4436/3944 4049/4403/4049 4051/4405/4051 3942/4435/3942
f 3944/4436/3944 4075/4437/4075 4057/4412/4057 4056/4411/4056
f 4075/4266/4075 3944/4438/3944 3867/4192/3867 3881/4265/3881
f 4076/4288/4076 3886/4306/3886 4006/4289/4006
f 3886/4306/3886 4076/4288/4076 4077/4318/4077 4000/4355/4000
f 3870/4282/3870 3956/4320/3956 4000/4355/4000 4077/4356/4077
f 4084/4377/4084 4031/4378/4031 3921/4233/3921
f 4020/4362/4020 4078/4366/4078 4079/4369/4079 4019/4363/4019
f 4056/4411/4056 4019/4363/4019 4079/4369/4079
f 4029/4387/4029 4080/4439/4080 4026/4386/4026
f 4080/4439/4080 4081/4440/4081 3879/4383/3879 4026/4386/4026
f 4027/4372/4027 3902/4358/3902 3879/4383/3879 4081/4440/4081
f 3903/4245/3903 3879/4383/3879 3902/4358/3902
f 4073/4431/4073 4062/4418/4062 4063/4420/4063
f 4073/4432/4073 4067/4425/4067 4068/4426/4068
f 4074/4434/4074 4061/4416/4061 4058/4415/4058
f 4071/4428/4071 4061/4429/4061 4074/4433/4074
f 3944/4438/3944 3942/4193/3942 3867/4192/3867
f 4057/4412/4057 4075/4437/4075 3872/4281/3872
f 4075/4437/4075 3870/4282/3870 3872/4281/3872
f 4082/4441/4082 3871/4321/3871 3870/4282/3870 4075/4437/4075
f 3945/4202/3945 3887/4277/3887 3871/4321/3871 4082/4441/4082
f 3942/4435/3942 4051/4405/4051 3884/4408/3884
f 3944/4436/3944 4056/4411/4056 4049/4403/4049
f 4081/4440/4081 4080/4439/4080 4020/4373/4020
f 4020/4373/4020 4080/4439/4080 4078/4442/4078
f 4027/4372/4027 4081/4440/4081 4020/4373/4020
f 4021/4361/4021 4022/4360/4022 4023/4365/4023
f 4021/4370/4021 4083/4375/4083 4028/4371/4028
f 4018/4359/4018 4028/4371/4028 4083/4375/4083 4084/4377/4084
f 4085/4346/4085 3885/4286/3885 4006/4289/4006 4005/4292/4005
f 3885/4286/3885 4085/4346/4085 4086/4234/4086 4031/4378/4031
f 4031/4378/4031 4086/4234/4086 3921/4233/3921
f 4088/4443/4088 4087/4444/4087 3899/4270/3899 3946/4268/3946
f 3899/4270/3899 4087/4444/4087 4089/4445/4089 3898/4275/3898
f 3868/4278/3868 3946/4268/3946 3880/4267/3880
f 3946/4268/3946 3868/4278/3868 3949/4279/3949 4088/4443/4088
f 4090/4446/4090 3909/4205/3909 3900/4208/3900
f 3909/4205/3909 4090/4446/4090 4091/4447/4091 3984/4352/3984
f 3984/4357/3984 4091/4448/4091 4092/4449/4092 3908/4211/3908
f 4092/4449/4092 3905/4212/3905 3908/4211/3908
f 4093/4450/4093 3950/4294/3950 3905/4212/3905
f 3905/4212/3905 4092/4449/4092 4093/4450/4093
f 3900/4208/3900 4094/4451/4094 4090/4446/4090
f 4096/4452/4096 3898/4275/3898 4089/4445/4089 4095/4453/4095
f 4096/4452/4096 4094/4454/4094 3900/4276/3900 3898/4275/3898
f 4029/4387/4029 4039/4385/4039 4040/4400/4040
f 4029/4387/4029 4078/4442/4078 4080/4439/4080
f 4097/4455/4097 4099/4456/4099 4098/4457/4098
f 4097/4455/4097 3869/4196/3869 3948/4195/3948 4099/4456/4099
f 4100/4458/4100 4103/4459/4103 4102/4460/4102 4101/4461/4101
f 4104/4462/4104 4107/4463/4107 4106/4464/4106 4105/4465/4105
f 4108/4466/4108 4111/4467/4111 4110/4468/4110 4109/4469/4109
f 4112/4470/4112 4115/4471/4115 4114/4472/4114 4113/4473/4113
f 4116/4474/4116 4112/4470/4112 4113/4473/4113 4117/4475/4117
f 4116/4474/4116 4117/4475/4117 4118/4476/4118
f 4116/4474/4116 4118/4476/4118 4120/4477/4120 4119/4478/4119
f 4121/4479/4121 4122/4480/4122 4100/4458/4100 4101/4461/4101
f 4121/4479/4121 4124/4481/4124 4123/4482/4123 4122/4480/4122
f 4119/4478/4119 4120/4477/4120 4125/4483/4125
f 4126/4484/4126 4119/4478/4119 4125/4483/4125 4127/4485/4127
f 4126/4484/4126 4127/4485/4127 4129/4486/4129 4128/4487/4128
f 4130/4488/4130 4133/4489/4133 4132/4490/4132 4131/4491/4131
f 4134/4492/4134 4128/4487/4128 4129/4486/4129 4135/4493/4135
f 4135/4493/4135 4137/4494/4137 4136/4495/4136 4134/4492/4134
f 4136/4495/4136 4140/4496/4140 4139/4497/4139 4138/4498/4138
f 4136/4495/4136 4138/4498/4138 4141/4499/4141 4134/4492/4134
f 4141/4499/4141 4142/4500/4142 4128/4487/4128 4134/4492/4134
f 4142/4500/4142 4143/4501/4143 4126/4484/4126 4128/4487/4128
f 4143/4501/4143 4144/4502/4144 4119/4478/4119 4126/4484/4126
f 4144/4502/4144 4145/4503/4145 4116/4474/4116 4119/4478/4119
f 4145/4503/4145 4146/4504/4146 4112/4470/4112 4116/4474/4116
f 4140/4496/4140 4148/4505/4148 4147/4506/4147 4139/4497/4139
f 4149/4507/4149 4151/4508/4151 4150/4509/4150
f 4152/4510/4152 4148/4505/4148 4154/4511/4154 4153/4512/4153
f 3935/4252/3935 3936/4255/3936 4156/4513/4156 4155/4514/4155
f 4156/4513/4156 4157/4515/4157 4149/4507/4149 4155/4514/4155
f 4158/4516/4158 4147/4506/4147 4148/4505/4148 4152/4510/4152
f 3948/4258/3948 3941/4261/3941 4159/4517/4159 4099/4518/4099
f 4159/4517/4159 4160/4519/4160 4099/4518/4099
f 4105/4520/4105 4162/4521/4162 4161/4522/4161
f 4162/4521/4162 4163/4523/4163 4161/4522/4161
f 4164/4524/4164 4162/4521/4162 4105/4520/4105
f 4164/4524/4164 4105/4520/4105 4106/4525/4106 4165/4526/4165
f 4166/4527/4166 4165/4526/4165 4106/4525/4106 4110/4528/4110
f 4106/4464/4106 4107/4463/4107 4167/4529/4167
f 4106/4464/4106 4167/4529/4167 4168/4530/4168 4110/4468/4110
f 4110/4468/4110 4168/4530/4168 4169/4531/4169
f 4166/4527/4166 4110/4528/4110 4111/4532/4111 4170/4533/4170
f 4104/4462/4104 4105/4465/4105 4171/4534/4171
f 4172/4535/4172 3949/4279/3949 3869/4196/3869 4097/4455/4097
f 4173/4536/4173 4176/4537/4176 4175/4538/4175 4174/4539/4174
f 4173/4540/4173 4178/4541/4178 4177/4542/4177 4176/4543/4176
f 4177/4542/4177 4180/4544/4180 4179/4545/4179
f 4181/4546/4181 4184/4547/4184 4183/4548/4183 4182/4549/4182
f 4164/4524/4164 4172/4535/4172 4097/4455/4097 4162/4521/4162
f 4146/4504/4146 4185/4550/4185 4115/4471/4115 4112/4470/4112
f 4124/4481/4124 4186/4551/4186 4123/4482/4123
f 4187/4552/4187 4190/4553/4190 4189/4554/4189 4188/4555/4188
f 4191/4556/4191 4192/4557/4192 4131/4491/4131 4132/4490/4132
f 4193/4558/4193 4195/4559/4195 4194/4560/4194
f 4193/4558/4193 4197/4561/4197 4196/4562/4196
f 4198/4563/4198 4201/4564/4201 4200/4565/4200 4199/4566/4199
f 4103/4459/4103 4100/4458/4100 4203/4567/4203 4202/4568/4202
f 4100/4458/4100 4122/4480/4122 4204/4569/4204 4203/4567/4203
f 4123/4482/4123 4205/4570/4205 4204/4569/4204 4122/4480/4122
f 4205/4570/4205 4123/4482/4123 4186/4551/4186 4206/4571/4206
f 4199/4566/4199 4200/4565/4200 4208/4572/4208 4207/4573/4207
f 4179/4545/4179 4209/4574/4209 4176/4543/4176 4177/4542/4177
f 4210/4575/4210 4212/4576/4212 4175/4538/4175 4211/4577/4211
f 4210/4575/4210 4213/4578/4213 4171/4534/4171 4212/4576/4212
f 4214/4579/4214 4171/4534/4171 4213/4578/4213
f 4215/4580/4215 4107/4463/4107 4104/4462/4104 4216/4581/4216
f 4217/4582/4217 4167/4529/4167 4107/4463/4107 4218/4583/4218
f 4217/4582/4217 4219/4584/4219 4168/4530/4168 4167/4529/4167
f 4169/4531/4169 4168/4530/4168 4219/4584/4219 4220/4585/4220
f 4169/4531/4169 4220/4585/4220 4221/4586/4221
f 4108/4466/4108 4109/4469/4109 4222/4587/4222
f 4223/4588/4223 4198/4563/4198 4199/4566/4199 4224/4589/4224
f 4225/4590/4225 4224/4589/4224 4199/4566/4199 4207/4573/4207
f 4109/4469/4109 4169/4531/4169 4227/4591/4227 4226/4592/4226
f 4110/4468/4110 4169/4531/4169 4109/4469/4109
f 4186/4551/4186 4223/4588/4223 4224/4589/4224
f 4206/4571/4206 4186/4551/4186 4224/4589/4224 4225/4590/4225
f 4208/4572/4208 4200/4565/4200 4201/4564/4201 4228/4593/4228
f 4132/4490/4132 4133/4489/4133 4229/4594/4229
f 4230/4595/4230 4191/4556/4191 4132/4490/4132 4229/4594/4229
f 4113/4473/4113 4114/4472/4114 4231/4596/4231
f 4117/4475/4117 4113/4473/4113 4231/4596/4231 4232/4597/4232
f 4118/4476/4118 4117/4475/4117 4232/4597/4232 4233/4598/4233
f 4120/4477/4120 4118/4476/4118 4233/4598/4233 4234/4599/4234
f 4125/4483/4125 4120/4477/4120 4234/4599/4234 4235/4600/4235
f 4127/4485/4127 4125/4483/4125 4235/4600/4235 4236/4601/4236
f 4129/4486/4129 4127/4485/4127 4236/4601/4236 4181/4546/4181
f 4135/4493/4135 4129/4486/4129 4181/4546/4181 4182/4549/4182
f 4237/4602/4237 4137/4494/4137 4135/4493/4135 4182/4549/4182
f 4229/4594/4229 4102/4460/4102 4103/4459/4103
f 4202/4568/4202 4230/4595/4230 4229/4594/4229 4103/4459/4103
f 4130/4488/4130 4131/4491/4131 4239/4603/4239 4238/4604/4238
f 4240/4605/4240 4239/4603/4239 4131/4491/4131 4192/4557/4192
f 4190/4553/4190 4239/4603/4239 4240/4605/4240 4189/4554/4189
f 4216/4581/4216 4104/4462/4104 4171/4534/4171 4241/4606/4241
f 4242/4607/4242 4107/4463/4107 4215/4580/4215
f 4181/4546/4181 4238/4604/4238 4190/4553/4190
f 4181/4546/4181 4190/4553/4190 4184/4547/4184
f 4222/4587/4222 4228/4593/4228 4243/4608/4243 4108/4466/4108
f 4207/4573/4207 4208/4572/4208 4244/4609/4244 4226/4592/4226
f 4227/4591/4227 4225/4590/4225 4207/4573/4207 4226/4592/4226
f 4221/4586/4221 4206/4571/4206 4225/4590/4225 4227/4591/4227
f 4220/4585/4220 4205/4570/4205 4206/4571/4206 4221/4586/4221
f 4204/4569/4204 4205/4570/4205 4220/4585/4220 4219/4584/4219
f 4203/4567/4203 4204/4569/4204 4219/4584/4219 4217/4582/4217
f 4202/4568/4202 4203/4567/4203 4217/4582/4217 4218/4583/4218
f 4218/4583/4218 4242/4607/4242 4230/4595/4230 4202/4568/4202
f 4242/4607/4242 4215/4580/4215 4191/4556/4191 4230/4595/4230
f 4215/4580/4215 4216/4581/4216 4192/4557/4192 4191/4556/4191
f 4241/4606/4241 4240/4605/4240 4192/4557/4192 4216/4581/4216
f 4189/4554/4189 4240/4605/4240 4241/4606/4241 4214/4579/4214
f 4188/4555/4188 4189/4554/4189 4214/4579/4214 4213/4578/4213
f 4210/4575/4210 4193/4558/4193 4188/4555/4188 4213/4578/4213
f 4211/4577/4211 4245/4610/4245 4193/4558/4193 4210/4575/4210
f 4176/4537/4176 4209/4611/4209 4175/4538/4175
f 4241/4606/4241 4171/4534/4171 4214/4579/4214
f 4218/4583/4218 4107/4463/4107 4242/4607/4242
f 4169/4531/4169 4221/4586/4221 4227/4591/4227
f 4222/4587/4222 4109/4469/4109 4226/4592/4226 4244/4609/4244
f 4182/4549/4182 4183/4548/4183 4237/4602/4237
f 4184/4547/4184 4187/4552/4187 4194/4560/4194
f 4184/4547/4184 4194/4560/4194 4195/4559/4195 4183/4548/4183
f 4180/4544/4180 4183/4548/4183 4195/4559/4195 4196/4562/4196
f 4197/4561/4197 4180/4544/4180 4196/4562/4196
f 4236/4601/4236 4130/4488/4130 4238/4604/4238 4181/4546/4181
f 4236/4601/4236 4235/4600/4235 4133/4489/4133 4130/4488/4130
f 4101/4461/4101 4102/4460/4102 4235/4600/4235 4234/4599/4234
f 4233/4598/4233 4121/4479/4121 4101/4461/4101 4234/4599/4234
f 4233/4598/4233 4232/4597/4232 4124/4481/4124 4121/4479/4121
f 4232/4597/4232 4231/4596/4231 4198/4563/4198 4223/4588/4223
f 4231/4596/4231 4114/4472/4114 4201/4564/4201 4198/4563/4198
f 4228/4593/4228 4201/4564/4201 4114/4472/4114 4243/4612/4243
f 4229/4594/4229 4133/4489/4133 4235/4600/4235
f 4229/4594/4229 4235/4600/4235 4102/4460/4102
f 4232/4597/4232 4186/4551/4186 4124/4481/4124
f 4232/4597/4232 4223/4588/4223 4186/4551/4186
f 4244/4609/4244 4208/4572/4208 4228/4593/4228 4222/4587/4222
f 4190/4553/4190 4238/4604/4238 4239/4603/4239
f 4184/4547/4184 4190/4553/4190 4187/4552/4187
f 4148/4505/4148 4140/4496/4140 4247/4613/4247 4246/4614/4246
f 4248/4615/4248 4251/4616/4251 4250/4617/4250 4249/4618/4249
f 4252/4619/4252 4253/4620/4253 4249/4618/4249
f 4254/4621/4254 4257/4622/4257 4256/4623/4256 4255/4624/4255
f 4249/4625/4249 4250/4626/4250 4259/4627/4259 4258/4628/4258
f 4249/4625/4249 4261/4629/4261 4260/4630/4260
f 4260/4630/4260 4252/4631/4252 4249/4625/4249
f 4246/4614/4246 4247/4613/4247 4258/4628/4258 4259/4627/4259
f 4262/4632/4262 4263/4633/4263 4260/4630/4260 4261/4629/4261
f 4252/4631/4252 4260/4630/4260 4178/4541/4178 4173/4540/4173
f 4253/4620/4253 4252/4619/4252 4173/4536/4173 4174/4539/4174
f 4177/4542/4177 4178/4541/4178 4263/4633/4263
f 4260/4630/4260 4263/4633/4263 4178/4541/4178
f 4247/4613/4247 4140/4496/4140 4136/4495/4136 4262/4632/4262
f 4153/4512/4153 4154/4511/4154 4265/4634/4265 4264/4635/4264
f 4150/4509/4150 4151/4508/4151 4267/4636/4267 4266/4637/4266
f 4154/4511/4154 4148/4505/4148 4268/4638/4268
f 4157/4515/4157 4158/4516/4158 4152/4510/4152 4149/4507/4149
f 4152/4510/4152 4153/4512/4153 4151/4508/4151 4149/4507/4149
f 4267/4636/4267 4151/4508/4151 4153/4512/4153 4264/4635/4264
f 4154/4511/4154 4268/4638/4268 4269/4639/4269 4265/4634/4265
f 4269/4639/4269 4268/4638/4268 4271/4640/4271 4270/4641/4270
f 4271/4640/4271 4255/4642/4255 4270/4641/4270
f 4255/4624/4255 4256/4623/4256 4273/4643/4273 4272/4644/4272
f 4266/4637/4266 4275/4645/4275 4274/4646/4274 4150/4509/4150
f 4275/4647/4275 4277/4648/4277 4276/4649/4276 4274/4650/4274
f 4267/4636/4267 4264/4635/4264 4279/4651/4279 4278/4652/4278
f 4279/4651/4279 4264/4635/4264 4265/4634/4265
f 4266/4637/4266 4267/4636/4267 4278/4652/4278 4275/4645/4275
f 4278/4653/4278 4277/4648/4277 4275/4647/4275
f 4269/4639/4269 4280/4654/4280 4279/4651/4279 4265/4634/4265
f 4270/4641/4270 4272/4655/4272 4280/4654/4280 4269/4639/4269
f 4280/4656/4280 4272/4644/4272 4273/4643/4273
f 4281/4657/4281 4273/4643/4273 4256/4623/4256 4282/4658/4282
f 4283/4659/4283 4281/4657/4281 4282/4658/4282 4284/4660/4284
f 4277/4648/4277 4286/4661/4286 4285/4662/4285 4276/4649/4276
f 4286/4661/4286 4288/4663/4288 4287/4664/4287 4285/4662/4285
f 4288/4663/4288 4283/4659/4283 4284/4660/4284 4287/4664/4287
f 4286/4661/4286 4277/4648/4277 4278/4653/4278 4288/4663/4288
f 4288/4663/4288 4278/4653/4278 4279/4665/4279 4283/4659/4283
f 4283/4659/4283 4279/4665/4279 4280/4656/4280 4281/4657/4281
f 4273/4643/4273 4281/4657/4281 4280/4656/4280
f 4256/4623/4256 4257/4622/4257 4289/4666/4289 4282/4658/4282
f 4248/4615/4248 4253/4620/4253 4174/4539/4174 4290/4667/4290
f 4251/4616/4251 4248/4615/4248 4290/4667/4290 4289/4666/4289
f 4291/4668/4291 4150/4509/4150 4293/4669/4293 4292/4670/4292
f 4150/4509/4150 4274/4646/4274 4294/4671/4294 4293/4669/4293
f 4295/4672/4295 4291/4668/4291 4292/4670/4292 4296/4673/4296
f 4296/4673/4296 4297/4674/4297 4064/4419/4064 4295/4672/4295
f 4297/4674/4297 4298/4675/4298 4066/4421/4066 4064/4419/4064
f 4298/4676/4298 4299/4677/4299 3941/4261/3941 4066/4424/4066
f 4299/4677/4299 4300/4678/4300 4159/4517/4159 3941/4261/3941
f 4300/4678/4300 4301/4679/4301 4160/4519/4160 4159/4517/4159
f 4302/4680/4302 4294/4681/4294 4274/4650/4274 4276/4649/4276
f 4276/4649/4276 4160/4519/4160 4301/4679/4301 4302/4680/4302
f 4295/4672/4295 4155/4514/4155 4149/4507/4149 4291/4668/4291
f 4149/4507/4149 4150/4509/4150 4291/4668/4291
f 4072/4430/4072 4155/4514/4155 4295/4672/4295 4064/4419/4064
f 4155/4514/4155 4072/4430/4072 3935/4252/3935
f 4298/4675/4298 4297/4674/4297 4303/4682/4303
f 4303/4683/4303 4299/4677/4299 4298/4676/4298
f 4300/4678/4300 4303/4683/4303 4304/4684/4304 4301/4679/4301
f 4304/4685/4304 4303/4682/4303 4296/4673/4296 4292/4670/4292
f 4301/4679/4301 4304/4684/4304 4302/4680/4302
f 4292/4670/4292 4293/4669/4293 4304/4685/4304
f 4160/4519/4160 4276/4649/4276 4285/4662/4285
f 4099/4518/4099 4160/4519/4160 4285/4662/4285 4098/4686/4098
f 4285/4662/4285 4287/4664/4287 4098/4686/4098
f 4193/4558/4193 4196/4562/4196 4195/4559/4195
f 4245/4610/4245 4197/4561/4197 4193/4558/4193
f 4193/4558/4193 4187/4552/4187 4188/4555/4188
f 4193/4558/4193 4194/4560/4194 4187/4552/4187
f 4305/4687/4305 4098/4686/4098 4284/4660/4284 4282/4658/4282
f 4305/4687/4305 4289/4666/4289 4290/4667/4290 4163/4688/4163
f 4163/4523/4163 4162/4521/4162 4097/4455/4097 4305/4689/4305
f 4179/4545/4179 4180/4544/4180 4197/4561/4197
f 4197/4561/4197 4245/4610/4245 4209/4574/4209 4179/4545/4179
f 4175/4538/4175 4209/4611/4209 4245/4610/4245 4211/4577/4211
f 4262/4632/4262 4136/4495/4136 4263/4633/4263
f 4250/4617/4250 4251/4616/4251 4257/4622/4257 4254/4621/4254
f 4289/4666/4289 4257/4622/4257 4251/4616/4251
f 4255/4642/4255 4271/4640/4271 4306/4690/4306
f 4306/4690/4306 4271/4640/4271 4268/4638/4268 4307/4691/4307
f 4259/4627/4259 4307/4691/4307 4268/4638/4268 4246/4614/4246
f 4148/4505/4148 4246/4614/4246 4268/4638/4268
f 4303/4682/4303 4297/4674/4297 4296/4673/4296
f 4303/4683/4303 4300/4678/4300 4299/4677/4299
f 4304/4685/4304 4293/4669/4293 4294/4671/4294
f 4302/4680/4302 4304/4684/4304 4294/4681/4294
f 4305/4689/4305 4097/4455/4097 4098/4457/4098
f 4290/4667/4290 4174/4539/4174 4163/4688/4163
f 4163/4688/4163 4174/4539/4174 4175/4538/4175
f 4161/4692/4161 4163/4688/4163 4175/4538/4175 4212/4576/4212
f 4105/4465/4105 4161/4692/4161 4212/4576/4212 4171/4534/4171
f 4098/4686/4098 4287/4664/4287 4284/4660/4284
f 4305/4687/4305 4282/4658/4282 4289/4666/4289
f 4307/4691/4307 4250/4626/4250 4306/4690/4306
f 4250/4626/4250 4254/4693/4254 4306/4690/4306
f 4259/4627/4259 4250/4626/4250 4307/4691/4307
f 4249/4618/4249 4253/4620/4253 4248/4615/4248
f 4249/4625/4249 4258/4628/4258 4261/4629/4261
f 4247/4613/4247 4262/4632/4262 4261/4629/4261 4258/4628/4258
f 4237/4602/4237 4183/4548/4183 4180/4544/4180 4177/4542/4177
f 4177/4542/4177 4263/4633/4263 4137/4494/4137 4237/4602/4237
f 4263/4633/4263 4136/4495/4136 4137/4494/4137
f 4088/4443/4088 4165/4526/4165 4166/4527/4166 4087/4444/4087
f 4166/4527/4166 4170/4533/4170 4089/4445/4089 4087/4444/4087
f 4172/4535/4172 4164/4524/4164 4165/4526/4165
f 4165/4526/4165 4088/4443/4088 3949/4279/3949 4172/4535/4172
f 4308/4694/4308 4111/4467/4111 4108/4466/4108
f 4108/4466/4108 4243/4608/4243 4309/4695/4309 4308/4694/4308
f 4243/4612/4243 4114/4472/4114 4310/4696/4310 4309/4697/4309
f 4310/4696/4310 4114/4472/4114 4115/4471/4115
f 4311/4698/4311 4115/4471/4115 4185/4550/4185
f 4115/4471/4115 4311/4698/4311 4310/4696/4310
f 4111/4467/4111 4308/4694/4308 4312/4699/4312
f 4313/4700/4313 4095/4453/4095 4089/4445/4089 4170/4533/4170
f 4313/4700/4313 4170/4533/4170 4111/4532/4111 4312/4701/4312
f 4255/4642/4255 4272/4655/4272 4270/4641/4270
f 4255/4642/4255 4306/4690/4306 4254/4693/4254
f 4314/4702/4314 4315/4703/4315 4316/4704/4316 4317/4705/4317
f 4315/4703/4315 4314/4702/4314 4431/4706/4431 4430/4707/4430
f 4314/4702/4314 4318/4708/4318 4438/4709/4438 4431/4706/4431
f 4323/4710/4323 4324/4711/4324 4546/4712/4546 4547/4713/4547
f 4334/4714/4334 4335/4715/4335 4336/4716/4336 4488/4717/4488
f 4341/4718/4341 4344/4719/4344 4436/4720/4436 4433/4721/4433
f 4351/4722/4351 4352/4723/4352 4353/4724/4353
f 4397/4725/4397 4354/4726/4354 4355/4727/4355 4332/4728/4332
f 4359/4729/4359 4360/4730/4360 4329/4731/4329 4434/4732/4434
f 4361/4733/4361 4362/4734/4362 4334/4714/4334 4363/4735/4363
f 4361/4733/4361 4364/4736/4364 4365/4737/4365 4362/4734/4362
f 4361/4733/4361 4363/4735/4363 4366/4738/4366 4364/4736/4364
f 4360/4730/4360 4367/4739/4367 4368/4740/4368 4369/4741/4369
f 4360/4730/4360 4369/4741/4369 4330/4742/4330 4329/4731/4329
f 4370/4743/4370 4517/4744/4517 4372/4745/4372 4373/4746/4373
f 4374/4747/4374 4375/4748/4375 4376/4749/4376 4367/4739/4367
f 4374/4747/4374 4367/4739/4367 4377/4750/4377 4378/4751/4378
f 4379/4752/4379 4380/4753/4380 4381/4754/4381 4382/4755/4382
f 4379/4752/4379 4383/4756/4383 4376/4749/4376 4380/4753/4380
f 4384/4757/4384 4385/4758/4385 4386/4759/4386 4387/4760/4387
f 4384/4757/4384 4387/4760/4387 4388/4761/4388 4389/4762/4389
f 4384/4757/4384 4389/4762/4389 4390/4763/4390 4385/4758/4385
f 4372/4745/4372 4517/4744/4517 4518/4764/4518 4391/4765/4391
f 4394/4766/4394 4393/4767/4393 4502/4768/4502 4503/4769/4503
f 4398/4770/4398 4394/4766/4394 4503/4769/4503 4504/4771/4504
f 4398/4770/4398 4504/4771/4504 4505/4772/4505
f 4398/4770/4398 4505/4772/4505 4506/4773/4506 4401/4774/4401
f 4548/4775/4548 4400/4776/4400 4323/4710/4323 4547/4713/4547
f 4548/4775/4548 4549/4777/4549 4348/4778/4348 4400/4776/4400
f 4401/4774/4401 4506/4773/4506 4507/4779/4507
f 4402/4780/4402 4401/4774/4401 4507/4779/4507 4508/4781/4508
f 4402/4780/4402 4508/4781/4508 4509/4782/4509 4407/4783/4407
f 4544/4784/4544 4545/4785/4545 4500/4786/4500 4405/4787/4405
f 4406/4788/4406 4407/4783/4407 4509/4782/4509 4510/4789/4510
f 4510/4789/4510 4624/4790/4624 4409/4791/4409 4406/4788/4406
f 4409/4791/4409 4343/4792/4343 4410/4793/4410 4411/4794/4411
f 4409/4791/4409 4411/4794/4411 4412/4795/4412 4406/4788/4406
f 4412/4795/4412 4413/4796/4413 4407/4783/4407 4406/4788/4406
f 4413/4796/4413 4414/4797/4414 4402/4780/4402 4407/4783/4407
f 4414/4797/4414 4415/4798/4415 4401/4774/4401 4402/4780/4402
f 4415/4798/4415 4416/4799/4416 4398/4770/4398 4401/4774/4401
f 4416/4799/4416 4395/4800/4395 4394/4766/4394 4398/4770/4398
f 4343/4792/4343 4357/4801/4357 4417/4802/4417 4410/4793/4410
f 4419/4803/4419 4572/4804/4572 4420/4805/4420
f 4418/4806/4418 4357/4801/4357 4570/4807/4570 4327/4808/4327
f 4423/4809/4423 4424/4810/4424 4425/4811/4425 4421/4812/4421
f 4425/4811/4425 4426/4813/4426 4419/4803/4419 4421/4812/4421
f 4427/4814/4427 4417/4802/4417 4357/4801/4357 4418/4806/4418
f 4438/4709/4438 4429/4815/4429 4428/4816/4428 4431/4706/4431
f 4428/4816/4428 4606/4817/4606 4431/4706/4431
f 4433/4721/4433 4331/4818/4331 4620/4819/4620
f 4331/4818/4331 4613/4820/4613 4620/4819/4620
f 4330/4821/4330 4331/4818/4331 4433/4721/4433 4329/4822/4329
f 4329/4822/4329 4433/4721/4433 4436/4720/4436 4434/4823/4434
f 4434/4732/4434 4435/4824/4435 4392/4825/4392 4359/4729/4359
f 4359/4729/4359 4392/4825/4392 4371/4826/4371 4377/4750/4377
f 4353/4827/4353 4435/4828/4435 4437/4829/4437 4355/4727/4355
f 4435/4828/4435 4434/4823/4434 4436/4720/4436 4437/4829/4437
f 4392/4825/4392 4435/4824/4435 4353/4724/4353 4352/4723/4352
f 4436/4720/4436 4344/4719/4344 4347/4830/4347
f 4436/4720/4436 4347/4830/4347 4333/4831/4333 4437/4829/4437
f 4437/4829/4437 4333/4831/4333 4495/4832/4495
f 4353/4827/4353 4355/4727/4355 4354/4726/4354 4351/4833/4351
f 4341/4718/4341 4433/4721/4433 4340/4834/4340
f 4391/4765/4391 4518/4764/4518 4519/4835/4519 4440/4836/4440
f 4391/4765/4391 4441/4837/4441 4442/4838/4442 4372/4745/4372
f 4391/4765/4391 4440/4836/4440 4443/4839/4443 4441/4837/4441
f 4443/4839/4443 4440/4836/4440 4365/4737/4365 4364/4736/4364
f 4443/4839/4443 4444/4840/4444 4445/4841/4445 4441/4837/4441
f 4443/4839/4443 4364/4736/4364 4366/4738/4366 4444/4840/4444
f 4444/4840/4444 4446/4842/4446 4447/4843/4447 4445/4841/4445
f 4444/4840/4444 4366/4738/4366 4448/4844/4448 4446/4842/4446
f 4448/4844/4448 4366/4738/4366 4363/4735/4363 4449/4845/4449
f 4449/4845/4449 4363/4735/4363 4334/4714/4334 4488/4717/4488
f 4447/4843/4447 4450/4846/4450 4451/4847/4451 4445/4841/4445
f 4450/4846/4450 4452/4848/4452 4453/4849/4453 4451/4847/4451
f 4453/4849/4453 4452/4848/4452 4454/4850/4454 4907/4851/4907
f 4907/4851/4907 4908/4852/4908 4457/4853/4457 4455/4854/4455
f 4908/4852/4908 4909/4855/4909 4386/4759/4386 4457/4853/4457
f 4909/4855/4909 4910/4856/4910 4387/4760/4387 4386/4759/4386
f 4910/4856/4910 4911/4857/4911 4388/4761/4388 4387/4760/4387
f 4911/4857/4911 4912/4858/4912 4462/4859/4462 4388/4761/4388
f 4912/4858/4912 4913/4860/4913 4381/4754/4381 4462/4859/4462
f 4913/4860/4913 4914/4861/4914 4382/4755/4382 4381/4754/4381
f 4466/4862/4466 4382/4755/4382 4914/4861/4914
f 4465/4863/4465 4467/4864/4467 4468/4865/4468 4466/4862/4466
f 4469/4866/4469 4470/4867/4470 4317/4868/4317 4316/4869/4316
f 4469/4866/4469 4369/4741/4369 4368/4740/4368 4468/4865/4468
f 4469/4866/4469 4316/4869/4316 4330/4742/4330 4369/4741/4369
f 4468/4865/4468 4368/4740/4368 4383/4756/4383 4466/4862/4466
f 4466/4862/4466 4383/4756/4383 4379/4752/4379 4382/4755/4382
f 4462/4859/4462 4471/4870/4471 4389/4762/4389 4388/4761/4388
f 4462/4859/4462 4381/4754/4381 4380/4753/4380 4471/4870/4471
f 4471/4870/4471 4375/4748/4375 4390/4763/4390 4389/4762/4389
f 4471/4870/4471 4380/4753/4380 4376/4749/4376 4375/4748/4375
f 4457/4853/4457 4472/4871/4472 4473/4872/4473 4455/4854/4455
f 4457/4853/4457 4386/4759/4386 4385/4758/4385 4472/4871/4472
f 4472/4871/4472 4474/4873/4474 4475/4874/4475 4473/4872/4473
f 4472/4871/4472 4385/4758/4385 4390/4763/4390 4474/4873/4474
f 4474/4873/4474 4374/4747/4374 4378/4751/4378 4475/4874/4475
f 4474/4873/4474 4390/4763/4390 4375/4748/4375 4374/4747/4374
f 4475/4874/4475 4378/4751/4378 4370/4743/4370 4373/4746/4373
f 4475/4874/4475 4373/4746/4373 4476/4875/4476 4473/4872/4473
f 4476/4875/4476 4373/4746/4373 4372/4745/4372 4442/4838/4442
f 4476/4875/4476 4453/4849/4453 4455/4854/4455 4473/4872/4473
f 4476/4875/4476 4442/4838/4442 4451/4847/4451 4453/4849/4453
f 4451/4847/4451 4442/4838/4442 4441/4837/4441 4445/4841/4445
f 4519/4835/4519 4477/4876/4477 4365/4737/4365 4440/4836/4440
f 4477/4876/4477 4478/4877/4478 4362/4734/4362 4365/4737/4365
f 4478/4877/4478 4335/4715/4335 4334/4714/4334 4362/4734/4362
f 4383/4756/4383 4368/4740/4368 4367/4739/4367 4376/4749/4376
f 4377/4750/4377 4371/4826/4371 4370/4743/4370 4378/4751/4378
f 4317/4705/4317 4479/4878/4479 4318/4708/4318 4314/4702/4314
f 4480/4879/4480 4479/4880/4479 4317/4868/4317 4470/4867/4470
f 4358/4881/4358 4322/4882/4322 4319/4883/4319 4321/4884/4321
f 4358/4885/4358 4342/4886/4342 4338/4887/4338 4322/4888/4322
f 4338/4887/4338 4542/4889/4542 4614/4890/4614
f 4404/4891/4404 4540/4892/4540 4541/4893/4541 4408/4894/4408
f 4330/4821/4330 4316/4704/4316 4315/4703/4315 4331/4818/4331
f 4611/4895/4611 4612/4896/4612 4468/4865/4468 4467/4864/4467
f 4469/4866/4469 4468/4865/4468 4612/4896/4612 4470/4867/4470
f 4395/4800/4395 4481/4897/4481 4393/4767/4393 4394/4766/4394
f 4549/4777/4549 4498/4898/4498 4348/4778/4348
f 4346/4899/4346 4515/4900/4515 4533/4901/4533 4534/4902/4534
f 4530/4903/4530 4531/4904/4531 4405/4787/4405 4500/4786/4500
f 4535/4905/4535 4345/4906/4345 4539/4907/4539
f 4535/4905/4535 4339/4908/4339 4538/4909/4538
f 4551/4910/4551 4552/4911/4552 4489/4912/4489 4482/4913/4482
f 4324/4711/4324 4323/4710/4323 4527/4914/4527 4528/4915/4528
f 4323/4710/4323 4400/4776/4400 4526/4916/4526 4527/4914/4527
f 4348/4778/4348 4525/4917/4525 4526/4916/4526 4400/4776/4400
f 4525/4917/4525 4348/4778/4348 4498/4898/4498 4524/4918/4524
f 4482/4913/4482 4489/4912/4489 4521/4919/4521 4522/4920/4522
f 4614/4890/4614 4615/4921/4615 4322/4888/4322 4338/4887/4338
f 4486/4922/4486 4320/4923/4320 4319/4883/4319 4487/4924/4487
f 4486/4922/4486 4484/4925/4484 4340/4834/4340 4320/4923/4320
f 4516/4926/4516 4340/4834/4340 4484/4925/4484
f 4501/4927/4501 4344/4719/4344 4341/4718/4341 4483/4928/4483
f 4490/4929/4490 4347/4830/4347 4344/4719/4344 4485/4930/4485
f 4490/4929/4490 4491/4931/4491 4333/4831/4333 4347/4830/4347
f 4495/4832/4495 4333/4831/4333 4491/4931/4491 4492/4932/4492
f 4495/4832/4495 4492/4932/4492 4499/4933/4499
f 4397/4725/4397 4332/4728/4332 4537/4934/4537
f 4550/4935/4550 4551/4910/4551 4482/4913/4482 4496/4936/4496
f 4523/4937/4523 4496/4936/4496 4482/4913/4482 4522/4920/4522
f 4332/4728/4332 4495/4832/4495 4497/4938/4497 4493/4939/4493
f 4437/4829/4437 4495/4832/4495 4332/4728/4332 4355/4727/4355
f 4498/4898/4498 4550/4935/4550 4496/4936/4496
f 4524/4918/4524 4498/4898/4498 4496/4936/4496 4523/4937/4523
f 4521/4919/4521 4489/4912/4489 4552/4911/4552 4553/4940/4553
f 4500/4786/4500 4545/4785/4545 4511/4941/4511
f 4529/4942/4529 4530/4903/4530 4500/4786/4500 4511/4941/4511
f 4503/4769/4503 4502/4768/4502 4396/4943/4396 4350/4944/4350
f 4504/4771/4504 4503/4769/4503 4350/4944/4350 4349/4945/4349
f 4505/4772/4505 4504/4771/4504 4349/4945/4349 4399/4946/4399
f 4506/4773/4506 4505/4772/4505 4399/4946/4399 4326/4947/4326
f 4507/4779/4507 4506/4773/4506 4326/4947/4326 4325/4948/4325
f 4508/4781/4508 4507/4779/4507 4325/4948/4325 4403/4949/4403
f 4509/4782/4509 4508/4781/4508 4403/4949/4403 4404/4891/4404
f 4510/4789/4510 4509/4782/4509 4404/4891/4404 4408/4894/4408
f 4623/4950/4623 4624/4790/4624 4510/4789/4510 4408/4894/4408
f 4511/4941/4511 4546/4712/4546 4324/4711/4324
f 4528/4915/4528 4529/4942/4529 4511/4941/4511 4324/4711/4324
f 4544/4784/4544 4405/4787/4405 4513/4951/4513 4543/4952/4543
f 4532/4953/4532 4513/4951/4513 4405/4787/4405 4531/4904/4531
f 4515/4900/4515 4513/4951/4513 4532/4953/4532 4533/4901/4533
f 4483/4928/4483 4341/4718/4341 4340/4834/4340 4514/4954/4514
f 4512/4955/4512 4344/4719/4344 4501/4927/4501
f 4404/4891/4404 4543/4952/4543 4515/4900/4515
f 4517/4744/4517 4370/4743/4370 4371/4826/4371 4352/4723/4352
f 4352/4723/4352 4371/4826/4371 4392/4825/4392
f 4518/4764/4518 4517/4744/4517 4352/4723/4352 4351/4722/4351
f 4519/4835/4519 4518/4764/4518 4351/4722/4351 4439/4956/4439
f 4439/4956/4439 4477/4876/4477 4519/4835/4519
f 4404/4891/4404 4515/4900/4515 4540/4892/4540
f 4537/4934/4537 4553/4957/4553 4520/4958/4520 4397/4725/4397
f 4522/4920/4522 4521/4919/4521 4494/4959/4494 4493/4939/4493
f 4497/4938/4497 4523/4937/4523 4522/4920/4522 4493/4939/4493
f 4499/4933/4499 4524/4918/4524 4523/4937/4523 4497/4938/4497
f 4492/4932/4492 4525/4917/4525 4524/4918/4524 4499/4933/4499
f 4526/4916/4526 4525/4917/4525 4492/4932/4492 4491/4931/4491
f 4527/4914/4527 4526/4916/4526 4491/4931/4491 4490/4929/4490
f 4528/4915/4528 4527/4914/4527 4490/4929/4490 4485/4930/4485
f 4485/4930/4485 4512/4955/4512 4529/4942/4529 4528/4915/4528
f 4512/4955/4512 4501/4927/4501 4530/4903/4530 4529/4942/4529
f 4501/4927/4501 4483/4928/4483 4531/4904/4531 4530/4903/4530
f 4514/4954/4514 4532/4953/4532 4531/4904/4531 4483/4928/4483
f 4533/4901/4533 4532/4953/4532 4514/4954/4514 4516/4926/4516
f 4534/4902/4534 4533/4901/4533 4516/4926/4516 4484/4925/4484
f 4486/4922/4486 4535/4905/4535 4534/4902/4534 4484/4925/4484
f 4487/4924/4487 4536/4960/4536 4535/4905/4535 4486/4922/4486
f 4322/4882/4322 4615/4961/4615 4319/4883/4319
f 4514/4954/4514 4340/4834/4340 4516/4926/4516
f 4485/4930/4485 4344/4719/4344 4512/4955/4512
f 4495/4832/4495 4499/4933/4499 4497/4938/4497
f 4537/4934/4537 4332/4728/4332 4493/4939/4493 4494/4959/4494
f 4408/4894/4408 4541/4893/4541 4623/4950/4623
f 4540/4892/4540 4346/4899/4346 4539/4907/4539
f 4540/4892/4540 4539/4907/4539 4345/4906/4345 4541/4893/4541
f 4542/4889/4542 4541/4893/4541 4345/4906/4345 4538/4909/4538
f 4339/4908/4339 4542/4889/4542 4538/4909/4538
f 4403/4949/4403 4544/4784/4544 4543/4952/4543 4404/4891/4404
f 4403/4949/4403 4325/4948/4325 4545/4785/4545 4544/4784/4544
f 4547/4713/4547 4546/4712/4546 4325/4948/4325 4326/4947/4326
f 4399/4946/4399 4548/4775/4548 4547/4713/4547 4326/4947/4326
f 4399/4946/4399 4349/4945/4349 4549/4777/4549 4548/4775/4548
f 4349/4945/4349 4350/4944/4350 4551/4910/4551 4550/4935/4550
f 4350/4944/4350 4396/4943/4396 4552/4911/4552 4551/4910/4551
f 4553/4940/4553 4552/4911/4552 4396/4943/4396 4520/4962/4520
f 4511/4941/4511 4545/4785/4545 4325/4948/4325
f 4511/4941/4511 4325/4948/4325 4546/4712/4546
f 4349/4945/4349 4498/4898/4498 4549/4777/4549
f 4349/4945/4349 4550/4935/4550 4498/4898/4498
f 4494/4959/4494 4521/4919/4521 4553/4957/4553 4537/4934/4537
f 4515/4900/4515 4543/4952/4543 4513/4951/4513
f 4540/4892/4540 4515/4900/4515 4346/4899/4346
f 4357/4801/4357 4343/4792/4343 4554/4963/4554 4356/4964/4356
f 4558/4965/4558 4555/4966/4555 4556/4967/4556 4557/4968/4557
f 4566/4969/4566 4559/4970/4559 4557/4968/4557
f 4616/4971/4616 4617/4972/4617 4561/4973/4561 4565/4974/4565
f 4557/4975/4557 4556/4976/4556 4563/4977/4563 4564/4978/4564
f 4557/4975/4557 4621/4979/4621 4560/4980/4560
f 4560/4980/4560 4566/4981/4566 4557/4975/4557
f 4356/4964/4356 4554/4963/4554 4564/4978/4564 4563/4977/4563
f 4622/4982/4622 4567/4983/4567 4560/4980/4560 4621/4979/4621
f 4566/4981/4566 4560/4980/4560 4342/4886/4342 4358/4885/4358
f 4559/4970/4559 4566/4969/4566 4358/4881/4358 4321/4884/4321
f 4338/4887/4338 4342/4886/4342 4567/4983/4567
f 4560/4980/4560 4567/4983/4567 4342/4886/4342
f 4554/4963/4554 4343/4792/4343 4409/4791/4409 4622/4982/4622
f 4327/4808/4327 4570/4807/4570 4571/4984/4571 4568/4985/4568
f 4420/4805/4420 4572/4804/4572 4573/4986/4573 4569/4987/4569
f 4570/4807/4570 4357/4801/4357 4328/4988/4328
f 4426/4813/4426 4427/4814/4427 4418/4806/4418 4419/4803/4419
f 4418/4806/4418 4327/4808/4327 4572/4804/4572 4419/4803/4419
f 4573/4986/4573 4572/4804/4572 4327/4808/4327 4568/4985/4568
f 4570/4807/4570 4328/4988/4328 4574/4989/4574 4571/4984/4571
f 4574/4989/4574 4328/4988/4328 4562/4990/4562 4575/4991/4575
f 4562/4990/4562 4565/4992/4565 4576/4993/4576 4575/4991/4575
f 4565/4974/4565 4561/4973/4561 4577/4994/4577 4576/4995/4576
f 4569/4987/4569 4578/4996/4578 4579/4997/4579 4420/4805/4420
f 4578/4998/4578 4580/4999/4580 4581/5000/4581 4579/5001/4579
f 4573/4986/4573 4568/4985/4568 4582/5002/4582 4583/5003/4583
f 4582/5002/4582 4568/4985/4568 4571/4984/4571
f 4569/4987/4569 4573/4986/4573 4583/5003/4583 4578/4996/4578
f 4583/5004/4583 4580/4999/4580 4578/4998/4578
f 4574/4989/4574 4584/5005/4584 4582/5002/4582 4571/4984/4571
f 4575/4991/4575 4576/4993/4576 4584/5005/4584 4574/4989/4574
f 4584/5006/4584 4576/4995/4576 4577/4994/4577
f 4586/5007/4586 4577/4994/4577 4561/4973/4561 4585/5008/4585
f 4588/5009/4588 4586/5007/4586 4585/5008/4585 4587/5010/4587
f 4580/4999/4580 4589/5011/4589 4590/5012/4590 4581/5000/4581
f 4589/5011/4589 4591/5013/4591 4337/5014/4337 4590/5012/4590
f 4591/5013/4591 4588/5009/4588 4587/5010/4587 4337/5014/4337
f 4589/5011/4589 4580/4999/4580 4583/5004/4583 4591/5013/4591
f 4591/5013/4591 4583/5004/4583 4582/5015/4582 4588/5009/4588
f 4588/5009/4588 4582/5015/4582 4584/5006/4584 4586/5007/4586
f 4577/4994/4577 4586/5007/4586 4584/5006/4584
f 4561/4973/4561 4617/4972/4617 4592/5016/4592 4585/5008/4585
f 4558/4965/4558 4559/4970/4559 4321/4884/4321 4593/5017/4593
f 4555/4966/4555 4558/4965/4558 4593/5017/4593 4592/5016/4592
f 4596/5018/4596 4420/4805/4420 4594/5019/4594 4595/5020/4595
f 4420/4805/4420 4579/4997/4579 4597/5021/4597 4594/5019/4594
f 4422/5022/4422 4596/5018/4596 4595/5020/4595 4598/5023/4598
f 4598/5023/4598 4599/5024/4599 4600/5025/4600 4422/5022/4422
f 4599/5024/4599 4601/5026/4601 4602/5027/4602 4600/5025/4600
f 4601/5028/4601 4603/5029/4603 4429/4815/4429 4602/5030/4602
f 4603/5029/4603 4604/5031/4604 4428/4816/4428 4429/4815/4429
f 4604/5031/4604 4605/5032/4605 4606/4817/4606 4428/4816/4428
f 4607/5033/4607 4597/5034/4597 4579/5001/4579 4581/5000/4581
f 4581/5000/4581 4606/4817/4606 4605/5032/4605 4607/5033/4607
f 4422/5022/4422 4421/4812/4421 4419/4803/4419 4596/5018/4596
f 4419/4803/4419 4420/4805/4420 4596/5018/4596
f 4608/5035/4608 4421/4812/4421 4422/5022/4422 4600/5025/4600
f 4421/4812/4421 4608/5035/4608 4423/4809/4423
f 4601/5026/4601 4599/5024/4599 4609/5036/4609
f 4609/5037/4609 4603/5029/4603 4601/5028/4601
f 4604/5031/4604 4609/5037/4609 4610/5038/4610 4605/5032/4605
f 4610/5039/4610 4609/5036/4609 4598/5023/4598 4595/5020/4595
f 4605/5032/4605 4610/5038/4610 4607/5033/4607
f 4595/5020/4595 4594/5019/4594 4610/5039/4610
f 4606/4817/4606 4581/5000/4581 4590/5012/4590
f 4431/4706/4431 4606/4817/4606 4590/5012/4590 4430/4707/4430
f 4590/5012/4590 4337/5014/4337 4430/4707/4430
f 4359/4729/4359 4377/4750/4377 4367/4739/4367 4360/4730/4360
f 4535/4905/4535 4538/4909/4538 4345/4906/4345
f 4536/4960/4536 4339/4908/4339 4535/4905/4535
f 4535/4905/4535 4346/4899/4346 4534/4902/4534
f 4535/4905/4535 4539/4907/4539 4346/4899/4346
f 4480/4879/4480 4470/4867/4470 4612/4896/4612 4611/4895/4611
f 4432/5040/4432 4430/4707/4430 4587/5010/4587 4585/5008/4585
f 4432/5040/4432 4592/5016/4592 4593/5017/4593 4613/4820/4613
f 4613/4820/4613 4331/4818/4331 4315/4703/4315 4432/5040/4432
f 4614/4890/4614 4542/4889/4542 4339/4908/4339
f 4339/4908/4339 4536/4960/4536 4615/4921/4615 4614/4890/4614
f 4319/4883/4319 4615/4961/4615 4536/4960/4536 4487/4924/4487
f 4622/4982/4622 4409/4791/4409 4567/4983/4567
f 4556/4967/4556 4555/4966/4555 4617/4972/4617 4616/4971/4616
f 4592/5016/4592 4617/4972/4617 4555/4966/4555
f 4565/4992/4565 4562/4990/4562 4618/5041/4618 4616/5042/4616
f 4618/5041/4618 4562/4990/4562 4328/4988/4328 4619/5043/4619
f 4563/4977/4563 4619/5043/4619 4328/4988/4328 4356/4964/4356
f 4357/4801/4357 4356/4964/4356 4328/4988/4328
f 4609/5036/4609 4599/5024/4599 4598/5023/4598
f 4609/5037/4609 4604/5031/4604 4603/5029/4603
f 4610/5039/4610 4594/5019/4594 4597/5021/4597
f 4607/5033/4607 4610/5038/4610 4597/5034/4597
f 4432/5040/4432 4315/4703/4315 4430/4707/4430
f 4593/5017/4593 4321/4884/4321 4613/4820/4613
f 4613/4820/4613 4321/4884/4321 4319/4883/4319
f 4620/4819/4620 4613/4820/4613 4319/4883/4319 4320/4923/4320
f 4433/4721/4433 4620/4819/4620 4320/4923/4320 4340/4834/4340
f 4430/4707/4430 4337/5014/4337 4587/5010/4587
f 4432/5040/4432 4585/5008/4585 4592/5016/4592
f 4619/5043/4619 4556/4976/4556 4618/5041/4618
f 4556/4976/4556 4616/5042/4616 4618/5041/4618
f 4563/4977/4563 4556/4976/4556 4619/5043/4619
f 4557/4968/4557 4559/4970/4559 4558/4965/4558
f 4557/4975/4557 4564/4978/4564 4621/4979/4621
f 4554/4963/4554 4622/4982/4622 4621/4979/4621 4564/4978/4564
f 4623/4950/4623 4541/4893/4541 4542/4889/4542 4338/4887/4338
f 4338/4887/4338 4567/4983/4567 4624/4790/4624 4623/4950/4623
f 4567/4983/4567 4409/4791/4409 4624/4790/4624
f 4625/5044/4625 4628/5045/4628 4627/5046/4627 4626/5047/4626
f 4626/5047/4626 4630/5048/4630 4629/5049/4629 4625/5044/4625
f 4625/5044/4625 4629/5049/4629 4438/4709/4438 4318/4708/4318
f 4631/5050/4631 4634/5051/4634 4633/5052/4633 4632/5053/4632
f 4635/5054/4635 4488/4717/4488 4336/4716/4336 4636/5055/4636
f 4637/5056/4637 4640/5057/4640 4639/5058/4639 4638/5059/4638
f 4641/5060/4641 4643/5061/4643 4642/5062/4642
f 4644/5063/4644 4647/5064/4647 4646/5065/4646 4645/5066/4645
f 4648/5067/4648 4651/5068/4651 4650/5069/4650 4649/5070/4649
f 4652/5071/4652 4654/5072/4654 4635/5054/4635 4653/5073/4653
f 4652/5071/4652 4653/5073/4653 4656/5074/4656 4655/5075/4655
f 4652/5071/4652 4655/5075/4655 4657/5076/4657 4654/5072/4654
f 4649/5070/4649 4660/5077/4660 4659/5078/4659 4658/5079/4658
f 4649/5070/4649 4650/5069/4650 4661/5080/4661 4660/5077/4660
f 4662/5081/4662 4665/5082/4665 4664/5083/4664 4663/5084/4663
f 4666/5085/4666 4658/5079/4658 4668/5086/4668 4667/5087/4667
f 4666/5085/4666 4670/5088/4670 4669/5089/4669 4658/5079/4658
f 4671/5090/4671 4674/5091/4674 4673/5092/4673 4672/5093/4672
f 4671/5090/4671 4672/5093/4672 4668/5086/4668 4675/5094/4675
f 4676/5095/4676 4679/5096/4679 4678/5097/4678 4677/5098/4677
f 4676/5095/4676 4681/5099/4681 4680/5100/4680 4679/5096/4679
f 4676/5095/4676 4677/5098/4677 4682/5101/4682 4681/5099/4681
f 4664/5083/4664 4684/5102/4684 4683/5103/4683 4663/5084/4663
f 4685/5104/4685 4688/5105/4688 4687/5106/4687 4686/5107/4686
f 4689/5108/4689 4690/5109/4690 4688/5105/4688 4685/5104/4685
f 4689/5108/4689 4691/5110/4691 4690/5109/4690
f 4689/5108/4689 4693/5111/4693 4692/5112/4692 4691/5110/4691
f 4694/5113/4694 4634/5051/4634 4631/5050/4631 4695/5114/4695
f 4694/5113/4694 4695/5114/4695 4697/5115/4697 4696/5116/4696
f 4693/5111/4693 4698/5117/4698 4692/5112/4692
f 4699/5118/4699 4700/5119/4700 4698/5117/4698 4693/5111/4693
f 4699/5118/4699 4702/5120/4702 4701/5121/4701 4700/5119/4700
f 4703/5122/4703 4706/5123/4706 4705/5124/4705 4704/5125/4704
f 4707/5126/4707 4708/5127/4708 4701/5121/4701 4702/5120/4702
f 4708/5127/4708 4707/5126/4707 4710/5128/4710 4709/5129/4709
f 4710/5128/4710 4713/5130/4713 4712/5131/4712 4711/5132/4711
f 4710/5128/4710 4707/5126/4707 4714/5133/4714 4713/5130/4713
f 4714/5133/4714 4707/5126/4707 4702/5120/4702 4715/5134/4715
f 4715/5134/4715 4702/5120/4702 4699/5118/4699 4716/5135/4716
f 4716/5135/4716 4699/5118/4699 4693/5111/4693 4717/5136/4717
f 4717/5136/4717 4693/5111/4693 4689/5108/4689 4718/5137/4718
f 4718/5137/4718 4689/5108/4689 4685/5104/4685 4719/5138/4719
f 4711/5132/4711 4712/5131/4712 4721/5139/4721 4720/5140/4720
f 4722/5141/4722 4724/5142/4724 4723/5143/4723
f 4725/5144/4725 4727/5145/4727 4726/5146/4726 4720/5140/4720
f 4423/4809/4423 4729/5147/4729 4728/5148/4728 4424/4810/4424
f 4728/5148/4728 4729/5147/4729 4722/5141/4722 4730/5149/4730
f 4731/5150/4731 4725/5144/4725 4720/5140/4720 4721/5139/4721
f 4438/4709/4438 4629/5049/4629 4732/5151/4732 4429/4815/4429
f 4732/5151/4732 4629/5049/4629 4733/5152/4733
f 4640/5057/4640 4735/5153/4735 4734/5154/4734
f 4734/5154/4734 4735/5153/4735 4736/5155/4736
f 4661/5156/4661 4650/5157/4650 4640/5057/4640 4734/5154/4734
f 4650/5157/4650 4651/5158/4651 4639/5058/4639 4640/5057/4640
f 4651/5068/4651 4648/5067/4648 4738/5159/4738 4737/5160/4737
f 4648/5067/4648 4669/5089/4669 4739/5161/4739 4738/5159/4738
f 4643/5162/4643 4646/5065/4646 4740/5163/4740 4737/5164/4737
f 4737/5164/4737 4740/5163/4740 4639/5058/4639 4651/5158/4651
f 4738/5159/4738 4642/5062/4642 4643/5061/4643 4737/5160/4737
f 4639/5058/4639 4741/5165/4741 4638/5059/4638
f 4639/5058/4639 4740/5163/4740 4742/5166/4742 4741/5165/4741
f 4740/5163/4740 4743/5167/4743 4742/5166/4742
f 4643/5162/4643 4641/5168/4641 4645/5066/4645 4646/5065/4646
f 4637/5056/4637 4744/5169/4744 4640/5057/4640
f 4684/5102/4684 4746/5170/4746 4745/5171/4745 4683/5103/4683
f 4684/5102/4684 4664/5083/4664 4748/5172/4748 4747/5173/4747
f 4684/5102/4684 4747/5173/4747 4749/5174/4749 4746/5170/4746
f 4749/5174/4749 4655/5075/4655 4656/5074/4656 4746/5170/4746
f 4749/5174/4749 4747/5173/4747 4751/5175/4751 4750/5176/4750
f 4749/5174/4749 4750/5176/4750 4657/5076/4657 4655/5075/4655
f 4750/5176/4750 4751/5175/4751 4447/4843/4447 4446/4842/4446
f 4750/5176/4750 4446/4842/4446 4448/4844/4448 4657/5076/4657
f 4448/4844/4448 4449/4845/4449 4654/5072/4654 4657/5076/4657
f 4449/4845/4449 4488/4717/4488 4635/5054/4635 4654/5072/4654
f 4447/4843/4447 4751/5175/4751 4752/5177/4752 4450/4846/4450
f 4450/4846/4450 4752/5177/4752 4753/5178/4753 4452/4848/4452
f 4922/5179/4922 4753/5178/4753 4754/5180/4754
f 4922/5179/4922 4754/5180/4754 4755/5181/4755 4921/5182/4921
f 4921/5182/4921 4755/5181/4755 4678/5097/4678 4920/5183/4920
f 4920/5183/4920 4678/5097/4678 4679/5096/4679 4919/5184/4919
f 4919/5184/4919 4679/5096/4679 4680/5100/4680 4918/5185/4918
f 4918/5185/4918 4680/5100/4680 4756/5186/4756 4917/5187/4917
f 4917/5187/4917 4756/5186/4756 4673/5092/4673 4916/5188/4916
f 4916/5188/4916 4673/5092/4673 4674/5091/4674 4915/5189/4915
f 4464/5190/4464 4915/5189/4915 4757/5191/4757 4465/5192/4465
f 4465/5192/4465 4757/5191/4757 4758/5193/4758 4467/5194/4467
f 4759/5195/4759 4627/5196/4627 4628/5197/4628 4760/5198/4760
f 4759/5195/4759 4758/5193/4758 4659/5078/4659 4660/5077/4660
f 4759/5195/4759 4660/5077/4660 4661/5080/4661 4627/5196/4627
f 4758/5193/4758 4757/5191/4757 4675/5094/4675 4659/5078/4659
f 4757/5191/4757 4674/5091/4674 4671/5090/4671 4675/5094/4675
f 4756/5186/4756 4680/5100/4680 4681/5099/4681 4761/5199/4761
f 4756/5186/4756 4761/5199/4761 4672/5093/4672 4673/5092/4673
f 4761/5199/4761 4681/5099/4681 4682/5101/4682 4667/5087/4667
f 4761/5199/4761 4667/5087/4667 4668/5086/4668 4672/5093/4672
f 4755/5181/4755 4754/5180/4754 4763/5200/4763 4762/5201/4762
f 4755/5181/4755 4762/5201/4762 4677/5098/4677 4678/5097/4678
f 4762/5201/4762 4763/5200/4763 4765/5202/4765 4764/5203/4764
f 4762/5201/4762 4764/5203/4764 4682/5101/4682 4677/5098/4677
f 4764/5203/4764 4765/5202/4765 4670/5088/4670 4666/5085/4666
f 4764/5203/4764 4666/5085/4666 4667/5087/4667 4682/5101/4682
f 4765/5202/4765 4665/5082/4665 4662/5081/4662 4670/5088/4670
f 4765/5202/4765 4763/5200/4763 4766/5204/4766 4665/5082/4665
f 4766/5204/4766 4748/5172/4748 4664/5083/4664 4665/5082/4665
f 4766/5204/4766 4763/5200/4763 4754/5180/4754 4753/5178/4753
f 4766/5204/4766 4753/5178/4753 4752/5177/4752 4748/5172/4748
f 4752/5177/4752 4751/5175/4751 4747/5173/4747 4748/5172/4748
f 4745/5171/4745 4746/5170/4746 4656/5074/4656 4767/5205/4767
f 4767/5205/4767 4656/5074/4656 4653/5073/4653 4768/5206/4768
f 4768/5206/4768 4653/5073/4653 4635/5054/4635 4636/5055/4636
f 4675/5094/4675 4668/5086/4668 4658/5079/4658 4659/5078/4659
f 4669/5089/4669 4670/5088/4670 4662/5081/4662 4739/5161/4739
f 4628/5045/4628 4625/5044/4625 4318/4708/4318 4479/4878/4479
f 4480/5207/4480 4760/5198/4760 4628/5197/4628 4479/5208/4479
f 4769/5209/4769 4772/5210/4772 4771/5211/4771 4770/5212/4770
f 4769/5213/4769 4770/5214/4770 4774/5215/4774 4773/5216/4773
f 4774/5215/4774 4776/5217/4776 4775/5218/4775
f 4777/5219/4777 4780/5220/4780 4779/5221/4779 4778/5222/4778
f 4661/5156/4661 4734/5154/4734 4626/5047/4626 4627/5046/4627
f 4611/5223/4611 4467/5194/4467 4758/5193/4758 4781/5224/4781
f 4759/5195/4759 4760/5198/4760 4781/5224/4781 4758/5193/4758
f 4719/5138/4719 4685/5104/4685 4686/5107/4686 4782/5225/4782
f 4696/5116/4696 4697/5115/4697 4783/5226/4783
f 4784/5227/4784 4787/5228/4787 4786/5229/4786 4785/5230/4785
f 4788/5231/4788 4705/5124/4705 4706/5123/4706 4789/5232/4789
f 4790/5233/4790 4792/5234/4792 4791/5235/4791
f 4790/5233/4790 4794/5236/4794 4793/5237/4793
f 4795/5238/4795 4798/5239/4798 4797/5240/4797 4796/5241/4796
f 4632/5053/4632 4800/5242/4800 4799/5243/4799 4631/5050/4631
f 4631/5050/4631 4799/5243/4799 4801/5244/4801 4695/5114/4695
f 4697/5115/4697 4695/5114/4695 4801/5244/4801 4802/5245/4802
f 4802/5245/4802 4803/5246/4803 4783/5226/4783 4697/5115/4697
f 4798/5239/4798 4805/5247/4805 4804/5248/4804 4797/5240/4797
f 4776/5217/4776 4774/5215/4774 4770/5214/4770 4806/5249/4806
f 4807/5250/4807 4809/5251/4809 4771/5211/4771 4808/5252/4808
f 4807/5250/4807 4808/5252/4808 4744/5169/4744 4810/5253/4810
f 4811/5254/4811 4810/5253/4810 4744/5169/4744
f 4812/5255/4812 4813/5256/4813 4637/5056/4637 4638/5059/4638
f 4814/5257/4814 4815/5258/4815 4638/5059/4638 4741/5165/4741
f 4814/5257/4814 4741/5165/4741 4742/5166/4742 4816/5259/4816
f 4743/5167/4743 4817/5260/4817 4816/5259/4816 4742/5166/4742
f 4743/5167/4743 4818/5261/4818 4817/5260/4817
f 4644/5063/4644 4819/5262/4819 4647/5064/4647
f 4820/5263/4820 4821/5264/4821 4798/5239/4798 4795/5238/4795
f 4822/5265/4822 4805/5247/4805 4798/5239/4798 4821/5264/4821
f 4647/5064/4647 4824/5266/4824 4823/5267/4823 4743/5167/4743
f 4740/5163/4740 4646/5065/4646 4647/5064/4647 4743/5167/4743
f 4783/5226/4783 4821/5264/4821 4820/5263/4820
f 4803/5246/4803 4822/5265/4822 4821/5264/4821 4783/5226/4783
f 4804/5248/4804 4825/5268/4825 4796/5241/4796 4797/5240/4797
f 4705/5124/4705 4826/5269/4826 4704/5125/4704
f 4827/5270/4827 4826/5269/4826 4705/5124/4705 4788/5231/4788
f 4688/5105/4688 4829/5271/4829 4828/5272/4828 4687/5106/4687
f 4690/5109/4690 4830/5273/4830 4829/5271/4829 4688/5105/4688
f 4691/5110/4691 4831/5274/4831 4830/5273/4830 4690/5109/4690
f 4692/5112/4692 4832/5275/4832 4831/5274/4831 4691/5110/4691
f 4698/5117/4698 4833/5276/4833 4832/5275/4832 4692/5112/4692
f 4700/5119/4700 4834/5277/4834 4833/5276/4833 4698/5117/4698
f 4701/5121/4701 4777/5219/4777 4834/5277/4834 4700/5119/4700
f 4708/5127/4708 4780/5220/4780 4777/5219/4777 4701/5121/4701
f 4835/5278/4835 4780/5220/4780 4708/5127/4708 4709/5129/4709
f 4826/5269/4826 4632/5053/4632 4633/5052/4633
f 4800/5242/4800 4632/5053/4632 4826/5269/4826 4827/5270/4827
f 4703/5122/4703 4837/5279/4837 4836/5280/4836 4706/5123/4706
f 4838/5281/4838 4789/5232/4789 4706/5123/4706 4836/5280/4836
f 4785/5230/4785 4786/5229/4786 4838/5281/4838 4836/5280/4836
f 4813/5256/4813 4839/5282/4839 4744/5169/4744 4637/5056/4637
f 4840/5283/4840 4812/5255/4812 4638/5059/4638
f 4777/5219/4777 4785/5230/4785 4837/5279/4837
f 4663/5084/4663 4642/5062/4642 4739/5161/4739 4662/5081/4662
f 4642/5062/4642 4738/5159/4738 4739/5161/4739
f 4683/5103/4683 4641/5060/4641 4642/5062/4642 4663/5084/4663
f 4745/5171/4745 4841/5284/4841 4641/5060/4641 4683/5103/4683
f 4841/5284/4841 4745/5171/4745 4767/5205/4767
f 4777/5219/4777 4778/5222/4778 4785/5230/4785
f 4819/5262/4819 4644/5063/4644 4842/5285/4842 4825/5286/4825
f 4805/5247/4805 4824/5266/4824 4843/5287/4843 4804/5248/4804
f 4823/5267/4823 4824/5266/4824 4805/5247/4805 4822/5265/4822
f 4818/5261/4818 4823/5267/4823 4822/5265/4822 4803/5246/4803
f 4817/5260/4817 4818/5261/4818 4803/5246/4803 4802/5245/4802
f 4801/5244/4801 4816/5259/4816 4817/5260/4817 4802/5245/4802
f 4799/5243/4799 4814/5257/4814 4816/5259/4816 4801/5244/4801
f 4800/5242/4800 4815/5258/4815 4814/5257/4814 4799/5243/4799
f 4815/5258/4815 4800/5242/4800 4827/5270/4827 4840/5283/4840
f 4840/5283/4840 4827/5270/4827 4788/5231/4788 4812/5255/4812
f 4812/5255/4812 4788/5231/4788 4789/5232/4789 4813/5256/4813
f 4839/5282/4839 4813/5256/4813 4789/5232/4789 4838/5281/4838
f 4786/5229/4786 4811/5254/4811 4839/5282/4839 4838/5281/4838
f 4787/5228/4787 4810/5253/4810 4811/5254/4811 4786/5229/4786
f 4807/5250/4807 4810/5253/4810 4787/5228/4787 4790/5233/4790
f 4809/5251/4809 4807/5250/4807 4790/5233/4790 4844/5288/4844
f 4770/5212/4770 4771/5211/4771 4806/5289/4806
f 4839/5282/4839 4811/5254/4811 4744/5169/4744
f 4815/5258/4815 4840/5283/4840 4638/5059/4638
f 4743/5167/4743 4823/5267/4823 4818/5261/4818
f 4819/5262/4819 4843/5287/4843 4824/5266/4824 4647/5064/4647
f 4780/5220/4780 4835/5278/4835 4779/5221/4779
f 4778/5222/4778 4792/5234/4792 4784/5227/4784
f 4778/5222/4778 4779/5221/4779 4791/5235/4791 4792/5234/4792
f 4775/5218/4775 4794/5236/4794 4791/5235/4791 4779/5221/4779
f 4793/5237/4793 4794/5236/4794 4775/5218/4775
f 4834/5277/4834 4777/5219/4777 4837/5279/4837 4703/5122/4703
f 4834/5277/4834 4703/5122/4703 4704/5125/4704 4833/5276/4833
f 4634/5051/4634 4832/5275/4832 4833/5276/4833 4633/5052/4633
f 4831/5274/4831 4832/5275/4832 4634/5051/4634 4694/5113/4694
f 4831/5274/4831 4694/5113/4694 4696/5116/4696 4830/5273/4830
f 4830/5273/4830 4820/5263/4820 4795/5238/4795 4829/5271/4829
f 4829/5271/4829 4795/5238/4795 4796/5241/4796 4828/5272/4828
f 4825/5268/4825 4842/5290/4842 4828/5272/4828 4796/5241/4796
f 4826/5269/4826 4833/5276/4833 4704/5125/4704
f 4826/5269/4826 4633/5052/4633 4833/5276/4833
f 4830/5273/4830 4696/5116/4696 4783/5226/4783
f 4830/5273/4830 4783/5226/4783 4820/5263/4820
f 4843/5287/4843 4819/5262/4819 4825/5286/4825 4804/5248/4804
f 4785/5230/4785 4836/5280/4836 4837/5279/4837
f 4778/5222/4778 4784/5227/4784 4785/5230/4785
f 4720/5140/4720 4846/5291/4846 4845/5292/4845 4711/5132/4711
f 4847/5293/4847 4850/5294/4850 4849/5295/4849 4848/5296/4848
f 4851/5297/4851 4850/5294/4850 4852/5298/4852
f 4853/5299/4853 4856/5300/4856 4855/5301/4855 4854/5302/4854
f 4850/5303/4850 4858/5304/4858 4857/5305/4857 4849/5306/4849
f 4850/5303/4850 4860/5307/4860 4859/5308/4859
f 4860/5307/4860 4850/5303/4850 4851/5309/4851
f 4846/5291/4846 4857/5305/4857 4858/5304/4858 4845/5292/4845
f 4861/5310/4861 4859/5308/4859 4860/5307/4860 4862/5311/4862
f 4851/5309/4851 4769/5213/4769 4773/5216/4773 4860/5307/4860
f 4852/5298/4852 4772/5210/4772 4769/5209/4769 4851/5297/4851
f 4774/5215/4774 4862/5311/4862 4773/5216/4773
f 4860/5307/4860 4773/5216/4773 4862/5311/4862
f 4845/5292/4845 4861/5310/4861 4710/5128/4710 4711/5132/4711
f 4727/5145/4727 4864/5312/4864 4863/5313/4863 4726/5146/4726
f 4724/5142/4724 4866/5314/4866 4865/5315/4865 4723/5143/4723
f 4726/5146/4726 4867/5316/4867 4720/5140/4720
f 4730/5149/4730 4722/5141/4722 4725/5144/4725 4731/5150/4731
f 4725/5144/4725 4722/5141/4722 4723/5143/4723 4727/5145/4727
f 4865/5315/4865 4864/5312/4864 4727/5145/4727 4723/5143/4723
f 4726/5146/4726 4863/5313/4863 4868/5317/4868 4867/5316/4867
f 4868/5317/4868 4870/5318/4870 4869/5319/4869 4867/5316/4867
f 4869/5319/4869 4870/5318/4870 4871/5320/4871 4856/5321/4856
f 4856/5300/4856 4871/5322/4871 4872/5323/4872 4855/5301/4855
f 4866/5314/4866 4724/5142/4724 4874/5324/4874 4873/5325/4873
f 4873/5326/4873 4874/5327/4874 4876/5328/4876 4875/5329/4875
f 4865/5315/4865 4878/5330/4878 4877/5331/4877 4864/5312/4864
f 4877/5331/4877 4863/5313/4863 4864/5312/4864
f 4866/5314/4866 4873/5325/4873 4878/5330/4878 4865/5315/4865
f 4878/5332/4878 4873/5326/4873 4875/5329/4875
f 4868/5317/4868 4863/5313/4863 4877/5331/4877 4879/5333/4879
f 4870/5318/4870 4868/5317/4868 4879/5333/4879 4871/5320/4871
f 4879/5334/4879 4872/5323/4872 4871/5322/4871
f 4880/5335/4880 4881/5336/4881 4855/5301/4855 4872/5323/4872
f 4882/5337/4882 4883/5338/4883 4881/5336/4881 4880/5335/4880
f 4875/5329/4875 4876/5328/4876 4885/5339/4885 4884/5340/4884
f 4884/5340/4884 4885/5339/4885 4887/5341/4887 4886/5342/4886
f 4886/5342/4886 4887/5341/4887 4883/5338/4883 4882/5337/4882
f 4884/5340/4884 4886/5342/4886 4878/5332/4878 4875/5329/4875
f 4886/5342/4886 4882/5337/4882 4877/5343/4877 4878/5332/4878
f 4882/5337/4882 4880/5335/4880 4879/5334/4879 4877/5343/4877
f 4872/5323/4872 4879/5334/4879 4880/5335/4880
f 4855/5301/4855 4881/5336/4881 4888/5344/4888 4854/5302/4854
f 4847/5293/4847 4889/5345/4889 4772/5210/4772 4852/5298/4852
f 4848/5296/4848 4888/5344/4888 4889/5345/4889 4847/5293/4847
f 4890/5346/4890 4892/5347/4892 4891/5348/4891 4724/5142/4724
f 4724/5142/4724 4891/5348/4891 4893/5349/4893 4874/5324/4874
f 4894/5350/4894 4895/5351/4895 4892/5347/4892 4890/5346/4890
f 4895/5351/4895 4894/5350/4894 4600/5025/4600 4896/5352/4896
f 4896/5352/4896 4600/5025/4600 4602/5027/4602 4897/5353/4897
f 4897/5354/4897 4602/5030/4602 4429/4815/4429 4898/5355/4898
f 4898/5355/4898 4429/4815/4429 4732/5151/4732 4899/5356/4899
f 4899/5356/4899 4732/5151/4732 4733/5152/4733 4900/5357/4900
f 4901/5358/4901 4876/5328/4876 4874/5327/4874 4893/5359/4893
f 4876/5328/4876 4901/5358/4901 4900/5357/4900 4733/5152/4733
f 4894/5350/4894 4890/5346/4890 4722/5141/4722 4729/5147/4729
f 4722/5141/4722 4890/5346/4890 4724/5142/4724
f 4608/5035/4608 4600/5025/4600 4894/5350/4894 4729/5147/4729
f 4729/5147/4729 4423/4809/4423 4608/5035/4608
f 4897/5353/4897 4902/5360/4902 4896/5352/4896
f 4902/5361/4902 4897/5354/4897 4898/5355/4898
f 4899/5356/4899 4900/5357/4900 4903/5362/4903 4902/5361/4902
f 4903/5363/4903 4892/5347/4892 4895/5351/4895 4902/5360/4902
f 4900/5357/4900 4901/5358/4901 4903/5362/4903
f 4892/5347/4892 4903/5363/4903 4891/5348/4891
f 4733/5152/4733 4885/5339/4885 4876/5328/4876
f 4629/5049/4629 4630/5048/4630 4885/5339/4885 4733/5152/4733
f 4885/5339/4885 4630/5048/4630 4887/5341/4887
f 4648/5067/4648 4649/5070/4649 4658/5079/4658 4669/5089/4669
f 4790/5233/4790 4791/5235/4791 4794/5236/4794
f 4844/5288/4844 4790/5233/4790 4793/5237/4793
f 4790/5233/4790 4787/5228/4787 4784/5227/4784
f 4790/5233/4790 4784/5227/4784 4792/5234/4792
f 4480/5207/4480 4611/5223/4611 4781/5224/4781 4760/5198/4760
f 4904/5364/4904 4881/5336/4881 4883/5338/4883 4630/5048/4630
f 4904/5364/4904 4736/5155/4736 4889/5345/4889 4888/5344/4888
f 4736/5155/4736 4904/5364/4904 4626/5047/4626 4734/5154/4734
f 4776/5217/4776 4793/5237/4793 4775/5218/4775
f 4793/5237/4793 4776/5217/4776 4806/5249/4806 4844/5288/4844
f 4771/5211/4771 4809/5251/4809 4844/5288/4844 4806/5289/4806
f 4861/5310/4861 4862/5311/4862 4710/5128/4710
f 4849/5295/4849 4853/5299/4853 4854/5302/4854 4848/5296/4848
f 4888/5344/4888 4848/5296/4848 4854/5302/4854
f 4856/5321/4856 4853/5365/4853 4905/5366/4905 4869/5319/4869
f 4905/5366/4905 4906/5367/4906 4867/5316/4867 4869/5319/4869
f 4857/5305/4857 4846/5291/4846 4867/5316/4867 4906/5367/4906
f 4720/5140/4720 4867/5316/4867 4846/5291/4846
f 4902/5360/4902 4895/5351/4895 4896/5352/4896
f 4902/5361/4902 4898/5355/4898 4899/5356/4899
f 4903/5363/4903 4893/5349/4893 4891/5348/4891
f 4901/5358/4901 4893/5359/4893 4903/5362/4903
f 4904/5364/4904 4630/5048/4630 4626/5047/4626
f 4889/5345/4889 4736/5155/4736 4772/5210/4772
f 4736/5155/4736 4771/5211/4771 4772/5210/4772
f 4735/5153/4735 4808/5252/4808 4771/5211/4771 4736/5155/4736
f 4640/5057/4640 4744/5169/4744 4808/5252/4808 4735/5153/4735
f 4630/5048/4630 4883/5338/4883 4887/5341/4887
f 4904/5364/4904 4888/5344/4888 4881/5336/4881
f 4906/5367/4906 4905/5366/4905 4849/5306/4849
f 4849/5306/4849 4905/5366/4905 4853/5365/4853
f 4857/5305/4857 4906/5367/4906 4849/5306/4849
f 4850/5294/4850 4847/5293/4847 4852/5298/4852
f 4850/5303/4850 4859/5308/4859 4858/5304/4858
f 4845/5292/4845 4858/5304/4858 4859/5308/4859 4861/5310/4861
f 4835/5278/4835 4774/5215/4774 4775/5218/4775 4779/5221/4779
f 4774/5215/4774 4835/5278/4835 4709/5129/4709 4862/5311/4862
f 4862/5311/4862 4709/5129/4709 4710/5128/4710
f 4454/4850/4454 4456/5368/4456 4908/4852/4908 4907/4851/4907
f 4456/5368/4456 4458/5369/4458 4909/4855/4909 4908/4852/4908
f 4458/5369/4458 4459/5370/4459 4910/4856/4910 4909/4855/4909
f 4459/5370/4459 4460/5371/4460 4911/4857/4911 4910/4856/4910
f 4460/5371/4460 4461/5372/4461 4912/4858/4912 4911/4857/4911
f 4461/5372/4461 4463/5373/4463 4913/4860/4913 4912/4858/4912
f 4463/5373/4463 4464/5374/4464 4914/4861/4914 4913/4860/4913
f 4463/5375/4463 4916/5188/4916 4915/5189/4915 4464/5190/4464
f 4461/5372/4461 4917/5187/4917 4916/5188/4916 4463/5375/4463
f 4460/5371/4460 4918/5185/4918 4917/5187/4917 4461/5372/4461
f 4459/5370/4459 4919/5184/4919 4918/5185/4918 4460/5371/4460
f 4458/5369/4458 4920/5183/4920 4919/5184/4919 4459/5370/4459
f 4456/5368/4456 4921/5182/4921 4920/5183/4920 4458/5369/4458
f 4454/4850/4454 4922/5179/4922 4921/5182/4921 4456/5368/4456
f 4757/5191/4757 4915/5189/4915 4674/5091/4674
f 4466/4862/4466 4914/4861/4914 4464/5374/4464 4465/4863/4465
f 4454/4850/4454 4452/4848/4452 4753/5178/4753 4922/5179/4922
f 4453/4849/4453 4907/4851/4907 4455/4854/4455
f 4520/4962/4520 4396/4943/4396 4502/4768/4502 4923/5376/4923
f 4397/4725/4397 4520/4958/4520 4923/5377/4923 4354/4726/4354
f 4842/5285/4842 4644/5063/4644 4645/5066/4645 4924/5378/4924
f 4828/5272/4828 4842/5290/4842 4924/5379/4924 4687/5106/4687
f 4645/5066/4645 4641/5168/4641 4782/5380/4782 4924/5378/4924
f 4502/4768/4502 4393/4767/4393 4481/4897/4481 4923/5376/4923
f 4924/5379/4924 4782/5225/4782 4686/5107/4686 4687/5106/4687
f 4923/5377/4923 4481/5381/4481 4351/4833/4351 4354/4726/4354

g Eyes

v -3.060971 21.503340 7.219347
v -3.529627 21.576624 7.191225
v -3.953738 21.790289 7.181477
v -4.291827 22.123468 7.191031
v -4.510828 22.543560 7.218981
v -4.589244 23.009424 7.262572
v -4.403732 23.408682 7.549410
v -4.211976 23.790495 7.604775
v -3.910603 24.093670 7.660194
v -3.529150 24.288507 7.710166
v -3.104927 24.355984 7.749895
v -2.679461 24.289436 7.775460
v -2.294414 24.095434 7.784319
v -1.987442 23.792974 7.775638
v -1.788651 23.411541 7.750262
v -1.717437 22.988605 7.710683
v -1.780820 22.565565 7.660757
v -1.972565 22.183706 7.605402
v -2.273918 21.880575 7.549990
v -2.655382 21.685722 7.500000
v -3.079606 21.618216 7.460249
v -3.505072 21.684780 7.434717
v -3.890138 21.878796 7.425848
v -4.197091 22.181227 7.434527
v -4.395892 22.562645 7.459895
v -4.467096 22.985550 7.499484
v -4.254808 23.334469 7.757711
v -4.087080 23.668425 7.806152
v -3.823474 23.933628 7.854601
v -3.489827 24.104027 7.898330
v -3.118781 24.163033 7.933078
v -2.746622 24.104849 7.955435
v -2.409841 23.935194 7.963182
v -2.141351 23.670599 7.955584
v -1.967488 23.336994 7.933383
v -1.905196 22.967072 7.898773
v -1.960634 22.597029 7.855112
v -2.128330 22.263042 7.806678
v -2.391929 21.997900 7.758217
v -2.725593 21.827440 7.714501
v -3.096632 21.768421 7.679733
v -3.468759 21.826620 7.657394
v -3.805571 21.996319 7.649628
v -4.074052 22.260899 7.657224
v -4.247955 22.594475 7.679429
v -4.310206 22.964350 7.714046
v -4.071641 23.252911 7.939325
v -3.932653 23.529716 7.979471
v -3.714200 23.749435 8.019627
v -3.437681 23.890726 8.055896
v -3.130167 23.939604 8.084663
v -2.821747 23.891365 8.103168
v -2.542625 23.750772 8.109609
v -2.320116 23.531496 8.103335
v -2.176015 23.255026 8.084926
v -2.124377 22.948458 8.056240
v -2.170341 22.641785 8.020043
v -2.309330 22.364979 7.979908
v -2.527773 22.145216 7.939743
v -2.804301 22.003984 7.903493
v -3.111838 21.955046 7.874686
v -3.420230 22.003300 7.856171
v -3.699348 22.143908 7.849760
v -3.921857 22.363199 7.856064
v -4.065977 22.639656 7.874454
v -4.117575 22.946222 7.903146
v -3.872035 23.170942 8.084060
v -3.763738 23.386585 8.115337
v -3.593552 23.557821 8.146613
v -3.378133 23.667892 8.174856
v -3.138558 23.705971 8.197282
v -2.898281 23.668394 8.211713
v -2.680825 23.558809 8.216719
v -2.507478 23.387999 8.211821
v -2.395202 23.172630 8.197481
v -2.354999 22.933783 8.175136
v -2.390792 22.694874 8.146939
v -2.499078 22.479263 8.115670
v -2.669264 22.307997 8.084386
v -2.884683 22.198015 8.056150
v -3.124269 22.159830 8.033717
v -3.364534 22.197453 8.019295
v -3.581993 22.306976 8.014279
v -3.755328 22.477848 8.019186
v -3.867603 22.693216 8.033526
v -3.907818 22.932049 8.055861
v -3.760097 23.126507 8.153536
v -3.668881 23.308146 8.179887
v -3.525569 23.452387 8.206242
v -3.344177 23.544985 8.229991
v -3.142308 23.577028 8.248876
v -2.940029 23.545382 8.261024
v -2.756887 23.453224 8.265275
v -2.610884 23.309256 8.261124
v -2.516360 23.127951 8.249061
v -2.482495 22.926712 8.230227
v -2.512591 22.725683 8.206502
v -2.603806 22.544046 8.180160
v -2.747156 22.399834 8.153807
v -2.928592 22.307114 8.130024
v -3.130382 22.275057 8.111124
v -3.332710 22.306673 8.098998
v -3.515849 22.398983 8.094786
v -3.661774 22.542845 8.098903
v -3.756378 22.724316 8.110959
v -3.790215 22.925343 8.129793
v -3.393531 23.009562 8.162919
v -3.355840 23.084534 8.173830
v -3.296700 23.144102 8.184771
v -3.221694 23.182379 8.194484
v -3.138398 23.195625 8.202386
v -3.054776 23.182592 8.207312
v -2.979124 23.144451 8.209103
v -2.918830 23.085051 8.207379
v -2.879770 23.010139 8.202389
v -2.865788 22.927031 8.194633
v -2.878242 22.843922 8.184834
v -2.915911 22.768888 8.173941
v -2.975136 22.709351 8.163077
v -3.050019 22.671013 8.153256
v -3.133394 22.657829 8.145518
v -3.216974 22.670832 8.140350
v -3.292645 22.708986 8.138710
v -3.352951 22.768417 8.140384
v -3.392003 22.843344 8.145333
v -3.405983 22.926422 8.153151
v -2.886463 23.272026 4.921503
v -3.136354 22.926043 8.180005
v 3.144530 23.351456 4.931606
v 3.107382 23.425379 4.942335
v 3.048997 23.484095 4.953068
v 2.975096 23.521885 4.962741
v 2.892912 23.534918 4.970451
v 2.810491 23.522038 4.975378
v 2.735902 23.484446 4.977135
v 2.676437 23.425896 4.975438
v 2.637922 23.352003 4.970513
v 2.624122 23.270035 4.962857
v 2.636407 23.188082 4.953174
v 2.673555 23.114113 4.942456
v 2.731939 23.055382 4.931725
v 2.805832 23.017637 4.922029
v 2.888013 23.004559 4.914350
v 2.970438 23.017439 4.909384
v 3.045033 23.055048 4.907677
v 3.104500 23.113626 4.909353
v 3.143015 23.187504 4.914268
v 3.156794 23.269442 4.921933
v 3.395704 23.424086 4.982909
v 3.322522 23.569775 5.004037
v 3.207506 23.685488 5.025177
v 3.061930 23.759821 5.044278
v 2.900036 23.785599 5.059412
v 2.737662 23.760187 5.069166
v 2.590722 23.686157 5.072569
v 2.473548 23.570702 5.069239
v 2.397696 23.425196 5.059566
v 2.370513 23.263784 5.044453
v 2.394700 23.102358 5.025395
v 2.467891 22.956579 5.004269
v 2.582886 22.840910 4.983137
v 2.728472 22.766516 4.964046
v 2.890367 22.740770 4.948884
v 3.052741 22.766151 4.939138
v 3.199701 22.840181 4.935755
v 3.316836 22.955650 4.939064
v 3.392717 23.101217 4.948740
v 3.419880 23.262613 4.963860
v 3.639213 23.489037 5.074520
v 3.531570 23.703402 5.105598
v 3.362398 23.873634 5.136702
v 3.148241 23.983021 5.164781
v 2.910106 24.020872 5.187075
v 2.671257 23.983553 5.201411
v 2.455101 23.874577 5.206408
v 2.282753 23.704756 5.201528
v 2.171162 23.490681 5.187270
v 2.131209 23.253277 5.165057
v 2.166780 23.015705 5.137030
v 2.274422 22.801386 5.105953
v 2.443596 22.631216 5.074839
v 2.657731 22.521828 5.046778
v 2.895876 22.483946 5.024486
v 3.134747 22.521265 5.010121
v 3.350901 22.630211 5.005154
v 3.523210 22.800003 5.010021
v 3.634821 23.014093 5.024280
v 3.674783 23.251528 5.046504
v 3.866522 23.543997 5.203835
v 3.727176 23.821381 5.244071
v 3.508207 24.041645 5.284335
v 3.231043 24.183289 5.320656
v 2.922801 24.232317 5.349514
v 2.613686 24.183958 5.368070
v 2.333906 24.043030 5.374521
v 2.110858 23.823206 5.368207
v 1.966439 23.546110 5.349783
v 1.914696 23.238813 5.321018
v 1.960737 22.931425 5.284744
v 2.100052 22.653980 5.244517
v 2.319031 22.433701 5.204265
v 2.596205 22.292120 5.167922
v 2.904417 22.243092 5.139073
v 3.213561 22.291435 5.120519
v 3.493333 22.432379 5.114058
v 3.716351 22.652187 5.120369
v 3.860809 22.929296 5.138806
v 3.912561 23.236563 5.167560
v 4.073209 23.587885 5.367871
v 3.905593 23.921629 5.416281
v 3.642159 24.186665 5.464694
v 3.308715 24.357002 5.508417
v 2.937901 24.415962 5.543121
v 2.565980 24.357794 5.565495
v 2.229411 24.188246 5.573214
v 1.961082 23.923788 5.565626
v 1.787286 23.590425 5.543448
v 1.725053 23.220762 5.508849
v 1.780471 22.850933 5.465203
v 1.948056 22.517174 5.416800
v 2.211500 22.252140 5.368378
v 2.544954 22.081831 5.324675
v 2.915748 22.022840 5.289950
v 3.287676 22.081009 5.267638
v 3.624267 22.250587 5.259879
v 3.892598 22.514999 5.267446
v 4.066332 22.848347 5.289641
v 4.128586 23.218071 5.324241
v 4.253893 23.619638 5.562511
v 4.062106 24.001423 5.617895
v 3.760702 24.304659 5.673320
v 3.379229 24.499527 5.723321
v 2.954956 24.567062 5.763036
v 2.529441 24.500500 5.788568
v 2.144343 24.306469 5.797454
v 1.837370 24.003931 5.788794
v 1.638531 23.622574 5.763384
v 1.567335 23.199564 5.723805
v 1.630730 22.776417 5.673882
v 1.822457 22.394541 5.618504
v 2.123861 22.091366 5.563089
v 2.505365 21.896482 5.513071
v 2.929637 21.828991 5.473354
v 3.355153 21.895510 5.447814
v 3.740240 22.089540 5.438947
v 4.047232 22.392078 5.447629
v 4.246063 22.773466 5.473007
v 4.317266 23.196476 5.512596
v 4.404156 23.638313 5.783002
v 4.192926 24.058846 5.844002
v 3.861017 24.392832 5.905029
v 3.440845 24.607439 5.960092
v 2.973558 24.681759 6.003850
v 2.504930 24.608473 6.032002
v 2.080817 24.394808 6.041768
v 1.742710 24.061583 6.032187
v 1.523739 23.641539 6.004239
v 1.445274 23.175688 5.960633
v 1.515138 22.709686 5.905645
v 1.726327 22.289124 5.844663
v 2.058272 21.955214 5.783659
v 2.478417 21.740545 5.728553
v 2.945695 21.666256 5.684804
v 3.414329 21.739496 5.656693
v 3.838443 21.953192 5.646926
v 4.176553 22.286386 5.656449
v 4.395523 22.706476 5.684417
v 4.473969 23.172327 5.728010
v 4.520294 23.643591 6.023903
v 4.294863 24.092499 6.088988
v 3.940531 24.448948 6.154124
v 3.492041 24.678078 6.212897
v 2.993301 24.757324 6.259612
v 2.493078 24.679173 6.289648
v 2.040377 24.451092 6.300077
v 1.679510 24.095419 6.289862
v 1.445771 23.647028 6.260048
v 1.362026 23.149805 6.213496
v 1.436569 22.652384 6.154808
v 1.662010 22.203476 6.089721
v 2.016294 21.847057 6.024560
v 2.464783 21.617943 5.965780
v 2.963541 21.538635 5.919097
v 3.463774 21.616817 5.889071
v 3.916475 21.844944 5.878630
v 4.277333 22.200495 5.888828
v 4.511082 22.648962 5.918651
v 4.594808 23.146170 5.965193
v 4.599442 23.635319 6.279243
v 4.365316 24.101486 6.346830
v 3.997370 24.471697 6.414462
v 3.531608 24.709602 6.475563
v 3.013641 24.791996 6.524065
v 2.494192 24.710743 6.555218
v 2.024028 24.473886 6.566058
v 1.649223 24.104544 6.555462
v 1.406495 23.638845 6.524475
v 1.319580 23.122492 6.476145
v 1.396955 22.605909 6.415219
v 1.631063 22.139740 6.347580
v 1.999018 21.769562 6.279969
v 2.464779 21.531672 6.218899
v 2.982745 21.449261 6.170406
v 3.502218 21.530516 6.139203
v 3.972361 21.767342 6.128384
v 4.347175 22.136730 6.138972
v 4.589914 22.602337 6.169958
v 4.676808 23.118736 6.218296
v 4.639693 23.613678 6.542789
v 4.402656 24.085670 6.611233
v 4.030118 24.460474 6.679706
v 3.558549 24.701345 6.741548
v 3.034118 24.784803 6.790640
v 2.508167 24.702517 6.822182
v 2.032170 24.462694 6.833177
v 1.652703 24.088713 6.822465
v 1.406943 23.617281 6.791083
v 1.318901 23.094465 6.742148
v 1.397264 22.571404 6.680430
v 1.634298 22.099411 6.612013
v 2.006841 21.724638 6.543504
v 2.478398 21.483736 6.481669
v 3.002831 21.400354 6.432566
v 3.528791 21.482595 6.401017
v 4.004786 21.722433 6.390051
v 4.384223 22.096384 6.400772
v 4.630024 22.567785 6.432135
v 4.718056 23.090649 6.481071
v 4.639969 23.579218 6.808028
v 4.405886 24.045341 6.875628
v 4.037919 24.415583 6.943257
v 3.572159 24.653488 7.004318
v 3.054201 24.735867 7.052842
v 2.534739 24.654629 7.084014
v 2.064576 24.417757 7.094833
v 1.689771 24.048412 7.084247
v 1.447054 23.582762 7.053261
v 1.360109 23.066376 7.004929
v 1.437515 22.549795 6.943985
v 1.671621 22.083580 6.876376
v 2.039551 21.713446 6.808693
v 2.505341 21.475525 6.747645
v 3.023304 21.393101 6.699162
v 3.542799 21.474339 6.667973
v 4.012921 21.711241 6.657140
v 4.387704 22.080553 6.667765
v 4.630453 22.546236 6.698733
v 4.717388 23.062635 6.747065
v 4.600408 23.532759 7.068411
v 4.374948 23.981607 7.133506
v 4.020646 24.338055 7.198636
v 3.572153 24.567184 7.257466
v 3.073414 24.646507 7.304140
v 2.573210 24.568295 7.334190
v 2.120493 24.340168 7.344569
v 1.759584 23.984541 7.334398
v 1.525854 23.536165 7.304575
v 1.442150 23.038912 7.258025
v 1.516632 22.541521 7.199344
v 1.742113 22.092598 7.134240
v 2.096405 21.736135 7.069122
v 2.544879 21.507065 7.010269
v 3.043656 21.427698 6.963619
v 3.543872 21.505970 6.933529
v 3.996559 21.734066 6.923148
v 4.357468 22.089647 6.933349
v 4.591198 22.538084 6.963171
v 4.674920 23.035307 7.009723
v 4.521841 23.475412 7.317564
v 4.310620 23.895958 7.378544
v 3.978705 24.229898 7.439551
v 3.558530 24.444582 7.494654
v 3.091254 24.518902 7.538382
v 2.622618 24.445601 7.566535
v 2.198494 24.231922 7.576300
v 1.860385 23.898710 7.566747
v 1.641414 23.478621 7.538798
v 1.562989 23.012846 7.495196
v 1.632813 22.546768 7.440207
v 1.844012 22.126251 7.379213
v 2.175929 21.792280 7.318208
v 2.596112 21.577658 7.263115
v 3.063380 21.503340 7.219376
v 3.532018 21.576624 7.191204
v 3.956147 21.790274 7.181488
v 4.294248 22.123484 7.191013
v 4.513219 22.543560 7.218970
v 4.591653 23.009394 7.262574
v 4.406112 23.408621 7.549409
v 4.214396 23.790495 7.604767
v 3.913003 24.093670 7.660184
v 3.531559 24.288507 7.710176
v 3.107317 24.355968 7.749896
v 2.681853 24.289436 7.775428
v 2.296807 24.095495 7.784287
v 1.989863 23.792959 7.775620
v 1.791041 23.411541 7.750261
v 1.719816 22.988575 7.710681
v 1.783200 22.565565 7.660756
v 1.974955 22.183706 7.605401
v 2.276298 21.880590 7.549990
v 2.657793 21.685722 7.499981
v 3.081996 21.618200 7.460240
v 3.507481 21.684780 7.434738
v 3.892559 21.878780 7.425829
v 4.199479 22.181227 7.434536
v 4.398261 22.562675 7.459903
v 4.469496 22.985550 7.499484
v 4.257208 23.334469 7.757711
v 4.089481 23.668425 7.806142
v 3.825874 23.933628 7.854601
v 3.492247 24.104042 7.898340
v 3.121169 24.163033 7.933098
v 2.749032 24.104864 7.955435
v 2.412241 23.935209 7.963181
v 2.143740 23.670599 7.955594
v 1.969847 23.336994 7.933400
v 1.907596 22.967041 7.898773
v 1.963013 22.596983 7.855110
v 2.130720 22.263103 7.806687
v 2.394319 21.997856 7.758228
v 2.727984 21.827440 7.714490
v 3.099020 21.768421 7.679752
v 3.471169 21.826590 7.657404
v 3.807990 21.996319 7.649639
v 4.076461 22.260883 7.657235
v 4.250335 22.594475 7.679427
v 4.312616 22.964380 7.714047
v 4.074051 23.252895 7.939327
v 3.935052 23.529701 7.979471
v 3.716610 23.749451 8.019627
v 3.440083 23.890726 8.055866
v 3.132558 23.939558 8.084655
v 2.824155 23.891365 8.103168
v 2.545025 23.750772 8.109618
v 2.322515 23.531496 8.103326
v 2.178404 23.254980 8.084934
v 2.126798 22.948427 8.056231
v 2.172752 22.641800 8.020034
v 2.311729 22.364994 7.979908
v 2.530172 22.145216 7.939752
v 2.806711 22.003984 7.903493
v 3.114225 21.955046 7.874715
v 3.422639 22.003269 7.856201
v 3.701748 22.143908 7.849760
v 3.924268 22.363199 7.856054
v 4.068358 22.639656 7.874443
v 4.119995 22.946222 7.903147
v 3.874434 23.170958 8.084060
v 3.766139 23.386631 8.115317
v 3.595952 23.557821 8.146613
v 3.380533 23.667892 8.174856
v 3.140958 23.705957 8.197282
v 2.900681 23.668394 8.211722
v 2.683215 23.558809 8.216718
v 2.509876 23.388029 8.211830
v 2.397602 23.172615 8.197481
v 2.357390 22.933783 8.175127
v 2.393193 22.694874 8.146930
v 2.501478 22.479263 8.115661
v 2.671665 22.307981 8.084376
v 2.887093 22.198015 8.056151
v 3.126659 22.159830 8.033717
v 3.366933 22.197453 8.019295
v 3.584393 22.306976 8.014270
v 3.757739 22.477848 8.019168
v 3.870004 22.693201 8.033506
v 3.910217 22.932049 8.055861
v 3.762447 23.126537 8.153522
v 3.671253 23.308084 8.179855
v 3.527949 23.452433 8.206249
v 3.346577 23.544970 8.229991
v 3.144778 23.577059 8.248891
v 2.942429 23.545397 8.261024
v 2.759236 23.453224 8.265291
v 2.613303 23.309271 8.261135
v 2.518759 23.127922 8.249061
v 2.484894 22.926743 8.230227
v 2.514991 22.725624 8.206513
v 2.606204 22.544046 8.180171
v 2.749566 22.399864 8.153820
v 2.930992 22.307098 8.130024
v 3.132739 22.274996 8.111162
v 3.335039 22.306643 8.099003
v 3.518191 22.399014 8.094762
v 3.664224 22.542830 8.098896
v 3.758778 22.724270 8.110970
v 3.792635 22.925312 8.129805
v 3.395939 23.009562 8.162939
v 3.358280 23.084488 8.173833
v 3.299066 23.144148 8.184697
v 3.224085 23.182379 8.194483
v 3.140866 23.195641 8.202279
v 3.057143 23.182562 8.207339
v 2.981504 23.144421 8.209101
v 2.921161 23.084976 8.207376
v 2.882187 23.010170 8.202439
v 2.868187 22.927061 8.194642
v 2.880651 22.843891 8.184834
v 2.918321 22.768888 8.173942
v 2.977566 22.709320 8.163079
v 3.052541 22.670982 8.153214
v 3.135824 22.657799 8.145370
v 3.219420 22.670832 8.140384
v 3.295008 22.708956 8.138668
v 3.355311 22.768402 8.140392
v 3.394393 22.843313 8.145344
v 3.408383 22.926392 8.153142
v 2.888863 23.272026 4.921503
v 3.138754 22.926058 8.180005
v -3.142130 23.351410 4.931606
v -3.104983 23.425364 4.942327
v -3.046597 23.484095 4.953068
v -2.972704 23.521885 4.962761
v -2.890521 23.534964 4.970461
v -2.808100 23.522038 4.975398
v -2.733502 23.484446 4.977135
v -2.674037 23.425880 4.975439
v -2.635522 23.351988 4.970513
v -2.621724 23.270050 4.962847
v -2.634008 23.188051 4.953184
v -2.671154 23.114098 4.942465
v -2.729529 23.055382 4.931725
v -2.803432 23.017622 4.922029
v -2.885614 23.004543 4.914341
v -2.968046 23.017454 4.909404
v -3.042634 23.055048 4.907667
v -3.102090 23.113626 4.909353
v -3.140615 23.187504 4.914268
v -3.154404 23.269442 4.921935
v -3.393294 23.424086 4.982909
v -3.320132 23.569759 5.004037
v -3.205117 23.685518 5.025167
v -3.059523 23.759851 5.044257
v -2.897616 23.785599 5.059420
v -2.735270 23.760187 5.069186
v -2.588313 23.686172 5.072548
v -2.471159 23.570686 5.069240
v -2.395296 23.425196 5.059566
v -2.368113 23.263784 5.044453
v -2.392319 23.102343 5.025407
v -2.465483 22.956564 5.004259
v -2.580487 22.840881 4.983127
v -2.726072 22.766516 4.964046
v -2.887967 22.740770 4.948884
v -3.050341 22.766182 4.939148
v -3.197301 22.840212 4.935745
v -3.314446 22.955650 4.939064
v -3.390307 23.101217 4.948750
v -3.417491 23.262613 4.963850
v -3.636813 23.489037 5.074520
v -3.529170 23.703402 5.105608
v -3.359998 23.873634 5.136702
v -3.145840 23.982990 5.164791
v -2.907706 24.020872 5.187075
v -2.668866 23.983553 5.201411
v -2.452713 23.874607 5.206399
v -2.280364 23.704756 5.201529
v -2.168762 23.490681 5.187279
v -2.128790 23.253277 5.165055
v -2.164360 23.015705 5.137029
v -2.272012 22.801386 5.105943
v -2.441204 22.631231 5.074858
v -2.655342 22.521828 5.046770
v -2.893497 22.483931 5.024476
v -3.132326 22.521326 5.010149
v -3.348500 22.630211 5.005164
v -3.520809 22.800003 5.010041
v -3.632432 23.014109 5.024271
v -3.672393 23.251528 5.046505
v -3.864112 23.543997 5.203825
v -3.724787 23.821396 5.244061
v -3.505807 24.041660 5.284333
v -3.228655 24.183289 5.320637
v -2.920429 24.232302 5.349546
v -2.611286 24.183958 5.368080
v -2.331506 24.043015 5.374531
v -2.108466 23.823191 5.368227
v -1.964019 23.546110 5.349782
v -1.912296 23.238813 5.321018
v -1.958337 22.931425 5.284744
v -2.097662 22.653980 5.244518
v -2.316622 22.433701 5.204253
v -2.593795 22.292120 5.167922
v -2.902027 22.243092 5.139064
v -3.211143 22.291466 5.120505
v -3.490953 22.432379 5.114069
v -3.713964 22.652157 5.120350
v -3.858399 22.929327 5.138815
v -3.910151 23.236563 5.167570
v -4.070799 23.587872 5.367880
v -3.903195 23.921614 5.416271
v -3.639768 24.186695 5.464714
v -3.306315 24.357033 5.508406
v -2.935481 24.415977 5.543120
v -2.563592 24.357840 5.565474
v -2.227003 24.188246 5.573193
v -1.958702 23.923803 5.565628
v -1.784897 23.590456 5.543438
v -1.722663 23.220762 5.508851
v -1.778070 22.850964 5.465213
v -1.945676 22.517204 5.416812
v -2.209091 22.252140 5.368367
v -2.542526 22.081831 5.324663
v -2.913369 22.022840 5.289942
v -3.285268 22.080994 5.267597
v -3.621868 22.250557 5.259879
v -3.890187 22.514999 5.267456
v -4.063953 22.848347 5.289633
v -4.126207 23.218086 5.324233
v -4.251443 23.619638 5.562507
v -4.059726 24.001438 5.617897
v -3.758314 24.304659 5.673301
v -3.376830 24.499527 5.723310
v -2.952556 24.567049 5.763047
v -2.527040 24.500469 5.788588
v -2.141923 24.306469 5.797462
v -1.834961 24.003931 5.788784
v -1.636129 23.622559 5.763404
v -1.564895 23.199579 5.723813
v -1.628321 22.776417 5.673891
v -1.820068 22.394571 5.618495
v -2.121469 22.091366 5.563100
v -2.502955 21.896482 5.513070
v -2.927258 21.828991 5.473346
v -3.352753 21.895494 5.447814
v -3.737817 22.089571 5.438975
v -4.044831 22.392078 5.447649
v -4.243673 22.773481 5.473009
v -4.314878 23.196491 5.512586
v -4.401726 23.638313 5.783001
v -4.190526 24.058815 5.844002
v -3.858630 24.392832 5.904990
v -3.438435 24.607439 5.960092
v -2.971177 24.681759 6.003862
v -2.502553 24.608473 6.031975
v -2.078410 24.394777 6.041730
v -1.740330 24.061583 6.032188
v -1.521369 23.641539 6.004241
v -1.442895 23.175688 5.960635
v -1.512738 22.709656 5.905645
v -1.723926 22.289124 5.844674
v -2.055865 21.955214 5.783618
v -2.476036 21.740545 5.728575
v -2.943303 21.666256 5.684816
v -3.411931 21.739496 5.656673
v -3.836043 21.953192 5.646916
v -4.174153 22.286371 5.656449
v -4.393153 22.706461 5.684420
v -4.471559 23.172342 5.728009
v -4.517914 23.643606 6.023893
v -4.292463 24.092529 6.088988
v -3.938138 24.448902 6.154166
v -3.489671 24.678078 6.212908
v -2.990901 24.757355 6.259611
v -2.490700 24.679173 6.289619
v -2.037980 24.451092 6.300048
v -1.677101 24.095419 6.289849
v -1.443321 23.647043 6.260045
v -1.359637 23.149805 6.213496
v -1.434179 22.652384 6.154808
v -1.659610 22.203476 6.089712
v -2.013894 21.847027 6.024551
v -2.462383 21.617973 5.965769
v -2.961135 21.538635 5.919057
v -3.461365 21.616802 5.889060
v -3.914054 21.844913 5.878650
v -4.274943 22.200495 5.888829
v -4.508682 22.648962 5.918651
v -4.592387 23.146185 5.965202
v -4.597063 23.635334 6.279243
v -4.362928 24.101501 6.346821
v -3.994969 24.471697 6.414492
v -3.529218 24.709602 6.475553
v -3.011261 24.791981 6.524087
v -2.491790 24.710743 6.555248
v -2.021638 24.473871 6.566059
v -1.646854 24.104544 6.555445
v -1.404105 23.638876 6.524476
v -1.317139 23.122492 6.476152
v -1.394555 22.605894 6.415219
v -1.628682 22.139771 6.347591
v -1.996629 21.769562 6.279960
v -2.462370 21.531672 6.218879
v -2.980337 21.449247 6.170375
v -3.499828 21.530485 6.139194
v -3.969974 21.767342 6.128344
v -4.344766 22.136715 6.138969
v -4.587464 22.602352 6.169955
v -4.674459 23.118736 6.218290
v -4.637274 23.613678 6.542788
v -4.400238 24.085670 6.611224
v -4.027718 24.460474 6.679706
v -3.556151 24.701345 6.741518
v -3.031718 24.784803 6.790630
v -2.505776 24.702501 6.822194
v -2.029772 24.462709 6.833157
v -1.650294 24.088713 6.822463
v -1.404523 23.617296 6.791082
v -1.316541 23.094450 6.742151
v -1.394863 22.571404 6.680439
v -1.631912 22.099442 6.611974
v -2.004449 21.724638 6.543524
v -2.475988 21.483736 6.481689
v -3.000440 21.400354 6.432578
v -3.526383 21.482595 6.400996
v -4.002397 21.722433 6.390044
v -4.381835 22.096369 6.400752
v -4.627614 22.567846 6.432135
v -4.715636 23.090649 6.481069
v -4.637591 23.579203 6.808019
v -4.403487 24.045341 6.875618
v -4.035520 24.415552 6.943238
v -3.569779 24.653488 7.004320
v -3.051804 24.735867 7.052812
v -2.532310 24.654629 7.084002
v -2.062166 24.417757 7.094851
v -1.687373 24.048412 7.084237
v -1.444645 23.582777 7.053260
v -1.357739 23.066376 7.004921
v -1.435127 22.549795 6.943964
v -1.669221 22.083580 6.876367
v -2.037170 21.713476 6.808714
v -2.502931 21.475525 6.747633
v -3.020895 21.393101 6.699152
v -3.540377 21.474308 6.667992
v -4.010510 21.711271 6.657160
v -4.385314 22.080553 6.667747
v -4.628033 22.546236 6.698741
v -4.714998 23.062635 6.747066
v -4.597967 23.532743 7.068419
v -4.372529 23.981638 7.133495
v -4.018236 24.338039 7.198636
v -3.569763 24.567184 7.257467
v -3.071013 24.646507 7.304160
v -2.570771 24.568325 7.334186
v -2.118093 24.340183 7.344589
v -1.757204 23.984541 7.334400
v -1.523474 23.536180 7.304567
v -1.439740 23.038912 7.258024
v -1.514243 22.541521 7.199333
v -1.739703 22.092567 7.134240
v -2.094015 21.736151 7.069122
v -2.542480 21.507080 7.010269
v -3.041265 21.427729 6.963639
v -3.541468 21.505939 6.933610
v -3.994158 21.734035 6.923159
v -4.355067 22.089678 6.933358
v -4.588786 22.538054 6.963192
v -4.672500 23.035322 7.009721
v -4.519441 23.475412 7.317564
v -4.308233 23.895973 7.378536
v -3.976313 24.229929 7.439591
v -3.556142 24.444613 7.494634
v -3.088854 24.518902 7.538382
v -2.620226 24.445616 7.566556
v -2.196095 24.231907 7.576281
v -1.858005 23.898726 7.566748
v -1.639026 23.478636 7.538802
v -1.560570 23.012815 7.495195
v -1.630413 22.546768 7.440207
v -1.841612 22.126251 7.379224
v -2.173517 21.792265 7.318216
v -2.593692 21.577673 7.263124
vt 0.573841 0.967432
vt 0.578033 0.959206
vt 0.567309 0.973965
vt 0.559082 0.978151
vt 0.549957 0.979594
vt 0.540837 0.978146
vt 0.532610 0.973950
vt 0.526083 0.967417
vt 0.521891 0.959185
vt 0.520454 0.950061
vt 0.521907 0.940941
vt 0.526103 0.932719
vt 0.532641 0.926197
vt 0.540868 0.922010
vt 0.549982 0.920573
vt 0.559102 0.922020
vt 0.567324 0.926217
vt 0.573846 0.932744
vt 0.578038 0.940971
vt 0.579475 0.950091
vt 0.570931 0.965340
vt 0.574618 0.958111
vt 0.565190 0.971069
vt 0.557962 0.974752
vt 0.549947 0.976013
vt 0.541937 0.974742
vt 0.534709 0.971049
vt 0.528979 0.965309
vt 0.525301 0.958076
vt 0.524040 0.950061
vt 0.525317 0.942050
vt 0.529004 0.934828
vt 0.534749 0.929097
vt 0.541977 0.925420
vt 0.549987 0.924159
vt 0.557998 0.925435
vt 0.565221 0.929122
vt 0.570951 0.934862
vt 0.574628 0.942091
vt 0.575889 0.950101
vt 0.567935 0.963170
vt 0.571097 0.956976
vt 0.563016 0.968083
vt 0.556812 0.971236
vt 0.549942 0.972320
vt 0.543072 0.971226
vt 0.536878 0.968058
vt 0.531965 0.963135
vt 0.528812 0.956936
vt 0.527733 0.950066
vt 0.528827 0.943195
vt 0.531995 0.937001
vt 0.536918 0.932088
vt 0.543117 0.928941
vt 0.549987 0.927861
vt 0.556853 0.928956
vt 0.563047 0.932118
vt 0.567960 0.937042
vt 0.571112 0.943236
vt 0.572192 0.950106
vt 0.564984 0.961021
vt 0.567627 0.955841
vt 0.560873 0.965127
vt 0.555692 0.967760
vt 0.549947 0.968668
vt 0.544212 0.967755
vt 0.539032 0.965112
vt 0.534926 0.961001
vt 0.532293 0.955821
vt 0.531385 0.950076
vt 0.532298 0.944341
vt 0.534941 0.939160
vt 0.539052 0.935054
vt 0.544232 0.932421
vt 0.549977 0.931513
vt 0.555713 0.932426
vt 0.560893 0.935069
vt 0.564999 0.939186
vt 0.567632 0.944361
vt 0.568540 0.950101
vt 0.556146 0.954398
vt 0.557185 0.952300
vt 0.554482 0.956098
vt 0.552393 0.957178
vt 0.550043 0.957566
vt 0.547697 0.957198
vt 0.545564 0.956123
vt 0.543919 0.954469
vt 0.542860 0.952386
vt 0.542502 0.950081
vt 0.542820 0.947776
vt 0.543864 0.945687
vt 0.545523 0.944028
vt 0.547632 0.942974
vt 0.549972 0.942631
vt 0.552278 0.942918
vt 0.554381 0.943937
vt 0.556050 0.945566
vt 0.557140 0.947654
vt 0.557534 0.949955
vt 0.529892 0.771339
vt 0.549998 0.950096
vt 0.573034 0.729579
vt 0.576028 0.730558
vt 0.575152 0.732294
vt 0.572605 0.730439
vt 0.573785 0.733677
vt 0.571935 0.731121
vt 0.572057 0.734568
vt 0.571085 0.731566
vt 0.570137 0.734884
vt 0.570140 0.731729
vt 0.568211 0.734587
vt 0.569191 0.731589
vt 0.566475 0.733711
vt 0.568333 0.731162
vt 0.565093 0.732341
vt 0.567648 0.730491
vt 0.564204 0.730612
vt 0.567204 0.729643
vt 0.563891 0.728692
vt 0.567046 0.728697
vt 0.564188 0.726770
vt 0.567183 0.727749
vt 0.565064 0.725033
vt 0.567609 0.726891
vt 0.566434 0.723651
vt 0.568279 0.726204
vt 0.568163 0.722762
vt 0.569129 0.725760
vt 0.570080 0.722449
vt 0.570072 0.725599
vt 0.572003 0.722744
vt 0.571021 0.725739
vt 0.573739 0.723620
vt 0.571881 0.726163
vt 0.575119 0.724987
vt 0.572566 0.726834
vt 0.576010 0.726716
vt 0.573010 0.727685
vt 0.576323 0.728636
vt 0.573173 0.728630
vt 0.578995 0.731519
vt 0.577680 0.734127
vt 0.575620 0.736199
vt 0.573021 0.737532
vt 0.570140 0.737998
vt 0.567253 0.737550
vt 0.564648 0.736233
vt 0.562573 0.734176
vt 0.561238 0.731579
vt 0.560772 0.728695
vt 0.561219 0.725809
vt 0.562537 0.723201
vt 0.564596 0.721129
vt 0.567196 0.719798
vt 0.570077 0.719333
vt 0.572961 0.719780
vt 0.575568 0.721095
vt 0.577641 0.723152
vt 0.578974 0.725749
vt 0.579442 0.728633
vt 0.581835 0.732450
vt 0.580091 0.735886
vt 0.577370 0.738618
vt 0.573938 0.740375
vt 0.570132 0.740987
vt 0.566323 0.740390
vt 0.562883 0.738646
vt 0.560152 0.735925
vt 0.558395 0.732493
vt 0.557785 0.728687
vt 0.558380 0.724878
vt 0.560124 0.721439
vt 0.562845 0.718708
vt 0.566276 0.716950
vt 0.570085 0.716338
vt 0.573894 0.716935
vt 0.577333 0.718679
vt 0.580065 0.721400
vt 0.581822 0.724832
vt 0.582432 0.728641
vt 0.584688 0.733390
vt 0.582515 0.737664
vt 0.579127 0.741057
vt 0.574856 0.743238
vt 0.570119 0.743990
vt 0.565382 0.743243
vt 0.561105 0.741070
vt 0.557713 0.737680
vt 0.555534 0.733408
vt 0.554780 0.728672
vt 0.555529 0.723935
vt 0.557702 0.719661
vt 0.561090 0.716268
vt 0.565362 0.714087
vt 0.570098 0.713333
vt 0.574835 0.714082
vt 0.579109 0.716255
vt 0.582504 0.719646
vt 0.584682 0.723917
vt 0.585434 0.728654
vt 0.587605 0.734351
vt 0.584990 0.739481
vt 0.580917 0.743548
vt 0.575788 0.746161
vt 0.570103 0.747060
vt 0.564418 0.746158
vt 0.559292 0.743543
vt 0.555222 0.739473
vt 0.552609 0.734344
vt 0.551712 0.728659
vt 0.552612 0.722974
vt 0.555227 0.717844
vt 0.559299 0.713777
vt 0.564426 0.711165
vt 0.570114 0.710265
vt 0.575799 0.711167
vt 0.580925 0.713782
vt 0.584995 0.717852
vt 0.587608 0.722982
vt 0.588507 0.728667
vt 0.590587 0.735333
vt 0.587522 0.741333
vt 0.582755 0.746096
vt 0.576749 0.749150
vt 0.570093 0.750199
vt 0.563439 0.749140
vt 0.557436 0.746075
vt 0.552676 0.741308
vt 0.549622 0.735302
vt 0.548573 0.728646
vt 0.549630 0.721992
vt 0.552694 0.715992
vt 0.557462 0.711229
vt 0.563467 0.708175
vt 0.570124 0.707126
vt 0.576778 0.708185
vt 0.582781 0.711247
vt 0.587541 0.716015
vt 0.590595 0.722023
vt 0.591646 0.728677
vt 0.593631 0.736339
vt 0.590106 0.743230
vt 0.584626 0.748698
vt 0.577724 0.752202
vt 0.570077 0.753404
vt 0.562434 0.752184
vt 0.555540 0.748659
vt 0.550074 0.743179
vt 0.546568 0.736277
vt 0.545366 0.728630
vt 0.546586 0.720987
vt 0.550110 0.714092
vt 0.555591 0.708624
vt 0.562493 0.705121
vt 0.570140 0.703919
vt 0.577786 0.705139
vt 0.584677 0.708663
vt 0.590145 0.714144
vt 0.593652 0.721046
vt 0.594851 0.728695
vt 0.504040 0.864966
vt 0.507960 0.863710
vt 0.514245 0.876033
vt 0.510910 0.878439
vt 0.524025 0.885813
vt 0.521599 0.889127
vt 0.536353 0.892088
vt 0.535072 0.895988
vt 0.550013 0.894247
vt 0.549957 0.898298
vt 0.563677 0.892083
vt 0.564933 0.895988
vt 0.576000 0.885803
vt 0.578401 0.889127
vt 0.585775 0.876023
vt 0.589089 0.878439
vt 0.592055 0.863695
vt 0.595954 0.864971
vt 0.594219 0.850036
vt 0.598325 0.850041
vt 0.592055 0.836376
vt 0.595965 0.835110
vt 0.585775 0.824048
vt 0.589105 0.821637
vt 0.575990 0.814268
vt 0.578416 0.810938
vt 0.563667 0.807988
vt 0.564948 0.804073
vt 0.550002 0.805824
vt 0.550078 0.801702
vt 0.536338 0.807993
vt 0.535072 0.804063
vt 0.524015 0.814272
vt 0.521599 0.810928
vt 0.514234 0.824058
vt 0.510905 0.821622
vt 0.507954 0.836386
vt 0.504040 0.835100
vt 0.505796 0.850046
vt 0.501675 0.850036
vt 0.511142 0.862686
vt 0.516948 0.874076
vt 0.525992 0.883120
vt 0.537387 0.888921
vt 0.550017 0.890923
vt 0.562648 0.888921
vt 0.574043 0.883110
vt 0.583082 0.874066
vt 0.588887 0.862671
vt 0.590885 0.850041
vt 0.588883 0.837410
vt 0.583072 0.826015
vt 0.574028 0.816976
vt 0.562633 0.811170
vt 0.550002 0.809173
vt 0.537372 0.811175
vt 0.525982 0.816986
vt 0.516938 0.826025
vt 0.511137 0.837425
vt 0.509140 0.850056
vt 0.513639 0.861874
vt 0.519072 0.872537
vt 0.527536 0.881001
vt 0.538199 0.886434
vt 0.550017 0.888310
vt 0.561841 0.886434
vt 0.572504 0.881001
vt 0.580968 0.872537
vt 0.586396 0.861869
vt 0.588267 0.850051
vt 0.586391 0.838227
vt 0.580953 0.827569
vt 0.572494 0.819110
vt 0.561831 0.813677
vt 0.550013 0.811806
vt 0.538194 0.813682
vt 0.527531 0.819115
vt 0.519072 0.827579
vt 0.513639 0.838237
vt 0.511768 0.850056
vt 0.515611 0.861239
vt 0.520746 0.871327
vt 0.528752 0.879332
vt 0.538840 0.884477
vt 0.550022 0.886247
vt 0.561205 0.884477
vt 0.571294 0.879337
vt 0.579299 0.871327
vt 0.584434 0.861239
vt 0.586204 0.850056
vt 0.584429 0.838878
vt 0.579284 0.828795
vt 0.571279 0.820790
vt 0.561195 0.815655
vt 0.550017 0.813889
vt 0.538840 0.815660
vt 0.528757 0.820800
vt 0.520757 0.828800
vt 0.515617 0.838883
vt 0.513846 0.850061
vt 0.517362 0.860679
vt 0.522240 0.870252
vt 0.529836 0.877854
vt 0.539410 0.882737
vt 0.550022 0.884416
vt 0.560640 0.882737
vt 0.570214 0.877854
vt 0.577816 0.870252
vt 0.582693 0.860679
vt 0.584368 0.850061
vt 0.582683 0.839448
vt 0.577801 0.829879
vt 0.570204 0.822283
vt 0.560630 0.817410
vt 0.550017 0.815735
vt 0.539410 0.817415
vt 0.529841 0.822293
vt 0.522245 0.829889
vt 0.517367 0.839458
vt 0.515687 0.850066
vt 0.519339 0.860048
vt 0.523919 0.869047
vt 0.531057 0.876184
vt 0.540055 0.880774
vt 0.550033 0.882353
vt 0.560010 0.880769
vt 0.569004 0.876184
vt 0.576146 0.869042
vt 0.580726 0.860038
vt 0.582300 0.850066
vt 0.580716 0.840093
vt 0.576126 0.831100
vt 0.568983 0.823963
vt 0.559990 0.819382
vt 0.550017 0.817809
vt 0.540050 0.819392
vt 0.531057 0.823977
vt 0.523924 0.831115
vt 0.519339 0.840109
vt 0.517760 0.850076
vt 0.521967 0.859206
vt 0.526159 0.867433
vt 0.532691 0.873965
vt 0.540918 0.878151
vt 0.550043 0.879594
vt 0.559162 0.878146
vt 0.567389 0.873950
vt 0.573917 0.867417
vt 0.578108 0.859185
vt 0.579546 0.850061
vt 0.578093 0.840941
vt 0.573896 0.832719
vt 0.567359 0.826197
vt 0.559132 0.822010
vt 0.550017 0.820573
vt 0.540898 0.822020
vt 0.532676 0.826217
vt 0.526154 0.832744
vt 0.521962 0.840971
vt 0.520525 0.850091
vt 0.525382 0.858111
vt 0.529069 0.865340
vt 0.534809 0.871069
vt 0.542037 0.874752
vt 0.550053 0.876013
vt 0.558063 0.874742
vt 0.565291 0.871050
vt 0.571021 0.865309
vt 0.574698 0.858076
vt 0.575959 0.850061
vt 0.574683 0.842051
vt 0.570996 0.834828
vt 0.565251 0.829097
vt 0.558022 0.825420
vt 0.550013 0.824159
vt 0.542002 0.825435
vt 0.534779 0.829123
vt 0.529049 0.834863
vt 0.525372 0.842091
vt 0.524111 0.850101
vt 0.528903 0.856976
vt 0.532065 0.863171
vt 0.536984 0.868083
vt 0.543188 0.871236
vt 0.550058 0.872320
vt 0.556928 0.871226
vt 0.563122 0.868058
vt 0.568035 0.863135
vt 0.571188 0.856936
vt 0.572267 0.850066
vt 0.571173 0.843196
vt 0.568005 0.837001
vt 0.563082 0.832088
vt 0.556883 0.828941
vt 0.550013 0.827861
vt 0.543147 0.828956
vt 0.536953 0.832119
vt 0.532040 0.837042
vt 0.528888 0.843236
vt 0.527808 0.850106
vt 0.532373 0.855841
vt 0.535016 0.861021
vt 0.539127 0.865128
vt 0.544308 0.867761
vt 0.550053 0.868668
vt 0.555788 0.867756
vt 0.560968 0.865112
vt 0.565074 0.861001
vt 0.567707 0.855821
vt 0.568615 0.850076
vt 0.567702 0.844341
vt 0.565059 0.839160
vt 0.560948 0.835055
vt 0.555768 0.832421
vt 0.550022 0.831513
vt 0.544287 0.832426
vt 0.539107 0.835069
vt 0.535001 0.839186
vt 0.532368 0.844361
vt 0.531460 0.850101
vt 0.542815 0.852300
vt 0.543853 0.854399
vt 0.545518 0.856098
vt 0.547606 0.857178
vt 0.549957 0.857566
vt 0.552302 0.857198
vt 0.554436 0.856124
vt 0.556080 0.854469
vt 0.557140 0.852386
vt 0.557498 0.850081
vt 0.557180 0.847776
vt 0.556136 0.845687
vt 0.554477 0.844028
vt 0.552368 0.842974
vt 0.550027 0.842631
vt 0.547723 0.842918
vt 0.545619 0.843937
vt 0.543949 0.845566
vt 0.542860 0.847655
vt 0.542466 0.849955
vt 0.570108 0.728661
vt 0.550002 0.850096
vt 0.526967 0.772256
vt 0.527395 0.773117
vt 0.524848 0.774972
vt 0.523972 0.773235
vt 0.528065 0.773799
vt 0.526214 0.776354
vt 0.528915 0.774243
vt 0.527943 0.777246
vt 0.529861 0.774406
vt 0.529863 0.777561
vt 0.530809 0.774266
vt 0.531788 0.777264
vt 0.531667 0.773840
vt 0.533525 0.776388
vt 0.532352 0.773168
vt 0.534907 0.775018
vt 0.532796 0.772321
vt 0.535796 0.773290
vt 0.532954 0.771375
vt 0.536109 0.771370
vt 0.532817 0.770427
vt 0.535812 0.769447
vt 0.532390 0.769569
vt 0.534936 0.767711
vt 0.531721 0.768881
vt 0.533566 0.766328
vt 0.530871 0.768437
vt 0.531837 0.765439
vt 0.529928 0.768277
vt 0.529920 0.765127
vt 0.528979 0.768416
vt 0.527997 0.765421
vt 0.528119 0.768840
vt 0.526261 0.766297
vt 0.527434 0.769512
vt 0.524881 0.767664
vt 0.526990 0.770362
vt 0.523990 0.769393
vt 0.526827 0.771308
vt 0.523677 0.771313
vt 0.522320 0.776804
vt 0.521005 0.774197
vt 0.524380 0.778876
vt 0.526979 0.780210
vt 0.529861 0.780675
vt 0.532747 0.780228
vt 0.535352 0.778910
vt 0.537427 0.776853
vt 0.538763 0.774256
vt 0.539228 0.771372
vt 0.538781 0.768486
vt 0.537463 0.765879
vt 0.535403 0.763806
vt 0.532804 0.762475
vt 0.529923 0.762010
vt 0.527039 0.762457
vt 0.524431 0.763773
vt 0.522359 0.765830
vt 0.521026 0.768427
vt 0.520558 0.771310
vt 0.519909 0.778564
vt 0.518165 0.775127
vt 0.522630 0.781295
vt 0.526062 0.783052
vt 0.529868 0.783665
vt 0.533677 0.783068
vt 0.537117 0.781323
vt 0.539848 0.778603
vt 0.541605 0.775171
vt 0.542215 0.771365
vt 0.541621 0.767556
vt 0.539876 0.764116
vt 0.537155 0.761385
vt 0.533724 0.759628
vt 0.529915 0.759015
vt 0.526106 0.759612
vt 0.522667 0.761357
vt 0.519935 0.764078
vt 0.518178 0.767509
vt 0.517568 0.771318
vt 0.517486 0.780342
vt 0.515312 0.776067
vt 0.520873 0.783734
vt 0.525145 0.785915
vt 0.529881 0.786667
vt 0.534618 0.785921
vt 0.538894 0.783747
vt 0.542287 0.780357
vt 0.544466 0.776086
vt 0.545220 0.771349
vt 0.544471 0.766612
vt 0.542298 0.762338
vt 0.538910 0.758946
vt 0.534639 0.756765
vt 0.529902 0.756010
vt 0.525165 0.756760
vt 0.520891 0.758933
vt 0.517496 0.762323
vt 0.515318 0.766594
vt 0.514566 0.771331
vt 0.515010 0.782158
vt 0.512395 0.777029
vt 0.519083 0.786225
vt 0.524212 0.788838
vt 0.529897 0.789737
vt 0.535582 0.788835
vt 0.540708 0.786220
vt 0.544778 0.782150
vt 0.547391 0.777021
vt 0.548288 0.771336
vt 0.547388 0.765651
vt 0.544773 0.760522
vt 0.540701 0.756455
vt 0.535574 0.753842
vt 0.529886 0.752943
vt 0.524202 0.753845
vt 0.519075 0.756460
vt 0.515005 0.760530
vt 0.512392 0.765659
vt 0.511493 0.771344
vt 0.512478 0.784011
vt 0.509413 0.778011
vt 0.517245 0.788773
vt 0.523251 0.791828
vt 0.529907 0.792877
vt 0.536561 0.791817
vt 0.542564 0.788752
vt 0.547324 0.783985
vt 0.550378 0.777980
vt 0.551427 0.771323
vt 0.550370 0.764669
vt 0.547306 0.758669
vt 0.542538 0.753907
vt 0.536533 0.750852
vt 0.529876 0.749803
vt 0.523222 0.750863
vt 0.517219 0.753925
vt 0.512460 0.758692
vt 0.509405 0.764700
vt 0.508353 0.771354
vt 0.509894 0.785908
vt 0.506369 0.779016
vt 0.515374 0.791376
vt 0.522276 0.794880
vt 0.529923 0.796081
vt 0.537566 0.794861
vt 0.544461 0.791337
vt 0.549926 0.785856
vt 0.553432 0.778954
vt 0.554634 0.771308
vt 0.553414 0.763664
vt 0.549890 0.756770
vt 0.544409 0.751302
vt 0.537507 0.747798
vt 0.529861 0.746596
vt 0.522214 0.747816
vt 0.515323 0.751341
vt 0.509855 0.756821
vt 0.506348 0.763723
vt 0.505149 0.771372
vt 0.595960 0.964966
vt 0.589089 0.978439
vt 0.585755 0.976033
vt 0.592040 0.963710
vt 0.578401 0.989127
vt 0.575975 0.985813
vt 0.564928 0.995988
vt 0.563647 0.992088
vt 0.550043 0.998298
vt 0.549987 0.994247
vt 0.535067 0.995988
vt 0.536323 0.992083
vt 0.521599 0.989127
vt 0.524000 0.985803
vt 0.510910 0.978439
vt 0.514225 0.976023
vt 0.504045 0.964971
vt 0.507945 0.963695
vt 0.501675 0.950040
vt 0.505781 0.950036
vt 0.504036 0.935110
vt 0.507945 0.936376
vt 0.510895 0.921637
vt 0.514225 0.924048
vt 0.521584 0.910938
vt 0.524010 0.914267
vt 0.535052 0.904073
vt 0.536333 0.907987
vt 0.549922 0.901702
vt 0.549998 0.905823
vt 0.564928 0.904063
vt 0.563662 0.907992
vt 0.578401 0.910928
vt 0.575985 0.914272
vt 0.589095 0.921622
vt 0.585765 0.924058
vt 0.595960 0.935100
vt 0.592045 0.936386
vt 0.598325 0.950036
vt 0.594204 0.950045
vt 0.583052 0.974076
vt 0.588858 0.962686
vt 0.574008 0.983120
vt 0.562613 0.988920
vt 0.549982 0.990923
vt 0.537352 0.988920
vt 0.525957 0.983110
vt 0.516918 0.974066
vt 0.511112 0.962671
vt 0.509115 0.950040
vt 0.511117 0.937410
vt 0.516928 0.926015
vt 0.525972 0.916976
vt 0.537367 0.911170
vt 0.549998 0.909173
vt 0.562628 0.911175
vt 0.574018 0.916986
vt 0.583062 0.926025
vt 0.588863 0.937425
vt 0.590860 0.950055
vt 0.580928 0.972537
vt 0.586361 0.961874
vt 0.572464 0.981001
vt 0.561801 0.986434
vt 0.549982 0.988310
vt 0.538159 0.986434
vt 0.527496 0.981001
vt 0.519032 0.972537
vt 0.513604 0.961869
vt 0.511733 0.950050
vt 0.513609 0.938227
vt 0.519047 0.927569
vt 0.527506 0.919110
vt 0.538169 0.913677
vt 0.549987 0.911806
vt 0.561806 0.913682
vt 0.572469 0.919115
vt 0.580928 0.927579
vt 0.586361 0.938237
vt 0.588232 0.950055
vt 0.579254 0.971327
vt 0.584388 0.961239
vt 0.571249 0.979332
vt 0.561160 0.984477
vt 0.549977 0.986247
vt 0.538795 0.984477
vt 0.528706 0.979337
vt 0.520701 0.971327
vt 0.515566 0.961239
vt 0.513796 0.950055
vt 0.515571 0.938877
vt 0.520716 0.928794
vt 0.528722 0.920789
vt 0.538805 0.915654
vt 0.549982 0.913889
vt 0.561160 0.915659
vt 0.571243 0.920799
vt 0.579243 0.928800
vt 0.584383 0.938883
vt 0.586154 0.950061
vt 0.577760 0.970252
vt 0.582638 0.960678
vt 0.570164 0.977854
vt 0.560590 0.982737
vt 0.549977 0.984416
vt 0.539359 0.982737
vt 0.529786 0.977854
vt 0.522184 0.970252
vt 0.517306 0.960678
vt 0.515632 0.950061
vt 0.517317 0.939448
vt 0.522199 0.929879
vt 0.529796 0.922283
vt 0.539370 0.917410
vt 0.549982 0.915735
vt 0.560590 0.917415
vt 0.570159 0.922293
vt 0.577756 0.929889
vt 0.582633 0.939458
vt 0.584313 0.950066
vt 0.576081 0.969047
vt 0.580661 0.960048
vt 0.568943 0.976184
vt 0.559945 0.980774
vt 0.549967 0.982353
vt 0.539990 0.980769
vt 0.530996 0.976184
vt 0.523854 0.969041
vt 0.519274 0.960038
vt 0.517700 0.950066
vt 0.519284 0.940093
vt 0.523874 0.931100
vt 0.531016 0.923962
vt 0.540010 0.919382
vt 0.549982 0.917808
vt 0.559950 0.919392
vt 0.568943 0.923977
vt 0.576076 0.931115
vt 0.580661 0.940108
vt 0.582240 0.950076
vn -0.026313 -0.934011 0.356275
vn -0.300849 -0.891055 0.339870
vn -0.549473 -0.765742 0.334244
vn -0.747946 -0.570087 0.339967
vn -0.876668 -0.323077 0.356475
vn -0.922829 -0.048953 0.382087
vn -0.814422 0.186244 0.549572
vn -0.701717 0.411040 0.581928
vn -0.524686 0.589365 0.614291
vn -0.300815 0.703870 0.643489
vn -0.052042 0.743493 0.666716
vn 0.197494 0.704436 0.681738
vn 0.423435 0.590442 0.687082
vn 0.603691 0.412482 0.682213
vn 0.720496 0.187958 0.667501
vn 0.762317 -0.061113 0.644312
vn 0.725027 -0.310242 0.614887
vn 0.612290 -0.534909 0.582215
vn 0.435292 -0.713123 0.549524
vn 0.211536 -0.827543 0.520024
vn -0.037194 -0.867149 0.496659
vn -0.286648 -0.828091 0.481766
vn -0.512509 -0.714183 0.476736
vn -0.692800 -0.536383 0.481997
vn -0.809725 -0.311956 0.497019
vn -0.851650 -0.062942 0.520317
vn -0.725322 0.141753 0.673657
vn -0.627033 0.337889 0.701898
vn -0.472643 0.493533 0.730091
vn -0.277356 0.593505 0.755530
vn -0.060285 0.628080 0.775810
vn 0.157407 0.593960 0.788945
vn 0.354523 0.494462 0.793613
vn 0.511785 0.339154 0.789336
vn 0.613656 0.143286 0.776464
vn 0.650111 -0.073983 0.756229
vn 0.617575 -0.291305 0.730577
vn 0.519253 -0.487330 0.702059
vn 0.364899 -0.642855 0.673488
vn 0.169700 -0.742704 0.647760
vn -0.047347 -0.777269 0.627385
vn -0.264996 -0.743199 0.614355
vn -0.462045 -0.643786 0.609963
vn -0.619288 -0.488624 0.614597
vn -0.721245 -0.292817 0.627745
vn -0.757794 -0.075591 0.648101
vn -0.620798 0.094942 0.778200
vn -0.538946 0.258325 0.801752
vn -0.410397 0.388001 0.825245
vn -0.247715 0.471323 0.846459
vn -0.066826 0.500164 0.863348
vn 0.114492 0.471711 0.874288
vn 0.278657 0.388777 0.878182
vn 0.409642 0.259380 0.874595
vn 0.494487 0.096230 0.863841
vn 0.524839 -0.084748 0.846972
vn 0.497747 -0.265772 0.825598
vn 0.415901 -0.429044 0.801840
vn 0.287342 -0.558652 0.778038
vn 0.124744 -0.641877 0.756593
vn -0.056077 -0.670694 0.739611
vn -0.237412 -0.642311 0.728747
vn -0.401560 -0.559443 0.725103
vn -0.532525 -0.430140 0.728970
vn -0.617397 -0.267019 0.739947
vn -0.647832 -0.086065 0.756906
vn -0.539400 0.061074 0.839832
vn -0.470162 0.199404 0.859759
vn -0.361337 0.309212 0.879673
vn -0.223554 0.379669 0.897706
vn -0.070441 0.404013 0.912037
vn 0.083012 0.380011 0.921250
vn 0.222007 0.309834 0.924509
vn 0.332862 0.200261 0.921465
vn 0.404632 0.062149 0.912365
vn 0.430345 -0.091039 0.898062
vn 0.407443 -0.244268 0.879957
vn 0.338167 -0.382450 0.859869
vn 0.229347 -0.492174 0.839741
vn 0.091722 -0.562675 0.821574
vn -0.061339 -0.587075 0.807205
vn -0.214874 -0.563053 0.797998
vn -0.353840 -0.492851 0.794918
vn -0.464640 -0.383346 0.798220
vn -0.536441 -0.245295 0.807503
vn -0.562244 -0.092149 0.821821
vn -0.295473 -0.031286 0.954839
vn -0.263173 0.033403 0.964170
vn -0.212137 0.084917 0.973544
vn -0.147661 0.117875 0.981989
vn -0.076057 0.129145 0.988705
vn -0.004248 0.117965 0.993009
vn 0.060760 0.085136 0.994515
vn 0.112693 0.033826 0.993054
vn 0.146218 -0.030756 0.988774
vn 0.158273 -0.102419 0.982069
vn 0.147582 -0.174154 0.973596
vn 0.115178 -0.238813 0.964211
vn 0.064282 -0.290161 0.954816
vn -0.000093 -0.323207 0.946328
vn -0.071844 -0.334607 0.939615
vn -0.143669 -0.323362 0.935305
vn -0.208647 -0.290483 0.933856
vn -0.260554 -0.239138 0.935374
vn -0.294072 -0.174616 0.939697
vn -0.306130 -0.102991 0.946402
vn -0.079274 -0.104546 0.991356
vn -0.078977 -0.103941 0.991443
vn -0.077773 -0.102870 0.991650
vn -0.077072 -0.102266 0.991767
vn -0.076086 -0.102356 0.991834
vn -0.074854 -0.102367 0.991926
vn -0.074214 -0.102855 0.991924
vn -0.073261 -0.103716 0.991905
vn -0.072848 -0.104498 0.991854
vn -0.072687 -0.105482 0.991761
vn -0.072849 -0.106651 0.991624
vn -0.073271 -0.107567 0.991494
vn -0.073962 -0.108248 0.991369
vn -0.074737 -0.108729 0.991258
vn -0.076306 -0.108828 0.991127
vn -0.077219 -0.108872 0.991052
vn -0.077736 -0.108382 0.991065
vn -0.078896 -0.107350 0.991086
vn -0.079276 -0.106682 0.991128
vn -0.079351 -0.105624 0.991235
vn 0.076045 0.105609 -0.991496
vn -0.076035 -0.105573 0.991500
vn 0.073888 0.152361 -0.985559
vn 0.052090 0.195912 -0.979237
vn 0.017934 0.230409 -0.972929
vn -0.025454 0.252631 -0.967228
vn -0.073637 0.260350 -0.962702
vn -0.122080 0.252682 -0.959817
vn -0.165820 0.230653 -0.958803
vn -0.200523 0.196271 -0.959827
vn -0.223202 0.152652 -0.962745
vn -0.231304 0.104472 -0.967256
vn -0.224073 0.056259 -0.972947
vn -0.202276 0.012671 -0.979247
vn -0.168097 -0.021838 -0.985529
vn -0.124714 -0.044045 -0.991215
vn -0.076549 -0.051760 -0.995721
vn -0.028231 -0.044150 -0.998626
vn 0.015568 -0.022038 -0.999636
vn 0.050398 0.012416 -0.998652
vn 0.072998 0.055905 -0.995764
vn 0.081102 0.104101 -0.991255
vn 0.221419 0.195154 -0.955452
vn 0.178440 0.280943 -0.942990
vn 0.110920 0.349036 -0.930522
vn 0.025520 0.392806 -0.919267
vn -0.069438 0.407950 -0.910360
vn -0.164816 0.392976 -0.904658
vn -0.251011 0.349466 -0.902700
vn -0.319693 0.281574 -0.904717
vn -0.364290 0.195820 -0.910465
vn -0.380258 0.100797 -0.919372
vn -0.366057 0.005703 -0.930575
vn -0.323083 -0.080132 -0.942972
vn -0.255603 -0.148233 -0.955350
vn -0.170165 -0.192020 -0.966526
vn -0.075177 -0.207189 -0.975408
vn 0.020118 -0.192220 -0.981146
vn 0.106386 -0.148625 -0.983154
vn 0.175119 -0.080670 -0.981237
vn 0.219675 0.005065 -0.975560
vn 0.235638 0.100095 -0.966673
vn 0.363831 0.233272 -0.901782
vn 0.300720 0.359337 -0.883428
vn 0.201530 0.459386 -0.865073
vn 0.076004 0.523635 -0.848546
vn -0.063549 0.545873 -0.835454
vn -0.203573 0.523912 -0.827088
vn -0.330246 0.459928 -0.824259
vn -0.431256 0.360158 -0.827227
vn -0.496779 0.234252 -0.835666
vn -0.520257 0.094613 -0.848753
vn -0.499396 -0.045110 -0.865199
vn -0.436253 -0.171207 -0.883386
vn -0.337047 -0.271295 -0.901553
vn -0.211500 -0.335617 -0.917948
vn -0.071933 -0.357900 -0.930985
vn 0.068079 -0.335942 -0.939419
vn 0.194828 -0.271883 -0.942402
vn 0.295864 -0.172009 -0.939616
vn 0.361309 -0.046064 -0.931308
vn 0.384717 0.093580 -0.918278
vn 0.497508 0.265721 -0.825759
vn 0.415698 0.428973 -0.801983
vn 0.287246 0.558475 -0.778200
vn 0.124683 0.641680 -0.756770
vn -0.056099 0.670508 -0.739778
vn -0.237360 0.642114 -0.728937
vn -0.401439 0.559252 -0.725316
vn -0.532350 0.429996 -0.729182
vn -0.617197 0.266960 -0.740135
vn -0.647603 0.086094 -0.757098
vn -0.620587 -0.094870 -0.778377
vn -0.538783 -0.258177 -0.801909
vn -0.410257 -0.387808 -0.825405
vn -0.247660 -0.471076 -0.846612
vn -0.066880 -0.499911 -0.863491
vn 0.114428 -0.471518 -0.874401
vn 0.278551 -0.388596 -0.878295
vn 0.409441 -0.259229 -0.874733
vn 0.494234 -0.096136 -0.863997
vn 0.524584 0.084739 -0.847131
vn 0.618576 0.291528 -0.729640
vn 0.520124 0.487829 -0.701067
vn 0.365589 0.643521 -0.672477
vn 0.170108 0.743535 -0.646699
vn -0.047260 0.778142 -0.626308
vn -0.265203 0.744020 -0.613272
vn -0.462549 0.644472 -0.608855
vn -0.620027 0.489089 -0.613481
vn -0.722087 0.293032 -0.626676
vn -0.758707 0.075460 -0.647047
vn -0.726210 -0.142174 -0.672611
vn -0.627775 -0.338552 -0.700914
vn -0.473151 -0.494423 -0.729160
vn -0.277613 -0.594514 -0.754641
vn -0.060219 -0.629148 -0.774950
vn 0.157797 -0.594990 -0.788091
vn 0.355160 -0.495351 -0.792773
vn 0.512618 -0.339836 -0.788502
vn 0.614637 -0.143686 -0.775613
vn 0.651167 0.073857 -0.755332
vn 0.724580 0.310206 -0.615432
vn 0.611914 0.534766 -0.582741
vn 0.435051 0.712854 -0.550064
vn 0.211396 0.827222 -0.520591
vn -0.037225 0.866796 -0.497272
vn -0.286573 0.827767 -0.482368
vn -0.512357 0.713905 -0.477315
vn -0.692533 0.536212 -0.482571
vn -0.809364 0.311930 -0.497625
vn -0.851268 0.062961 -0.520941
vn -0.814061 -0.186052 -0.550172
vn -0.701424 -0.410726 -0.582502
vn -0.524495 -0.588992 -0.614811
vn -0.300766 -0.703428 -0.643994
vn -0.052077 -0.743038 -0.667220
vn 0.197320 -0.703978 -0.682261
vn 0.423135 -0.590027 -0.687622
vn 0.603308 -0.412184 -0.682732
vn 0.720068 -0.187775 -0.668014
vn 0.761868 0.061156 -0.644839
vn 0.812742 0.321230 -0.486067
vn 0.688598 0.568503 -0.450152
vn 0.493770 0.764598 -0.414223
vn 0.247429 0.890521 -0.381773
vn -0.026314 0.934102 -0.356036
vn -0.300855 0.891148 -0.339620
vn -0.549534 0.765776 -0.334064
vn -0.748012 0.570106 -0.339789
vn -0.876719 0.323135 -0.356296
vn -0.922873 0.048935 -0.381982
vn -0.881849 -0.225359 -0.414194
vn -0.757747 -0.472745 -0.449812
vn -0.562886 -0.668978 -0.485415
vn -0.316490 -0.794969 -0.517550
vn -0.042648 -0.838583 -0.543102
vn 0.231969 -0.795601 -0.559651
vn 0.480653 -0.670154 -0.565567
vn 0.679102 -0.474348 -0.560192
vn 0.807762 -0.227236 -0.543952
vn 0.853839 0.046941 -0.518417
vn 0.880892 0.324316 -0.344744
vn 0.748347 0.588262 -0.306470
vn 0.540357 0.797564 -0.268152
vn 0.277387 0.931925 -0.233607
vn -0.014768 0.978393 -0.206227
vn -0.307741 0.932579 -0.188657
vn -0.573186 0.798815 -0.182627
vn -0.785067 0.589965 -0.188707
vn -0.922475 0.326351 -0.206241
vn -0.971758 0.033695 -0.233560
vn -0.927930 -0.259090 -0.267989
vn -0.795409 -0.523092 -0.306102
vn -0.587394 -0.732491 -0.344129
vn -0.324411 -0.866922 -0.378422
vn -0.032181 -0.913434 -0.405713
vn 0.260888 -0.867579 -0.423372
vn 0.526313 -0.733758 -0.429643
vn 0.738165 -0.524824 -0.423877
vn 0.875542 -0.261081 -0.406525
vn 0.924763 0.031569 -0.379233
vn 0.927327 0.319438 -0.194995
vn 0.789671 0.593555 -0.155280
vn 0.573640 0.810916 -0.115555
vn 0.300569 0.950420 -0.079749
vn -0.002846 0.998676 -0.051368
vn -0.307119 0.951096 -0.033062
vn -0.582744 0.812218 -0.026684
vn -0.802804 0.595333 -0.032936
vn -0.945515 0.321537 -0.051138
vn -0.996679 0.017630 -0.079500
vn -0.951149 -0.286408 -0.115264
vn -0.813497 -0.560567 -0.154876
vn -0.597448 -0.777977 -0.194443
vn -0.324366 -0.917508 -0.230141
vn -0.020925 -0.965785 -0.258500
vn 0.283387 -0.918196 -0.276780
vn 0.559028 -0.779286 -0.283199
vn 0.779057 -0.562381 -0.277124
vn 0.921751 -0.288512 -0.259104
vn 0.972880 0.015431 -0.230795
vn 0.950945 0.306714 -0.040375
vn 0.811578 0.584244 -0.000225
vn 0.592835 0.804335 0.039903
vn 0.316369 0.945579 0.076095
vn 0.009150 0.994447 0.104842
vn -0.298953 0.946262 0.123352
vn -0.577988 0.805651 0.129835
vn -0.800785 0.586056 0.123615
vn -0.945274 0.308833 0.105257
vn -0.997064 0.001124 0.076567
vn -0.950950 -0.306700 0.040370
vn -0.811567 -0.584259 0.000216
vn -0.592824 -0.804342 -0.039928
vn -0.316362 -0.945578 -0.076139
vn -0.009159 -0.994438 -0.104921
vn 0.298937 -0.946257 -0.123425
vn 0.578003 -0.805636 -0.129860
vn 0.800765 -0.586085 -0.123612
vn 0.945266 -0.308854 -0.105268
vn 0.997062 -0.001101 -0.076590
vn 0.951144 0.286434 0.115239
vn 0.813505 0.560561 0.154861
vn 0.597469 0.777963 0.194433
vn 0.324380 0.917512 0.230106
vn 0.020921 0.965790 0.258479
vn -0.283413 0.918186 0.276787
vn -0.559024 0.779276 0.283234
vn -0.779064 0.562366 0.277136
vn -0.921761 0.288515 0.259069
vn -0.972888 -0.015415 0.230764
vn -0.927331 -0.319438 0.194981
vn -0.789667 -0.593564 0.155268
vn -0.573623 -0.810930 0.115537
vn -0.300594 -0.950415 0.079717
vn 0.002822 -0.998680 0.051288
vn 0.307160 -0.951084 0.033042
vn 0.582753 -0.812211 0.026700
vn 0.802780 -0.595367 0.032904
vn 0.945512 -0.321549 0.051126
vn 0.996679 -0.017614 0.079502
vn 0.927929 0.259099 0.267984
vn 0.795405 0.523106 0.306090
vn 0.587420 0.732465 0.344141
vn 0.324433 0.866901 0.378452
vn 0.032173 0.913418 0.405748
vn -0.260915 0.867558 0.423398
vn -0.526322 0.733743 0.429659
vn -0.738160 0.524823 0.423887
vn -0.875540 0.261078 0.406531
vn -0.924747 -0.031567 0.379270
vn -0.880876 -0.324315 0.344785
vn -0.748343 -0.588262 0.306480
vn -0.540342 -0.797583 0.268125
vn -0.277436 -0.931922 0.233563
vn 0.014754 -0.978393 0.206225
vn 0.307811 -0.932558 0.188646
vn 0.573164 -0.798844 0.182569
vn 0.785056 -0.589999 0.188649
vn 0.922484 -0.326328 0.206238
vn 0.971755 -0.033702 0.233572
vn 0.881790 0.225311 0.414344
vn 0.757701 0.472702 0.449936
vn 0.562880 0.668908 0.485518
vn 0.316487 0.794874 0.517698
vn 0.042646 0.838452 0.543304
vn -0.231938 0.795484 0.559830
vn -0.480605 0.670076 0.565700
vn -0.679028 0.474277 0.560341
vn -0.807661 0.227188 0.544122
vn -0.853745 -0.046963 0.518569
vn -0.812660 -0.321201 0.486224
vn -0.688539 -0.568464 0.450291
vn -0.493696 -0.764569 0.414366
vn -0.247396 -0.890449 0.381964
vn 0.026336 -0.934010 0.356274
vn 0.300863 -0.891076 0.339801
vn 0.549469 -0.765767 0.334193
vn 0.747958 -0.570064 0.339979
vn 0.876652 -0.323082 0.356510
vn 0.922804 -0.048983 0.382142
vn 0.814426 0.186241 0.549567
vn 0.701729 0.411045 0.581909
vn 0.524714 0.589399 0.614235
vn 0.300838 0.703902 0.643442
vn 0.052013 0.743523 0.666684
vn -0.197482 0.704470 0.681706
vn -0.423432 0.590451 0.687075
vn -0.603709 0.412491 0.682193
vn -0.720517 0.187980 0.667472
vn -0.762350 -0.061116 0.644273
vn -0.725045 -0.310255 0.614859
vn -0.612305 -0.534922 0.582187
vn -0.435309 -0.713141 0.549487
vn -0.211550 -0.827553 0.520002
vn 0.037174 -0.867154 0.496650
vn 0.286647 -0.828109 0.481735
vn 0.512527 -0.714187 0.476711
vn 0.692832 -0.536350 0.481988
vn 0.809725 -0.311957 0.497020
vn 0.851643 -0.062955 0.520327
vn 0.725342 0.141770 0.673633
vn 0.627048 0.337886 0.701886
vn 0.472656 0.493521 0.730091
vn 0.277347 0.593480 0.755553
vn 0.060270 0.628062 0.775826
vn -0.157393 0.593972 0.788939
vn -0.354528 0.494473 0.793604
vn -0.511791 0.339181 0.789320
vn -0.613652 0.143280 0.776468
vn -0.650086 -0.074014 0.756248
vn -0.617533 -0.291316 0.730608
vn -0.519256 -0.487309 0.702071
vn -0.364906 -0.642852 0.673487
vn -0.169699 -0.742726 0.647735
vn 0.047294 -0.777288 0.627365
vn 0.265001 -0.743212 0.614337
vn 0.462072 -0.643773 0.609956
vn 0.619312 -0.488591 0.614599
vn 0.721261 -0.292815 0.627728
vn 0.757809 -0.075607 0.648081
vn 0.620789 0.094961 0.778206
vn 0.538950 0.258325 0.801749
vn 0.410391 0.387995 0.825251
vn 0.247683 0.471309 0.846475
vn 0.066844 0.500140 0.863361
vn -0.114457 0.471707 0.874295
vn -0.278656 0.388777 0.878182
vn -0.409627 0.259380 0.874602
vn -0.494461 0.096188 0.863861
vn -0.524811 -0.084792 0.846985
vn -0.497719 -0.265770 0.825616
vn -0.415905 -0.429008 0.801858
vn -0.287333 -0.558623 0.778062
vn -0.124738 -0.641867 0.756602
vn 0.056024 -0.670675 0.739633
vn 0.237417 -0.642267 0.728785
vn 0.401578 -0.559390 0.725133
vn 0.532520 -0.430100 0.728997
vn 0.617394 -0.267028 0.739947
vn 0.647825 -0.086098 0.756908
vn 0.539312 0.061095 0.839887
vn 0.470107 0.199336 0.859805
vn 0.361331 0.309183 0.879685
vn 0.223557 0.379742 0.897674
vn 0.070472 0.404099 0.911996
vn -0.083005 0.380067 0.921227
vn -0.222029 0.309867 0.924492
vn -0.332888 0.200264 0.921455
vn -0.404644 0.062117 0.912362
vn -0.430380 -0.091052 0.898044
vn -0.407516 -0.244286 0.879918
vn -0.338220 -0.382474 0.859838
vn -0.229359 -0.492175 0.839737
vn -0.091775 -0.562711 0.821543
vn 0.061305 -0.587141 0.807160
vn 0.214920 -0.563008 0.798017
vn 0.353824 -0.492792 0.794962
vn 0.464652 -0.383375 0.798200
vn 0.536524 -0.245342 0.807434
vn 0.562255 -0.092156 0.821813
vn 0.295410 -0.031235 0.954860
vn 0.263081 0.033389 0.964196
vn 0.212137 0.084851 0.973549
vn 0.147650 0.117834 0.981995
vn 0.076096 0.129156 0.988700
vn 0.004327 0.117993 0.993005
vn -0.060786 0.085156 0.994512
vn -0.112693 0.033851 0.993053
vn -0.146238 -0.030778 0.988770
vn -0.158329 -0.102436 0.982058
vn -0.147642 -0.174162 0.973586
vn -0.115217 -0.238855 0.964196
vn -0.064256 -0.290176 0.954814
vn 0.000158 -0.323217 0.946325
vn 0.071781 -0.334638 0.939609
vn 0.143682 -0.323309 0.935322
vn 0.208660 -0.290462 0.933859
vn 0.260510 -0.239251 0.935357
vn 0.294157 -0.174662 0.939662
vn 0.306155 -0.102951 0.946398
vn 0.079271 -0.104572 0.991353
vn 0.078752 -0.103660 0.991490
vn 0.077828 -0.102758 0.991657
vn 0.076978 -0.102329 0.991768
vn 0.076195 -0.102212 0.991840
vn 0.075243 -0.102339 0.991900
vn 0.074135 -0.102913 0.991924
vn 0.073359 -0.103571 0.991913
vn 0.072923 -0.104509 0.991847
vn 0.072674 -0.105635 0.991746
vn 0.072872 -0.106648 0.991623
vn 0.073280 -0.107552 0.991495
vn 0.074090 -0.108293 0.991354
vn 0.075257 -0.108865 0.991204
vn 0.076054 -0.108995 0.991129
vn 0.076876 -0.108830 0.991083
vn 0.077891 -0.108397 0.991051
vn 0.078733 -0.107536 0.991079
vn 0.079249 -0.106643 0.991134
vn 0.079357 -0.105623 0.991235
vn -0.076042 0.105599 -0.991497
vn 0.076064 -0.105586 0.991497
vn -0.073902 0.152343 -0.985561
vn -0.052107 0.195860 -0.979247
vn -0.017857 0.230416 -0.972928
vn 0.025486 0.252629 -0.967228
vn 0.073691 0.260338 -0.962701
vn 0.122057 0.252737 -0.959805
vn 0.165733 0.230669 -0.958814
vn 0.200548 0.196241 -0.959828
vn 0.223190 0.152714 -0.962738
vn 0.231288 0.104413 -0.967266
vn 0.224084 0.056179 -0.972949
vn 0.202318 0.012737 -0.979237
vn 0.168101 -0.021805 -0.985529
vn 0.124731 -0.044046 -0.991212
vn 0.076453 -0.051743 -0.995730
vn 0.028223 -0.044201 -0.998624
vn -0.015474 -0.022067 -0.999637
vn -0.050438 0.012461 -0.998649
vn -0.073005 0.055896 -0.995764
vn -0.081091 0.104113 -0.991254
vn -0.221416 0.195175 -0.955448
vn -0.178479 0.280912 -0.942992
vn -0.110939 0.349025 -0.930523
vn -0.025484 0.392827 -0.919259
vn 0.069507 0.407947 -0.910356
vn 0.164759 0.392996 -0.904659
vn 0.250957 0.349448 -0.902722
vn 0.319734 0.281527 -0.904717
vn 0.364285 0.195856 -0.910460
vn 0.380240 0.100772 -0.919382
vn 0.366045 0.005708 -0.930580
vn 0.323086 -0.080091 -0.942975
vn 0.255596 -0.148259 -0.955348
vn 0.170176 -0.192030 -0.966522
vn 0.075095 -0.207179 -0.975417
vn -0.020143 -0.192263 -0.981137
vn -0.106348 -0.148672 -0.983151
vn -0.175154 -0.080664 -0.981231
vn -0.219668 0.005034 -0.975562
vn -0.235619 0.100094 -0.966677
vn -0.363828 0.233275 -0.901782
vn -0.300721 0.359318 -0.883435
vn -0.201533 0.459387 -0.865071
vn -0.075978 0.523670 -0.848526
vn 0.063563 0.545901 -0.835435
vn 0.203532 0.523953 -0.827072
vn 0.330262 0.459946 -0.824243
vn 0.431298 0.360155 -0.827206
vn 0.496765 0.234284 -0.835665
vn 0.520244 0.094617 -0.848760
vn 0.499397 -0.045105 -0.865198
vn 0.436249 -0.171219 -0.883386
vn 0.337043 -0.271314 -0.901549
vn 0.211522 -0.335604 -0.917948
vn 0.071863 -0.357872 -0.931001
vn -0.068108 -0.335930 -0.939421
vn -0.194772 -0.271899 -0.942409
vn -0.295847 -0.172005 -0.939622
vn -0.361312 -0.046069 -0.931306
vn -0.384738 0.093579 -0.918270
vn -0.497513 0.265708 -0.825760
vn -0.415703 0.428960 -0.801988
vn -0.287230 0.558454 -0.778221
vn -0.124634 0.641645 -0.756807
vn 0.056101 0.670471 -0.739812
vn 0.237323 0.642088 -0.728973
vn 0.401457 0.559220 -0.725331
vn 0.532344 0.430004 -0.729182
vn 0.617183 0.266986 -0.740138
vn 0.647623 0.086085 -0.757082
vn 0.620619 -0.094896 -0.778349
vn 0.538810 -0.258189 -0.801886
vn 0.410268 -0.387776 -0.825415
vn 0.247661 -0.471052 -0.846625
vn 0.066863 -0.499870 -0.863516
vn -0.114416 -0.471435 -0.874447
vn -0.278502 -0.388560 -0.878327
vn -0.409427 -0.259219 -0.874743
vn -0.494227 -0.096115 -0.864003
vn -0.524574 0.084747 -0.847137
vn -0.618593 0.291534 -0.729624
vn -0.520150 0.487802 -0.701066
vn -0.365602 0.643516 -0.672475
vn -0.170085 0.743542 -0.646697
vn 0.047271 0.778149 -0.626298
vn 0.265187 0.744028 -0.613268
vn 0.462557 0.644445 -0.608877
vn 0.620013 0.489078 -0.613504
vn 0.722076 0.293047 -0.626682
vn 0.758695 0.075456 -0.647061
vn 0.726193 -0.142193 -0.672625
vn 0.627798 -0.338547 -0.700897
vn 0.473196 -0.494410 -0.729140
vn 0.277617 -0.594520 -0.754635
vn 0.060233 -0.629143 -0.774952
vn -0.157809 -0.594983 -0.788094
vn -0.355212 -0.495372 -0.792737
vn -0.512643 -0.339877 -0.788468
vn -0.614625 -0.143697 -0.775621
vn -0.651149 0.073893 -0.755344
vn -0.724595 0.310217 -0.615408
vn -0.611949 0.534724 -0.582743
vn -0.435060 0.712853 -0.550058
vn -0.211376 0.827245 -0.520563
vn 0.037240 0.866823 -0.497224
vn 0.286565 0.827800 -0.482316
vn 0.512364 0.713924 -0.477280
vn 0.692559 0.536204 -0.482542
vn 0.809382 0.311946 -0.497584
vn 0.851279 0.062977 -0.520921
vn 0.814043 -0.186069 -0.550193
vn 0.701411 -0.410702 -0.582534
vn 0.524509 -0.588974 -0.614817
vn 0.300767 -0.703449 -0.643971
vn 0.052091 -0.743064 -0.667189
vn -0.197350 -0.703991 -0.682238
vn -0.423164 -0.590021 -0.687610
vn -0.603279 -0.412207 -0.682745
vn -0.720062 -0.187792 -0.668016
vn -0.761882 0.061206 -0.644817
vn -0.812724 0.321226 -0.486101
vn -0.688608 0.568487 -0.450157
vn -0.493792 0.764608 -0.414179
vn -0.247433 0.890523 -0.381768
vn 0.026320 0.934080 -0.356093
vn 0.300849 0.891128 -0.339678
vn 0.549529 0.765771 -0.334085
vn 0.748005 0.570098 -0.339819
vn 0.876706 0.323132 -0.356333
vn 0.922880 0.048937 -0.381966
vn 0.881856 -0.225367 -0.414173
vn 0.757747 -0.472724 -0.449835
vn 0.562870 -0.668966 -0.485450
vn 0.316474 -0.794975 -0.517552
vn 0.042673 -0.838580 -0.543104
vn -0.231970 -0.795578 -0.559684
vn -0.480641 -0.670125 -0.565612
vn -0.679071 -0.474355 -0.560223
vn -0.807771 -0.227228 -0.543942
vn -0.853843 0.046974 -0.518406
vn -0.880861 0.324312 -0.344827
vn -0.748314 0.588285 -0.306506
vn -0.540359 0.797566 -0.268143
vn -0.277424 0.931917 -0.233596
vn 0.014764 0.978396 -0.206214
vn 0.307749 0.932578 -0.188651
vn 0.573188 0.798814 -0.182624
vn 0.785050 0.589987 -0.188711
vn 0.922460 0.326360 -0.206291
vn 0.971743 0.033679 -0.233626
vn 0.927924 -0.259099 -0.268002
vn 0.795426 -0.523092 -0.306058
vn 0.587392 -0.732502 -0.344110
vn 0.324406 -0.866912 -0.378450
vn 0.032218 -0.913410 -0.405764
vn -0.260882 -0.867562 -0.423411
vn -0.526314 -0.733747 -0.429661
vn -0.738182 -0.524826 -0.423845
vn -0.875561 -0.261084 -0.406482
vn -0.924746 0.031559 -0.379274
vn -0.927337 0.319444 -0.194941
vn -0.789662 0.593577 -0.155243
vn -0.573634 0.810918 -0.115568
vn -0.300584 0.950415 -0.079750
vn 0.002846 0.998678 -0.051326
vn 0.307120 0.951097 -0.033034
vn 0.582744 0.812217 -0.026686
vn 0.802787 0.595356 -0.032927
vn 0.945512 0.321554 -0.051097
vn 0.996682 0.017609 -0.079464
vn 0.951141 -0.286440 -0.115251
vn 0.813500 -0.560573 -0.154840
vn 0.597465 -0.777972 -0.194412
vn 0.324379 -0.917504 -0.230142
vn 0.020949 -0.965786 -0.258493
vn -0.283389 -0.918200 -0.276765
vn -0.559034 -0.779278 -0.283208
vn -0.779080 -0.562346 -0.277129
vn -0.921754 -0.288519 -0.259088
vn -0.972885 0.015389 -0.230775
vn -0.950945 0.306718 -0.040339
vn -0.811576 0.584247 -0.000192
vn -0.592842 0.804328 0.039928
vn -0.316374 0.945578 0.076096
vn -0.009144 0.994448 0.104830
vn 0.298948 0.946266 0.123330
vn 0.577989 0.805656 0.129794
vn 0.800780 0.586073 0.123574
vn 0.945277 0.308823 0.105265
vn 0.997059 0.001100 0.076633
vn 0.950945 -0.306709 0.040403
vn 0.811563 -0.584265 0.000202
vn 0.592844 -0.804328 -0.039912
vn 0.316377 -0.945576 -0.076106
vn 0.009169 -0.994441 -0.104895
vn -0.298942 -0.946261 -0.123385
vn -0.578006 -0.805641 -0.129813
vn -0.800784 -0.586058 -0.123614
vn -0.945269 -0.308838 -0.105284
vn -0.997064 -0.001129 -0.076568
vn -0.951143 0.286432 0.115253
vn -0.813498 0.560569 0.154866
vn -0.597479 0.777956 0.194433
vn -0.324398 0.917507 0.230100
vn -0.020921 0.965800 0.258442
vn 0.283412 0.918204 0.276729
vn 0.559039 0.779275 0.283207
vn 0.779058 0.562359 0.277165
vn 0.921760 0.288497 0.259092
vn 0.972893 -0.015430 0.230742
vn 0.927344 -0.319419 0.194948
vn 0.789667 -0.593574 0.155226
vn 0.573626 -0.810929 0.115531
vn 0.300606 -0.950408 0.079754
vn -0.002799 -0.998679 0.051302
vn -0.307154 -0.951087 0.033014
vn -0.582763 -0.812204 0.026687
vn -0.802786 -0.595358 0.032912
vn -0.945516 -0.321538 0.051114
vn -0.996679 -0.017623 0.079504
vn -0.927928 0.259089 0.267996
vn -0.795415 0.523112 0.306052
vn -0.587434 0.732489 0.344066
vn -0.324444 0.866917 0.378405
vn -0.032185 0.913430 0.405722
vn 0.260913 0.867561 0.423394
vn 0.526343 0.733714 0.429682
vn 0.738158 0.524809 0.423909
vn 0.875536 0.261094 0.406529
vn 0.924765 -0.031567 0.379227
vn 0.880896 -0.324306 0.344743
vn 0.748352 -0.588269 0.306446
vn 0.540339 -0.797603 0.268075
vn 0.277438 -0.931924 0.233552
vn -0.014715 -0.978387 0.206256
vn -0.307791 -0.932559 0.188677
vn -0.573192 -0.798823 0.182574
vn -0.785057 -0.589999 0.188644
vn -0.922485 -0.326327 0.206234
vn -0.971752 -0.033686 0.233589
vn -0.881818 0.225323 0.414279
vn -0.757723 0.472703 0.449898
vn -0.562882 0.668911 0.485511
vn -0.316472 0.794882 0.517695
vn -0.042664 0.838450 0.543305
vn 0.231946 0.795457 0.559865
vn 0.480618 0.670050 0.565720
vn 0.679034 0.474293 0.560320
vn 0.807668 0.227205 0.544105
vn 0.853734 -0.046964 0.518587
vn 0.812645 -0.321202 0.486247
vn 0.688535 -0.568451 0.450315
vn 0.493690 -0.764580 0.414352
vn 0.247389 -0.890468 0.381924

usemtl PackedMaterial0
f 5053/5886/5053 5054/5887/5054 5074/5888/5074 5073/5889/5073
f 5054/5887/5054 5055/5890/5055 5075/5891/5075 5074/5888/5074
f 5055/5890/5055 5056/5892/5056 5076/5893/5076 5075/5891/5075
f 5056/5892/5056 5057/5894/5057 5077/5895/5077 5076/5893/5076
f 5057/5894/5057 5058/5896/5058 5078/5897/5078 5077/5895/5077
f 5058/5896/5058 5059/5898/5059 5079/5899/5079 5078/5897/5078
f 5059/5898/5059 5060/5900/5060 5080/5901/5080 5079/5899/5079
f 5060/5900/5060 5061/5902/5061 5081/5903/5081 5080/5901/5080
f 5061/5902/5061 5062/5904/5062 5082/5905/5082 5081/5903/5081
f 5062/5904/5062 5063/5906/5063 5083/5907/5083 5082/5905/5082
f 5063/5906/5063 5064/5908/5064 5084/5909/5084 5083/5907/5083
f 5064/5908/5064 5065/5910/5065 5085/5911/5085 5084/5909/5084
f 5065/5910/5065 5066/5912/5066 5086/5913/5086 5085/5911/5085
f 5066/5912/5066 5067/5914/5067 5087/5915/5087 5086/5913/5086
f 5067/5914/5067 5068/5916/5068 5088/5917/5088 5087/5915/5087
f 5068/5916/5068 5069/5918/5069 5089/5919/5089 5088/5917/5088
f 5069/5918/5069 5070/5920/5070 5090/5921/5090 5089/5919/5089
f 5070/5920/5070 5071/5922/5071 5091/5923/5091 5090/5921/5090
f 5071/5922/5071 5072/5924/5072 5092/5925/5092 5091/5923/5091
f 5072/5924/5072 5053/5886/5053 5073/5889/5073 5092/5925/5092
f 5073/5889/5073 5074/5888/5074 5094/5926/5094 5093/5927/5093
f 5074/5888/5074 5075/5891/5075 5095/5928/5095 5094/5926/5094
f 5075/5891/5075 5076/5893/5076 5096/5929/5096 5095/5928/5095
f 5076/5893/5076 5077/5895/5077 5097/5930/5097 5096/5929/5096
f 5077/5895/5077 5078/5897/5078 5098/5931/5098 5097/5930/5097
f 5078/5897/5078 5079/5899/5079 5099/5932/5099 5098/5931/5098
f 5079/5899/5079 5080/5901/5080 5100/5933/5100 5099/5932/5099
f 5080/5901/5080 5081/5903/5081 5101/5934/5101 5100/5933/5100
f 5081/5903/5081 5082/5905/5082 5102/5935/5102 5101/5934/5101
f 5082/5905/5082 5083/5907/5083 5103/5936/5103 5102/5935/5102
f 5083/5907/5083 5084/5909/5084 5104/5937/5104 5103/5936/5103
f 5084/5909/5084 5085/5911/5085 5105/5938/5105 5104/5937/5104
f 5085/5911/5085 5086/5913/5086 5106/5939/5106 5105/5938/5105
f 5086/5913/5086 5087/5915/5087 5107/5940/5107 5106/5939/5106
f 5087/5915/5087 5088/5917/5088 5108/5941/5108 5107/5940/5107
f 5088/5917/5088 5089/5919/5089 5109/5942/5109 5108/5941/5108
f 5089/5919/5089 5090/5921/5090 5110/5943/5110 5109/5942/5109
f 5090/5921/5090 5091/5923/5091 5111/5944/5111 5110/5943/5110
f 5091/5923/5091 5092/5925/5092 5112/5945/5112 5111/5944/5111
f 5092/5925/5092 5073/5889/5073 5093/5927/5093 5112/5945/5112
f 5093/5927/5093 5094/5926/5094 5114/5946/5114 5113/5947/5113
f 5094/5926/5094 5095/5928/5095 5115/5948/5115 5114/5946/5114
f 5095/5928/5095 5096/5929/5096 5116/5949/5116 5115/5948/5115
f 5096/5929/5096 5097/5930/5097 5117/5950/5117 5116/5949/5116
f 5097/5930/5097 5098/5931/5098 5118/5951/5118 5117/5950/5117
f 5098/5931/5098 5099/5932/5099 5119/5952/5119 5118/5951/5118
f 5099/5932/5099 5100/5933/5100 5120/5953/5120 5119/5952/5119
f 5100/5933/5100 5101/5934/5101 5121/5954/5121 5120/5953/5120
f 5101/5934/5101 5102/5935/5102 5122/5955/5122 5121/5954/5121
f 5102/5935/5102 5103/5936/5103 5123/5956/5123 5122/5955/5122
f 5103/5936/5103 5104/5937/5104 5124/5957/5124 5123/5956/5123
f 5104/5937/5104 5105/5938/5105 5125/5958/5125 5124/5957/5124
f 5105/5938/5105 5106/5939/5106 5126/5959/5126 5125/5958/5125
f 5106/5939/5106 5107/5940/5107 5127/5960/5127 5126/5959/5126
f 5107/5940/5107 5108/5941/5108 5128/5961/5128 5127/5960/5127
f 5108/5941/5108 5109/5942/5109 5129/5962/5129 5128/5961/5128
f 5109/5942/5109 5110/5943/5110 5130/5963/5130 5129/5962/5129
f 5110/5943/5110 5111/5944/5111 5131/5964/5131 5130/5963/5130
f 5111/5944/5111 5112/5945/5112 5132/5965/5132 5131/5964/5131
f 5112/5945/5112 5093/5927/5093 5113/5947/5113 5132/5965/5132
f 5113/5947/5113 5114/5946/5114 5134/5966/5134 5133/5967/5133
f 5114/5946/5114 5115/5948/5115 5135/5968/5135 5134/5966/5134
f 5115/5948/5115 5116/5949/5116 5136/5969/5136 5135/5968/5135
f 5116/5949/5116 5117/5950/5117 5137/5970/5137 5136/5969/5136
f 5117/5950/5117 5118/5951/5118 5138/5971/5138 5137/5970/5137
f 5118/5951/5118 5119/5952/5119 5139/5972/5139 5138/5971/5138
f 5119/5952/5119 5120/5953/5120 5140/5973/5140 5139/5972/5139
f 5120/5953/5120 5121/5954/5121 5141/5974/5141 5140/5973/5140
f 5121/5954/5121 5122/5955/5122 5142/5975/5142 5141/5974/5141
f 5122/5955/5122 5123/5956/5123 5143/5976/5143 5142/5975/5142
f 5123/5956/5123 5124/5957/5124 5144/5977/5144 5143/5976/5143
f 5124/5957/5124 5125/5958/5125 5145/5978/5145 5144/5977/5144
f 5125/5958/5125 5126/5959/5126 5146/5979/5146 5145/5978/5145
f 5126/5959/5126 5127/5960/5127 5147/5980/5147 5146/5979/5146
f 5127/5960/5127 5128/5961/5128 5148/5981/5148 5147/5980/5147
f 5128/5961/5128 5129/5962/5129 5149/5982/5149 5148/5981/5148
f 5129/5962/5129 5130/5963/5130 5150/5983/5150 5149/5982/5149
f 5130/5963/5130 5131/5964/5131 5151/5984/5151 5150/5983/5150
f 5131/5964/5131 5132/5965/5132 5152/5985/5152 5151/5984/5151
f 5132/5965/5132 5113/5947/5113 5133/5967/5133 5152/5985/5152
f 5133/5967/5133 5134/5966/5134 5154/5986/5154 5153/5987/5153
f 5134/5966/5134 5135/5968/5135 5155/5988/5155 5154/5986/5154
f 5135/5968/5135 5136/5969/5136 5156/5989/5156 5155/5988/5155
f 5136/5969/5136 5137/5970/5137 5157/5990/5157 5156/5989/5156
f 5137/5970/5137 5138/5971/5138 5158/5991/5158 5157/5990/5157
f 5138/5971/5138 5139/5972/5139 5159/5992/5159 5158/5991/5158
f 5139/5972/5139 5140/5973/5140 5160/5993/5160 5159/5992/5159
f 5140/5973/5140 5141/5974/5141 5161/5994/5161 5160/5993/5160
f 5141/5974/5141 5142/5975/5142 5162/5995/5162 5161/5994/5161
f 5142/5975/5142 5143/5976/5143 5163/5996/5163 5162/5995/5162
f 5143/5976/5143 5144/5977/5144 5164/5997/5164 5163/5996/5163
f 5144/5977/5144 5145/5978/5145 5165/5998/5165 5164/5997/5164
f 5145/5978/5145 5146/5979/5146 5166/5999/5166 5165/5998/5165
f 5146/5979/5146 5147/5980/5147 5167/6000/5167 5166/5999/5166
f 5147/5980/5147 5148/5981/5148 5168/6001/5168 5167/6000/5167
f 5148/5981/5148 5149/5982/5149 5169/6002/5169 5168/6001/5168
f 5149/5982/5149 5150/5983/5150 5170/6003/5170 5169/6002/5169
f 5150/5983/5150 5151/5984/5151 5171/6004/5171 5170/6003/5170
f 5151/5984/5151 5152/5985/5152 5172/6005/5172 5171/6004/5171
f 5152/5985/5152 5133/5967/5133 5153/5987/5153 5172/6005/5172
f 5153/5987/5153 5154/5986/5154 5174/6006/5174 5173/6007/5173
f 5154/5986/5154 5155/5988/5155 5175/6008/5175 5174/6006/5174
f 5155/5988/5155 5156/5989/5156 5176/6009/5176 5175/6008/5175
f 5156/5989/5156 5157/5990/5157 5177/6010/5177 5176/6009/5176
f 5157/5990/5157 5158/5991/5158 5178/6011/5178 5177/6010/5177
f 5158/5991/5158 5159/5992/5159 5179/6012/5179 5178/6011/5178
f 5159/5992/5159 5160/5993/5160 5180/6013/5180 5179/6012/5179
f 5160/5993/5160 5161/5994/5161 5181/6014/5181 5180/6013/5180
f 5161/5994/5161 5162/5995/5162 5182/6015/5182 5181/6014/5181
f 5162/5995/5162 5163/5996/5163 5183/6016/5183 5182/6015/5182
f 5163/5996/5163 5164/5997/5164 5184/6017/5184 5183/6016/5183
f 5164/5997/5164 5165/5998/5165 5185/6018/5185 5184/6017/5184
f 5165/5998/5165 5166/5999/5166 5186/6019/5186 5185/6018/5185
f 5166/5999/5166 5167/6000/5167 5187/6020/5187 5186/6019/5186
f 5167/6000/5167 5168/6001/5168 5188/6021/5188 5187/6020/5187
f 5168/6001/5168 5169/6002/5169 5189/6022/5189 5188/6021/5188
f 5169/6002/5169 5170/6003/5170 5190/6023/5190 5189/6022/5189
f 5170/6003/5170 5171/6004/5171 5191/6024/5191 5190/6023/5190
f 5171/6004/5171 5172/6005/5172 5192/6025/5192 5191/6024/5191
f 5172/6005/5172 5153/5987/5153 5173/6007/5173 5192/6025/5192
f 5173/6007/5173 5174/6006/5174 5194/6026/5194 5193/6027/5193
f 5174/6006/5174 5175/6008/5175 5195/6028/5195 5194/6026/5194
f 5175/6008/5175 5176/6009/5176 5196/6029/5196 5195/6028/5195
f 5176/6009/5176 5177/6010/5177 5197/6030/5197 5196/6029/5196
f 5177/6010/5177 5178/6011/5178 5198/6031/5198 5197/6030/5197
f 5178/6011/5178 5179/6012/5179 5199/6032/5199 5198/6031/5198
f 5179/6012/5179 5180/6013/5180 5200/6033/5200 5199/6032/5199
f 5180/6013/5180 5181/6014/5181 5201/6034/5201 5200/6033/5200
f 5181/6014/5181 5182/6015/5182 5202/6035/5202 5201/6034/5201
f 5182/6015/5182 5183/6016/5183 5203/6036/5203 5202/6035/5202
f 5183/6016/5183 5184/6017/5184 5204/6037/5204 5203/6036/5203
f 5184/6017/5184 5185/6018/5185 5205/6038/5205 5204/6037/5204
f 5185/6018/5185 5186/6019/5186 5206/6039/5206 5205/6038/5205
f 5186/6019/5186 5187/6020/5187 5207/6040/5207 5206/6039/5206
f 5187/6020/5187 5188/6021/5188 5208/6041/5208 5207/6040/5207
f 5188/6021/5188 5189/6022/5189 5209/6042/5209 5208/6041/5208
f 5189/6022/5189 5190/6023/5190 5210/6043/5210 5209/6042/5209
f 5190/6023/5190 5191/6024/5191 5211/6044/5211 5210/6043/5210
f 5191/6024/5191 5192/6025/5192 5212/6045/5212 5211/6044/5211
f 5192/6025/5192 5173/6007/5173 5193/6027/5193 5212/6045/5212
f 5193/6046/5193 5194/6047/5194 5214/6048/5214 5213/6049/5213
f 5194/6047/5194 5195/6050/5195 5215/6051/5215 5214/6048/5214
f 5195/6050/5195 5196/6052/5196 5216/6053/5216 5215/6051/5215
f 5196/6052/5196 5197/6054/5197 5217/6055/5217 5216/6053/5216
f 5197/6054/5197 5198/6056/5198 5218/6057/5218 5217/6055/5217
f 5198/6056/5198 5199/6058/5199 5219/6059/5219 5218/6057/5218
f 5199/6058/5199 5200/6060/5200 5220/6061/5220 5219/6059/5219
f 5200/6060/5200 5201/6062/5201 5221/6063/5221 5220/6061/5220
f 5201/6062/5201 5202/6064/5202 5222/6065/5222 5221/6063/5221
f 5202/6064/5202 5203/6066/5203 5223/6067/5223 5222/6065/5222
f 5203/6066/5203 5204/6068/5204 5224/6069/5224 5223/6067/5223
f 5204/6068/5204 5205/6070/5205 5225/6071/5225 5224/6069/5224
f 5205/6070/5205 5206/6072/5206 5226/6073/5226 5225/6071/5225
f 5206/6072/5206 5207/6074/5207 5227/6075/5227 5226/6073/5226
f 5207/6074/5207 5208/6076/5208 5228/6077/5228 5227/6075/5227
f 5208/6076/5208 5209/6078/5209 5229/6079/5229 5228/6077/5228
f 5209/6078/5209 5210/6080/5210 5230/6081/5230 5229/6079/5229
f 5210/6080/5210 5211/6082/5211 5231/6083/5231 5230/6081/5230
f 5211/6082/5211 5212/6084/5212 5232/6085/5232 5231/6083/5231
f 5212/6084/5212 5193/6046/5193 5213/6049/5213 5232/6085/5232
f 5213/6049/5213 5214/6048/5214 5234/6086/5234 5233/6087/5233
f 5214/6048/5214 5215/6051/5215 5235/6088/5235 5234/6086/5234
f 5215/6051/5215 5216/6053/5216 5236/6089/5236 5235/6088/5235
f 5216/6053/5216 5217/6055/5217 5237/6090/5237 5236/6089/5236
f 5217/6055/5217 5218/6057/5218 5238/6091/5238 5237/6090/5237
f 5218/6057/5218 5219/6059/5219 5239/6092/5239 5238/6091/5238
f 5219/6059/5219 5220/6061/5220 5240/6093/5240 5239/6092/5239
f 5220/6061/5220 5221/6063/5221 5241/6094/5241 5240/6093/5240
f 5221/6063/5221 5222/6065/5222 5242/6095/5242 5241/6094/5241
f 5222/6065/5222 5223/6067/5223 5243/6096/5243 5242/6095/5242
f 5223/6067/5223 5224/6069/5224 5244/6097/5244 5243/6096/5243
f 5224/6069/5224 5225/6071/5225 5245/6098/5245 5244/6097/5244
f 5225/6071/5225 5226/6073/5226 5246/6099/5246 5245/6098/5245
f 5226/6073/5226 5227/6075/5227 5247/6100/5247 5246/6099/5246
f 5227/6075/5227 5228/6077/5228 5248/6101/5248 5247/6100/5247
f 5228/6077/5228 5229/6079/5229 5249/6102/5249 5248/6101/5248
f 5229/6079/5229 5230/6081/5230 5250/6103/5250 5249/6102/5249
f 5230/6081/5230 5231/6083/5231 5251/6104/5251 5250/6103/5250
f 5231/6083/5231 5232/6085/5232 5252/6105/5252 5251/6104/5251
f 5232/6085/5232 5213/6049/5213 5233/6087/5233 5252/6105/5252
f 5233/6087/5233 5234/6086/5234 5254/6106/5254 5253/6107/5253
f 5234/6086/5234 5235/6088/5235 5255/6108/5255 5254/6106/5254
f 5235/6088/5235 5236/6089/5236 5256/6109/5256 5255/6108/5255
f 5236/6089/5236 5237/6090/5237 5257/6110/5257 5256/6109/5256
f 5237/6090/5237 5238/6091/5238 5258/6111/5258 5257/6110/5257
f 5238/6091/5238 5239/6092/5239 5259/6112/5259 5258/6111/5258
f 5239/6092/5239 5240/6093/5240 5260/6113/5260 5259/6112/5259
f 5240/6093/5240 5241/6094/5241 5261/6114/5261 5260/6113/5260
f 5241/6094/5241 5242/6095/5242 5262/6115/5262 5261/6114/5261
f 5242/6095/5242 5243/6096/5243 5263/6116/5263 5262/6115/5262
f 5243/6096/5243 5244/6097/5244 5264/6117/5264 5263/6116/5263
f 5244/6097/5244 5245/6098/5245 5265/6118/5265 5264/6117/5264
f 5245/6098/5245 5246/6099/5246 5266/6119/5266 5265/6118/5265
f 5246/6099/5246 5247/6100/5247 5267/6120/5267 5266/6119/5266
f 5247/6100/5247 5248/6101/5248 5268/6121/5268 5267/6120/5267
f 5248/6101/5248 5249/6102/5249 5269/6122/5269 5268/6121/5268
f 5249/6102/5249 5250/6103/5250 5270/6123/5270 5269/6122/5269
f 5250/6103/5250 5251/6104/5251 5271/6124/5271 5270/6123/5270
f 5251/6104/5251 5252/6105/5252 5272/6125/5272 5271/6124/5271
f 5252/6105/5252 5233/6087/5233 5253/6107/5253 5272/6125/5272
f 5253/6107/5253 5254/6106/5254 5274/6126/5274 5273/6127/5273
f 5254/6106/5254 5255/6108/5255 5275/6128/5275 5274/6126/5274
f 5255/6108/5255 5256/6109/5256 5276/6129/5276 5275/6128/5275
f 5256/6109/5256 5257/6110/5257 5277/6130/5277 5276/6129/5276
f 5257/6110/5257 5258/6111/5258 5278/6131/5278 5277/6130/5277
f 5258/6111/5258 5259/6112/5259 5279/6132/5279 5278/6131/5278
f 5259/6112/5259 5260/6113/5260 5280/6133/5280 5279/6132/5279
f 5260/6113/5260 5261/6114/5261 5281/6134/5281 5280/6133/5280
f 5261/6114/5261 5262/6115/5262 5282/6135/5282 5281/6134/5281
f 5262/6115/5262 5263/6116/5263 5283/6136/5283 5282/6135/5282
f 5263/6116/5263 5264/6117/5264 5284/6137/5284 5283/6136/5283
f 5264/6117/5264 5265/6118/5265 5285/6138/5285 5284/6137/5284
f 5265/6118/5265 5266/6119/5266 5286/6139/5286 5285/6138/5285
f 5266/6119/5266 5267/6120/5267 5287/6140/5287 5286/6139/5286
f 5267/6120/5267 5268/6121/5268 5288/6141/5288 5287/6140/5287
f 5268/6121/5268 5269/6122/5269 5289/6142/5289 5288/6141/5288
f 5269/6122/5269 5270/6123/5270 5290/6143/5290 5289/6142/5289
f 5270/6123/5270 5271/6124/5271 5291/6144/5291 5290/6143/5290
f 5271/6124/5271 5272/6125/5272 5292/6145/5292 5291/6144/5291
f 5272/6125/5272 5253/6107/5253 5273/6127/5273 5292/6145/5292
f 5273/6127/5273 5274/6126/5274 5294/6146/5294 5293/6147/5293
f 5274/6126/5274 5275/6128/5275 5295/6148/5295 5294/6146/5294
f 5275/6128/5275 5276/6129/5276 5296/6149/5296 5295/6148/5295
f 5276/6129/5276 5277/6130/5277 5297/6150/5297 5296/6149/5296
f 5277/6130/5277 5278/6131/5278 5298/6151/5298 5297/6150/5297
f 5278/6131/5278 5279/6132/5279 5299/6152/5299 5298/6151/5298
f 5279/6132/5279 5280/6133/5280 5300/6153/5300 5299/6152/5299
f 5280/6133/5280 5281/6134/5281 5301/6154/5301 5300/6153/5300
f 5281/6134/5281 5282/6135/5282 5302/6155/5302 5301/6154/5301
f 5282/6135/5282 5283/6136/5283 5303/6156/5303 5302/6155/5302
f 5283/6136/5283 5284/6137/5284 5304/6157/5304 5303/6156/5303
f 5284/6137/5284 5285/6138/5285 5305/6158/5305 5304/6157/5304
f 5285/6138/5285 5286/6139/5286 5306/6159/5306 5305/6158/5305
f 5286/6139/5286 5287/6140/5287 5307/6160/5307 5306/6159/5306
f 5287/6140/5287 5288/6141/5288 5308/6161/5308 5307/6160/5307
f 5288/6141/5288 5289/6142/5289 5309/6162/5309 5308/6161/5308
f 5289/6142/5289 5290/6143/5290 5310/6163/5310 5309/6162/5309
f 5290/6143/5290 5291/6144/5291 5311/6164/5311 5310/6163/5310
f 5291/6144/5291 5292/6145/5292 5312/6165/5312 5311/6164/5311
f 5292/6145/5292 5273/6127/5273 5293/6147/5293 5312/6165/5312
f 5293/6147/5293 5294/6146/5294 5314/6166/5314 5313/6167/5313
f 5294/6146/5294 5295/6148/5295 5315/6168/5315 5314/6166/5314
f 5295/6148/5295 5296/6149/5296 5316/6169/5316 5315/6168/5315
f 5296/6149/5296 5297/6150/5297 5317/6170/5317 5316/6169/5316
f 5297/6150/5297 5298/6151/5298 5318/6171/5318 5317/6170/5317
f 5298/6151/5298 5299/6152/5299 5319/6172/5319 5318/6171/5318
f 5299/6152/5299 5300/6153/5300 5320/6173/5320 5319/6172/5319
f 5300/6153/5300 5301/6154/5301 5321/6174/5321 5320/6173/5320
f 5301/6154/5301 5302/6155/5302 5322/6175/5322 5321/6174/5321
f 5302/6155/5302 5303/6156/5303 5323/6176/5323 5322/6175/5322
f 5303/6156/5303 5304/6157/5304 5324/6177/5324 5323/6176/5323
f 5304/6157/5304 5305/6158/5305 5325/6178/5325 5324/6177/5324
f 5305/6158/5305 5306/6159/5306 5326/6179/5326 5325/6178/5325
f 5306/6159/5306 5307/6160/5307 5327/6180/5327 5326/6179/5326
f 5307/6160/5307 5308/6161/5308 5328/6181/5328 5327/6180/5327
f 5308/6161/5308 5309/6162/5309 5329/6182/5329 5328/6181/5328
f 5309/6162/5309 5310/6163/5310 5330/6183/5330 5329/6182/5329
f 5310/6163/5310 5311/6164/5311 5331/6184/5331 5330/6183/5330
f 5311/6164/5311 5312/6165/5312 5332/6185/5332 5331/6184/5331
f 5312/6165/5312 5293/6147/5293 5313/6167/5313 5332/6185/5332
f 5313/6167/5313 5314/6166/5314 5334/5382/5334 5333/5383/5333
f 5314/6166/5314 5315/6168/5315 5335/5384/5335 5334/5382/5334
f 5315/6168/5315 5316/6169/5316 5336/5385/5336 5335/5384/5335
f 5316/6169/5316 5317/6170/5317 5337/5386/5337 5336/5385/5336
f 5317/6170/5317 5318/6171/5318 5338/5387/5338 5337/5386/5337
f 5318/6171/5318 5319/6172/5319 5339/5388/5339 5338/5387/5338
f 5319/6172/5319 5320/6173/5320 5340/5389/5340 5339/5388/5339
f 5320/6173/5320 5321/6174/5321 5341/5390/5341 5340/5389/5340
f 5321/6174/5321 5322/6175/5322 5342/5391/5342 5341/5390/5341
f 5322/6175/5322 5323/6176/5323 5343/5392/5343 5342/5391/5342
f 5323/6176/5323 5324/6177/5324 5344/5393/5344 5343/5392/5343
f 5324/6177/5324 5325/6178/5325 5345/5394/5345 5344/5393/5344
f 5325/6178/5325 5326/6179/5326 5346/5395/5346 5345/5394/5345
f 5326/6179/5326 5327/6180/5327 5347/5396/5347 5346/5395/5346
f 5327/6180/5327 5328/6181/5328 5348/5397/5348 5347/5396/5347
f 5328/6181/5328 5329/6182/5329 5349/5398/5349 5348/5397/5348
f 5329/6182/5329 5330/6183/5330 5350/5399/5350 5349/5398/5349
f 5330/6183/5330 5331/6184/5331 5351/5400/5351 5350/5399/5350
f 5331/6184/5331 5332/6185/5332 5352/5401/5352 5351/5400/5351
f 5332/6185/5332 5313/6167/5313 5333/5383/5333 5352/5401/5352
f 5333/5383/5333 5334/5382/5334 5354/5402/5354 5353/5403/5353
f 5334/5382/5334 5335/5384/5335 5355/5404/5355 5354/5402/5354
f 5335/5384/5335 5336/5385/5336 5356/5405/5356 5355/5404/5355
f 5336/5385/5336 5337/5386/5337 5357/5406/5357 5356/5405/5356
f 5337/5386/5337 5338/5387/5338 5358/5407/5358 5357/5406/5357
f 5338/5387/5338 5339/5388/5339 5359/5408/5359 5358/5407/5358
f 5339/5388/5339 5340/5389/5340 5360/5409/5360 5359/5408/5359
f 5340/5389/5340 5341/5390/5341 5361/5410/5361 5360/5409/5360
f 5341/5390/5341 5342/5391/5342 5362/5411/5362 5361/5410/5361
f 5342/5391/5342 5343/5392/5343 5363/5412/5363 5362/5411/5362
f 5343/5392/5343 5344/5393/5344 5364/5413/5364 5363/5412/5363
f 5344/5393/5344 5345/5394/5345 5365/5414/5365 5364/5413/5364
f 5345/5394/5345 5346/5395/5346 5366/5415/5366 5365/5414/5365
f 5346/5395/5346 5347/5396/5347 5367/5416/5367 5366/5415/5366
f 5347/5396/5347 5348/5397/5348 5368/5417/5368 5367/5416/5367
f 5348/5397/5348 5349/5398/5349 5369/5418/5369 5368/5417/5368
f 5349/5398/5349 5350/5399/5350 5370/5419/5370 5369/5418/5369
f 5350/5399/5350 5351/5400/5351 5371/5420/5371 5370/5419/5370
f 5351/5400/5351 5352/5401/5352 5372/5421/5372 5371/5420/5371
f 5352/5401/5352 5333/5383/5333 5353/5403/5353 5372/5421/5372
f 5353/5403/5353 5354/5402/5354 5374/5422/5374 5373/5423/5373
f 5354/5402/5354 5355/5404/5355 5375/5424/5375 5374/5422/5374
f 5355/5404/5355 5356/5405/5356 5376/5425/5376 5375/5424/5375
f 5356/5405/5356 5357/5406/5357 5377/5426/5377 5376/5425/5376
f 5357/5406/5357 5358/5407/5358 5378/5427/5378 5377/5426/5377
f 5358/5407/5358 5359/5408/5359 5379/5428/5379 5378/5427/5378
f 5359/5408/5359 5360/5409/5360 5380/5429/5380 5379/5428/5379
f 5360/5409/5360 5361/5410/5361 5381/5430/5381 5380/5429/5380
f 5361/5410/5361 5362/5411/5362 5382/5431/5382 5381/5430/5381
f 5362/5411/5362 5363/5412/5363 5383/5432/5383 5382/5431/5382
f 5363/5412/5363 5364/5413/5364 5384/5433/5384 5383/5432/5383
f 5364/5413/5364 5365/5414/5365 5385/5434/5385 5384/5433/5384
f 5365/5414/5365 5366/5415/5366 5386/5435/5386 5385/5434/5385
f 5366/5415/5366 5367/5416/5367 5387/5436/5387 5386/5435/5386
f 5367/5416/5367 5368/5417/5368 5388/5437/5388 5387/5436/5387
f 5368/5417/5368 5369/5418/5369 5389/5438/5389 5388/5437/5388
f 5369/5418/5369 5370/5419/5370 5390/5439/5390 5389/5438/5389
f 5370/5419/5370 5371/5420/5371 5391/5440/5391 5390/5439/5390
f 5371/5420/5371 5372/5421/5372 5392/5441/5392 5391/5440/5391
f 5372/5421/5372 5353/5403/5353 5373/5423/5373 5392/5441/5392
f 5373/5423/5373 5374/5422/5374 5394/5442/5394 5393/5443/5393
f 5374/5422/5374 5375/5424/5375 5395/5444/5395 5394/5442/5394
f 5375/5424/5375 5376/5425/5376 5396/5445/5396 5395/5444/5395
f 5376/5425/5376 5377/5426/5377 5397/5446/5397 5396/5445/5396
f 5377/5426/5377 5378/5427/5378 5398/5447/5398 5397/5446/5397
f 5378/5427/5378 5379/5428/5379 5399/5448/5399 5398/5447/5398
f 5379/5428/5379 5380/5429/5380 5400/5449/5400 5399/5448/5399
f 5380/5429/5380 5381/5430/5381 5401/5450/5401 5400/5449/5400
f 5381/5430/5381 5382/5431/5382 5402/5451/5402 5401/5450/5401
f 5382/5431/5382 5383/5432/5383 5403/5452/5403 5402/5451/5402
f 5383/5432/5383 5384/5433/5384 5404/5453/5404 5403/5452/5403
f 5384/5433/5384 5385/5434/5385 5405/5454/5405 5404/5453/5404
f 5385/5434/5385 5386/5435/5386 5406/5455/5406 5405/5454/5405
f 5386/5435/5386 5387/5436/5387 5407/5456/5407 5406/5455/5406
f 5387/5436/5387 5388/5437/5388 5408/5457/5408 5407/5456/5407
f 5388/5437/5388 5389/5438/5389 5409/5458/5409 5408/5457/5408
f 5389/5438/5389 5390/5439/5390 5410/5459/5410 5409/5458/5409
f 5390/5439/5390 5391/5440/5391 5411/5460/5411 5410/5459/5410
f 5391/5440/5391 5392/5441/5392 5412/5461/5412 5411/5460/5411
f 5392/5441/5392 5373/5423/5373 5393/5443/5393 5412/5461/5412
f 5393/5443/5393 5394/5442/5394 5414/5462/5414 5413/5463/5413
f 5394/5442/5394 5395/5444/5395 5415/5464/5415 5414/5462/5414
f 5395/5444/5395 5396/5445/5396 5416/5465/5416 5415/5464/5415
f 5396/5445/5396 5397/5446/5397 5417/5466/5417 5416/5465/5416
f 5397/5446/5397 5398/5447/5398 5418/5467/5418 5417/5466/5417
f 5398/5447/5398 5399/5448/5399 5419/5468/5419 5418/5467/5418
f 5399/5448/5399 5400/5449/5400 5420/5469/5420 5419/5468/5419
f 5400/5449/5400 5401/5450/5401 5421/5470/5421 5420/5469/5420
f 5401/5450/5401 5402/5451/5402 5422/5471/5422 5421/5470/5421
f 5402/5451/5402 5403/5452/5403 5423/5472/5423 5422/5471/5422
f 5403/5452/5403 5404/5453/5404 5424/5473/5424 5423/5472/5423
f 5404/5453/5404 5405/5454/5405 5425/5474/5425 5424/5473/5424
f 5405/5454/5405 5406/5455/5406 5426/5475/5426 5425/5474/5425
f 5406/5455/5406 5407/5456/5407 5427/5476/5427 5426/5475/5426
f 5407/5456/5407 5408/5457/5408 5428/5477/5428 5427/5476/5427
f 5408/5457/5408 5409/5458/5409 5429/5478/5429 5428/5477/5428
f 5409/5458/5409 5410/5459/5410 5430/5479/5430 5429/5478/5429
f 5410/5459/5410 5411/5460/5411 5431/5480/5431 5430/5479/5430
f 5411/5460/5411 5412/5461/5412 5432/5481/5432 5431/5480/5431
f 5412/5461/5412 5393/5443/5393 5413/5463/5413 5432/5481/5432
f 5054/5887/5054 5053/5886/5053 5433/5482/5433
f 5055/5890/5055 5054/5887/5054 5433/5482/5433
f 5056/5892/5056 5055/5890/5055 5433/5482/5433
f 5057/5894/5057 5056/5892/5056 5433/5482/5433
f 5058/5896/5058 5057/5894/5057 5433/5482/5433
f 5059/5898/5059 5058/5896/5058 5433/5482/5433
f 5060/5900/5060 5059/5898/5059 5433/5482/5433
f 5061/5902/5061 5060/5900/5060 5433/5482/5433
f 5062/5904/5062 5061/5902/5061 5433/5482/5433
f 5063/5906/5063 5062/5904/5062 5433/5482/5433
f 5064/5908/5064 5063/5906/5063 5433/5482/5433
f 5065/5910/5065 5064/5908/5064 5433/5482/5433
f 5066/5912/5066 5065/5910/5065 5433/5482/5433
f 5067/5914/5067 5066/5912/5066 5433/5482/5433
f 5068/5916/5068 5067/5914/5067 5433/5482/5433
f 5069/5918/5069 5068/5916/5068 5433/5482/5433
f 5070/5920/5070 5069/5918/5069 5433/5482/5433
f 5071/5922/5071 5070/5920/5070 5433/5482/5433
f 5072/5924/5072 5071/5922/5071 5433/5482/5433
f 5053/5886/5053 5072/5924/5072 5433/5482/5433
f 5413/5463/5413 5414/5462/5414 5434/5483/5434
f 5414/5462/5414 5415/5464/5415 5434/5483/5434
f 5415/5464/5415 5416/5465/5416 5434/5483/5434
f 5416/5465/5416 5417/5466/5417 5434/5483/5434
f 5417/5466/5417 5418/5467/5418 5434/5483/5434
f 5418/5467/5418 5419/5468/5419 5434/5483/5434
f 5419/5468/5419 5420/5469/5420 5434/5483/5434
f 5420/5469/5420 5421/5470/5421 5434/5483/5434
f 5421/5470/5421 5422/5471/5422 5434/5483/5434
f 5422/5471/5422 5423/5472/5423 5434/5483/5434
f 5423/5472/5423 5424/5473/5424 5434/5483/5434
f 5424/5473/5424 5425/5474/5425 5434/5483/5434
f 5425/5474/5425 5426/5475/5426 5434/5483/5434
f 5426/5475/5426 5427/5476/5427 5434/5483/5434
f 5427/5476/5427 5428/5477/5428 5434/5483/5434
f 5428/5477/5428 5429/5478/5429 5434/5483/5434
f 5429/5478/5429 5430/5479/5430 5434/5483/5434
f 5430/5479/5430 5431/5480/5431 5434/5483/5434
f 5431/5480/5431 5432/5481/5432 5434/5483/5434
f 5432/5481/5432 5413/5463/5413 5434/5483/5434
f 5435/5484/5435 5455/5485/5455 5456/5486/5456 5436/5487/5436
f 5436/5487/5436 5456/5486/5456 5457/5488/5457 5437/5489/5437
f 5437/5489/5437 5457/5488/5457 5458/5490/5458 5438/5491/5438
f 5438/5491/5438 5458/5490/5458 5459/5492/5459 5439/5493/5439
f 5439/5493/5439 5459/5492/5459 5460/5494/5460 5440/5495/5440
f 5440/5495/5440 5460/5494/5460 5461/5496/5461 5441/5497/5441
f 5441/5497/5441 5461/5496/5461 5462/5498/5462 5442/5499/5442
f 5442/5499/5442 5462/5498/5462 5463/5500/5463 5443/5501/5443
f 5443/5501/5443 5463/5500/5463 5464/5502/5464 5444/5503/5444
f 5444/5503/5444 5464/5502/5464 5465/5504/5465 5445/5505/5445
f 5445/5505/5445 5465/5504/5465 5466/5506/5466 5446/5507/5446
f 5446/5507/5446 5466/5506/5466 5467/5508/5467 5447/5509/5447
f 5447/5509/5447 5467/5508/5467 5468/5510/5468 5448/5511/5448
f 5448/5511/5448 5468/5510/5468 5469/5512/5469 5449/5513/5449
f 5449/5513/5449 5469/5512/5469 5470/5514/5470 5450/5515/5450
f 5450/5515/5450 5470/5514/5470 5471/5516/5471 5451/5517/5451
f 5451/5517/5451 5471/5516/5471 5472/5518/5472 5452/5519/5452
f 5452/5519/5452 5472/5518/5472 5473/5520/5473 5453/5521/5453
f 5453/5521/5453 5473/5520/5473 5474/5522/5474 5454/5523/5454
f 5454/5523/5454 5474/5522/5474 5455/5485/5455 5435/5484/5435
f 5455/5485/5455 5475/5524/5475 5476/5525/5476 5456/5486/5456
f 5456/5486/5456 5476/5525/5476 5477/5526/5477 5457/5488/5457
f 5457/5488/5457 5477/5526/5477 5478/5527/5478 5458/5490/5458
f 5458/5490/5458 5478/5527/5478 5479/5528/5479 5459/5492/5459
f 5459/5492/5459 5479/5528/5479 5480/5529/5480 5460/5494/5460
f 5460/5494/5460 5480/5529/5480 5481/5530/5481 5461/5496/5461
f 5461/5496/5461 5481/5530/5481 5482/5531/5482 5462/5498/5462
f 5462/5498/5462 5482/5531/5482 5483/5532/5483 5463/5500/5463
f 5463/5500/5463 5483/5532/5483 5484/5533/5484 5464/5502/5464
f 5464/5502/5464 5484/5533/5484 5485/5534/5485 5465/5504/5465
f 5465/5504/5465 5485/5534/5485 5486/5535/5486 5466/5506/5466
f 5466/5506/5466 5486/5535/5486 5487/5536/5487 5467/5508/5467
f 5467/5508/5467 5487/5536/5487 5488/5537/5488 5468/5510/5468
f 5468/5510/5468 5488/5537/5488 5489/5538/5489 5469/5512/5469
f 5469/5512/5469 5489/5538/5489 5490/5539/5490 5470/5514/5470
f 5470/5514/5470 5490/5539/5490 5491/5540/5491 5471/5516/5471
f 5471/5516/5471 5491/5540/5491 5492/5541/5492 5472/5518/5472
f 5472/5518/5472 5492/5541/5492 5493/5542/5493 5473/5520/5473
f 5473/5520/5473 5493/5542/5493 5494/5543/5494 5474/5522/5474
f 5474/5522/5474 5494/5543/5494 5475/5524/5475 5455/5485/5455
f 5475/5524/5475 5495/5544/5495 5496/5545/5496 5476/5525/5476
f 5476/5525/5476 5496/5545/5496 5497/5546/5497 5477/5526/5477
f 5477/5526/5477 5497/5546/5497 5498/5547/5498 5478/5527/5478
f 5478/5527/5478 5498/5547/5498 5499/5548/5499 5479/5528/5479
f 5479/5528/5479 5499/5548/5499 5500/5549/5500 5480/5529/5480
f 5480/5529/5480 5500/5549/5500 5501/5550/5501 5481/5530/5481
f 5481/5530/5481 5501/5550/5501 5502/5551/5502 5482/5531/5482
f 5482/5531/5482 5502/5551/5502 5503/5552/5503 5483/5532/5483
f 5483/5532/5483 5503/5552/5503 5504/5553/5504 5484/5533/5484
f 5484/5533/5484 5504/5553/5504 5505/5554/5505 5485/5534/5485
f 5485/5534/5485 5505/5554/5505 5506/5555/5506 5486/5535/5486
f 5486/5535/5486 5506/5555/5506 5507/5556/5507 5487/5536/5487
f 5487/5536/5487 5507/5556/5507 5508/5557/5508 5488/5537/5488
f 5488/5537/5488 5508/5557/5508 5509/5558/5509 5489/5538/5489
f 5489/5538/5489 5509/5558/5509 5510/5559/5510 5490/5539/5490
f 5490/5539/5490 5510/5559/5510 5511/5560/5511 5491/5540/5491
f 5491/5540/5491 5511/5560/5511 5512/5561/5512 5492/5541/5492
f 5492/5541/5492 5512/5561/5512 5513/5562/5513 5493/5542/5493
f 5493/5542/5493 5513/5562/5513 5514/5563/5514 5494/5543/5494
f 5494/5543/5494 5514/5563/5514 5495/5544/5495 5475/5524/5475
f 5495/5544/5495 5515/5564/5515 5516/5565/5516 5496/5545/5496
f 5496/5545/5496 5516/5565/5516 5517/5566/5517 5497/5546/5497
f 5497/5546/5497 5517/5566/5517 5518/5567/5518 5498/5547/5498
f 5498/5547/5498 5518/5567/5518 5519/5568/5519 5499/5548/5499
f 5499/5548/5499 5519/5568/5519 5520/5569/5520 5500/5549/5500
f 5500/5549/5500 5520/5569/5520 5521/5570/5521 5501/5550/5501
f 5501/5550/5501 5521/5570/5521 5522/5571/5522 5502/5551/5502
f 5502/5551/5502 5522/5571/5522 5523/5572/5523 5503/5552/5503
f 5503/5552/5503 5523/5572/5523 5524/5573/5524 5504/5553/5504
f 5504/5553/5504 5524/5573/5524 5525/5574/5525 5505/5554/5505
f 5505/5554/5505 5525/5574/5525 5526/5575/5526 5506/5555/5506
f 5506/5555/5506 5526/5575/5526 5527/5576/5527 5507/5556/5507
f 5507/5556/5507 5527/5576/5527 5528/5577/5528 5508/5557/5508
f 5508/5557/5508 5528/5577/5528 5529/5578/5529 5509/5558/5509
f 5509/5558/5509 5529/5578/5529 5530/5579/5530 5510/5559/5510
f 5510/5559/5510 5530/5579/5530 5531/5580/5531 5511/5560/5511
f 5511/5560/5511 5531/5580/5531 5532/5581/5532 5512/5561/5512
f 5512/5561/5512 5532/5581/5532 5533/5582/5533 5513/5562/5513
f 5513/5562/5513 5533/5582/5533 5534/5583/5534 5514/5563/5514
f 5514/5563/5514 5534/5583/5534 5515/5564/5515 5495/5544/5495
f 5515/5564/5515 5535/5584/5535 5536/5585/5536 5516/5565/5516
f 5516/5565/5516 5536/5585/5536 5537/5586/5537 5517/5566/5517
f 5517/5566/5517 5537/5586/5537 5538/5587/5538 5518/5567/5518
f 5518/5567/5518 5538/5587/5538 5539/5588/5539 5519/5568/5519
f 5519/5568/5519 5539/5588/5539 5540/5589/5540 5520/5569/5520
f 5520/5569/5520 5540/5589/5540 5541/5590/5541 5521/5570/5521
f 5521/5570/5521 5541/5590/5541 5542/5591/5542 5522/5571/5522
f 5522/5571/5522 5542/5591/5542 5543/5592/5543 5523/5572/5523
f 5523/5572/5523 5543/5592/5543 5544/5593/5544 5524/5573/5524
f 5524/5573/5524 5544/5593/5544 5545/5594/5545 5525/5574/5525
f 5525/5574/5525 5545/5594/5545 5546/5595/5546 5526/5575/5526
f 5526/5575/5526 5546/5595/5546 5547/5596/5547 5527/5576/5527
f 5527/5576/5527 5547/5596/5547 5548/5597/5548 5528/5577/5528
f 5528/5577/5528 5548/5597/5548 5549/5598/5549 5529/5578/5529
f 5529/5578/5529 5549/5598/5549 5550/5599/5550 5530/5579/5530
f 5530/5579/5530 5550/5599/5550 5551/5600/5551 5531/5580/5531
f 5531/5580/5531 5551/5600/5551 5552/5601/5552 5532/5581/5532
f 5532/5581/5532 5552/5601/5552 5553/5602/5553 5533/5582/5533
f 5533/5582/5533 5553/5602/5553 5554/5603/5554 5534/5583/5534
f 5534/5583/5534 5554/5603/5554 5535/5584/5535 5515/5564/5515
f 5535/5584/5535 5555/5604/5555 5556/5605/5556 5536/5585/5536
f 5536/5585/5536 5556/5605/5556 5557/5606/5557 5537/5586/5537
f 5537/5586/5537 5557/5606/5557 5558/5607/5558 5538/5587/5538
f 5538/5587/5538 5558/5607/5558 5559/5608/5559 5539/5588/5539
f 5539/5588/5539 5559/5608/5559 5560/5609/5560 5540/5589/5540
f 5540/5589/5540 5560/5609/5560 5561/5610/5561 5541/5590/5541
f 5541/5590/5541 5561/5610/5561 5562/5611/5562 5542/5591/5542
f 5542/5591/5542 5562/5611/5562 5563/5612/5563 5543/5592/5543
f 5543/5592/5543 5563/5612/5563 5564/5613/5564 5544/5593/5544
f 5544/5593/5544 5564/5613/5564 5565/5614/5565 5545/5594/5545
f 5545/5594/5545 5565/5614/5565 5566/5615/5566 5546/5595/5546
f 5546/5595/5546 5566/5615/5566 5567/5616/5567 5547/5596/5547
f 5547/5596/5547 5567/5616/5567 5568/5617/5568 5548/5597/5548
f 5548/5597/5548 5568/5617/5568 5569/5618/5569 5549/5598/5549
f 5549/5598/5549 5569/5618/5569 5570/5619/5570 5550/5599/5550
f 5550/5599/5550 5570/5619/5570 5571/5620/5571 5551/5600/5551
f 5551/5600/5551 5571/5620/5571 5572/5621/5572 5552/5601/5552
f 5552/5601/5552 5572/5621/5572 5573/5622/5573 5553/5602/5553
f 5553/5602/5553 5573/5622/5573 5574/5623/5574 5554/5603/5554
f 5554/5603/5554 5574/5623/5574 5555/5604/5555 5535/5584/5535
f 5555/5604/5555 5575/5624/5575 5576/5625/5576 5556/5605/5556
f 5556/5605/5556 5576/5625/5576 5577/5626/5577 5557/5606/5557
f 5557/5606/5557 5577/5626/5577 5578/5627/5578 5558/5607/5558
f 5558/5607/5558 5578/5627/5578 5579/5628/5579 5559/5608/5559
f 5559/5608/5559 5579/5628/5579 5580/5629/5580 5560/5609/5560
f 5560/5609/5560 5580/5629/5580 5581/5630/5581 5561/5610/5561
f 5561/5610/5561 5581/5630/5581 5582/5631/5582 5562/5611/5562
f 5562/5611/5562 5582/5631/5582 5583/5632/5583 5563/5612/5563
f 5563/5612/5563 5583/5632/5583 5584/5633/5584 5564/5613/5564
f 5564/5613/5564 5584/5633/5584 5585/5634/5585 5565/5614/5565
f 5565/5614/5565 5585/5634/5585 5586/5635/5586 5566/5615/5566
f 5566/5615/5566 5586/5635/5586 5587/5636/5587 5567/5616/5567
f 5567/5616/5567 5587/5636/5587 5588/5637/5588 5568/5617/5568
f 5568/5617/5568 5588/5637/5588 5589/5638/5589 5569/5618/5569
f 5569/5618/5569 5589/5638/5589 5590/5639/5590 5570/5619/5570
f 5570/5619/5570 5590/5639/5590 5591/5640/5591 5571/5620/5571
f 5571/5620/5571 5591/5640/5591 5592/5641/5592 5572/5621/5572
f 5572/5621/5572 5592/5641/5592 5593/5642/5593 5573/5622/5573
f 5573/5622/5573 5593/5642/5593 5594/5643/5594 5574/5623/5574
f 5574/5623/5574 5594/5643/5594 5575/5624/5575 5555/5604/5555
f 5575/5644/5575 5595/5645/5595 5596/5646/5596 5576/5647/5576
f 5576/5647/5576 5596/5646/5596 5597/5648/5597 5577/5649/5577
f 5577/5649/5577 5597/5648/5597 5598/5650/5598 5578/5651/5578
f 5578/5651/5578 5598/5650/5598 5599/5652/5599 5579/5653/5579
f 5579/5653/5579 5599/5652/5599 5600/5654/5600 5580/5655/5580
f 5580/5655/5580 5600/5654/5600 5601/5656/5601 5581/5657/5581
f 5581/5657/5581 5601/5656/5601 5602/5658/5602 5582/5659/5582
f 5582/5659/5582 5602/5658/5602 5603/5660/5603 5583/5661/5583
f 5583/5661/5583 5603/5660/5603 5604/5662/5604 5584/5663/5584
f 5584/5663/5584 5604/5662/5604 5605/5664/5605 5585/5665/5585
f 5585/5665/5585 5605/5664/5605 5606/5666/5606 5586/5667/5586
f 5586/5667/5586 5606/5666/5606 5607/5668/5607 5587/5669/5587
f 5587/5669/5587 5607/5668/5607 5608/5670/5608 5588/5671/5588
f 5588/5671/5588 5608/5670/5608 5609/5672/5609 5589/5673/5589
f 5589/5673/5589 5609/5672/5609 5610/5674/5610 5590/5675/5590
f 5590/5675/5590 5610/5674/5610 5611/5676/5611 5591/5677/5591
f 5591/5677/5591 5611/5676/5611 5612/5678/5612 5592/5679/5592
f 5592/5679/5592 5612/5678/5612 5613/5680/5613 5593/5681/5593
f 5593/5681/5593 5613/5680/5613 5614/5682/5614 5594/5683/5594
f 5594/5683/5594 5614/5682/5614 5595/5645/5595 5575/5644/5575
f 5595/5645/5595 5615/5684/5615 5616/5685/5616 5596/5646/5596
f 5596/5646/5596 5616/5685/5616 5617/5686/5617 5597/5648/5597
f 5597/5648/5597 5617/5686/5617 5618/5687/5618 5598/5650/5598
f 5598/5650/5598 5618/5687/5618 5619/5688/5619 5599/5652/5599
f 5599/5652/5599 5619/5688/5619 5620/5689/5620 5600/5654/5600
f 5600/5654/5600 5620/5689/5620 5621/5690/5621 5601/5656/5601
f 5601/5656/5601 5621/5690/5621 5622/5691/5622 5602/5658/5602
f 5602/5658/5602 5622/5691/5622 5623/5692/5623 5603/5660/5603
f 5603/5660/5603 5623/5692/5623 5624/5693/5624 5604/5662/5604
f 5604/5662/5604 5624/5693/5624 5625/5694/5625 5605/5664/5605
f 5605/5664/5605 5625/5694/5625 5626/5695/5626 5606/5666/5606
f 5606/5666/5606 5626/5695/5626 5627/5696/5627 5607/5668/5607
f 5607/5668/5607 5627/5696/5627 5628/5697/5628 5608/5670/5608
f 5608/5670/5608 5628/5697/5628 5629/5698/5629 5609/5672/5609
f 5609/5672/5609 5629/5698/5629 5630/5699/5630 5610/5674/5610
f 5610/5674/5610 5630/5699/5630 5631/5700/5631 5611/5676/5611
f 5611/5676/5611 5631/5700/5631 5632/5701/5632 5612/5678/5612
f 5612/5678/5612 5632/5701/5632 5633/5702/5633 5613/5680/5613
f 5613/5680/5613 5633/5702/5633 5634/5703/5634 5614/5682/5614
f 5614/5682/5614 5634/5703/5634 5615/5684/5615 5595/5645/5595
f 5615/5684/5615 5635/5704/5635 5636/5705/5636 5616/5685/5616
f 5616/5685/5616 5636/5705/5636 5637/5706/5637 5617/5686/5617
f 5617/5686/5617 5637/5706/5637 5638/5707/5638 5618/5687/5618
f 5618/5687/5618 5638/5707/5638 5639/5708/5639 5619/5688/5619
f 5619/5688/5619 5639/5708/5639 5640/5709/5640 5620/5689/5620
f 5620/5689/5620 5640/5709/5640 5641/5710/5641 5621/5690/5621
f 5621/5690/5621 5641/5710/5641 5642/5711/5642 5622/5691/5622
f 5622/5691/5622 5642/5711/5642 5643/5712/5643 5623/5692/5623
f 5623/5692/5623 5643/5712/5643 5644/5713/5644 5624/5693/5624
f 5624/5693/5624 5644/5713/5644 5645/5714/5645 5625/5694/5625
f 5625/5694/5625 5645/5714/5645 5646/5715/5646 5626/5695/5626
f 5626/5695/5626 5646/5715/5646 5647/5716/5647 5627/5696/5627
f 5627/5696/5627 5647/5716/5647 5648/5717/5648 5628/5697/5628
f 5628/5697/5628 5648/5717/5648 5649/5718/5649 5629/5698/5629
f 5629/5698/5629 5649/5718/5649 5650/5719/5650 5630/5699/5630
f 5630/5699/5630 5650/5719/5650 5651/5720/5651 5631/5700/5631
f 5631/5700/5631 5651/5720/5651 5652/5721/5652 5632/5701/5632
f 5632/5701/5632 5652/5721/5652 5653/5722/5653 5633/5702/5633
f 5633/5702/5633 5653/5722/5653 5654/5723/5654 5634/5703/5634
f 5634/5703/5634 5654/5723/5654 5635/5704/5635 5615/5684/5615
f 5635/5704/5635 5655/5724/5655 5656/5725/5656 5636/5705/5636
f 5636/5705/5636 5656/5725/5656 5657/5726/5657 5637/5706/5637
f 5637/5706/5637 5657/5726/5657 5658/5727/5658 5638/5707/5638
f 5638/5707/5638 5658/5727/5658 5659/5728/5659 5639/5708/5639
f 5639/5708/5639 5659/5728/5659 5660/5729/5660 5640/5709/5640
f 5640/5709/5640 5660/5729/5660 5661/5730/5661 5641/5710/5641
f 5641/5710/5641 5661/5730/5661 5662/5731/5662 5642/5711/5642
f 5642/5711/5642 5662/5731/5662 5663/5732/5663 5643/5712/5643
f 5643/5712/5643 5663/5732/5663 5664/5733/5664 5644/5713/5644
f 5644/5713/5644 5664/5733/5664 5665/5734/5665 5645/5714/5645
f 5645/5714/5645 5665/5734/5665 5666/5735/5666 5646/5715/5646
f 5646/5715/5646 5666/5735/5666 5667/5736/5667 5647/5716/5647
f 5647/5716/5647 5667/5736/5667 5668/5737/5668 5648/5717/5648
f 5648/5717/5648 5668/5737/5668 5669/5738/5669 5649/5718/5649
f 5649/5718/5649 5669/5738/5669 5670/5739/5670 5650/5719/5650
f 5650/5719/5650 5670/5739/5670 5671/5740/5671 5651/5720/5651
f 5651/5720/5651 5671/5740/5671 5672/5741/5672 5652/5721/5652
f 5652/5721/5652 5672/5741/5672 5673/5742/5673 5653/5722/5653
f 5653/5722/5653 5673/5742/5673 5674/5743/5674 5654/5723/5654
f 5654/5723/5654 5674/5743/5674 5655/5724/5655 5635/5704/5635
f 5655/5724/5655 5675/5744/5675 5676/5745/5676 5656/5725/5656
f 5656/5725/5656 5676/5745/5676 5677/5746/5677 5657/5726/5657
f 5657/5726/5657 5677/5746/5677 5678/5747/5678 5658/5727/5658
f 5658/5727/5658 5678/5747/5678 5679/5748/5679 5659/5728/5659
f 5659/5728/5659 5679/5748/5679 5680/5749/5680 5660/5729/5660
f 5660/5729/5660 5680/5749/5680 5681/5750/5681 5661/5730/5661
f 5661/5730/5661 5681/5750/5681 5682/5751/5682 5662/5731/5662
f 5662/5731/5662 5682/5751/5682 5683/5752/5683 5663/5732/5663
f 5663/5732/5663 5683/5752/5683 5684/5753/5684 5664/5733/5664
f 5664/5733/5664 5684/5753/5684 5685/5754/5685 5665/5734/5665
f 5665/5734/5665 5685/5754/5685 5686/5755/5686 5666/5735/5666
f 5666/5735/5666 5686/5755/5686 5687/5756/5687 5667/5736/5667
f 5667/5736/5667 5687/5756/5687 5688/5757/5688 5668/5737/5668
f 5668/5737/5668 5688/5757/5688 4925/5758/4925 5669/5738/5669
f 5669/5738/5669 4925/5758/4925 4926/5759/4926 5670/5739/5670
f 5670/5739/5670 4926/5759/4926 4927/5760/4927 5671/5740/5671
f 5671/5740/5671 4927/5760/4927 4928/5761/4928 5672/5741/5672
f 5672/5741/5672 4928/5761/4928 4929/5762/4929 5673/5742/5673
f 5673/5742/5673 4929/5762/4929 4930/5763/4930 5674/5743/5674
f 5674/5743/5674 4930/5763/4930 5675/5744/5675 5655/5724/5655
f 5675/5744/5675 4931/5764/4931 4932/5765/4932 5676/5745/5676
f 5676/5745/5676 4932/5765/4932 4933/5766/4933 5677/5746/5677
f 5677/5746/5677 4933/5766/4933 4934/5767/4934 5678/5747/5678
f 5678/5747/5678 4934/5767/4934 4935/5768/4935 5679/5748/5679
f 5679/5748/5679 4935/5768/4935 4936/5769/4936 5680/5749/5680
f 5680/5749/5680 4936/5769/4936 4937/5770/4937 5681/5750/5681
f 5681/5750/5681 4937/5770/4937 4938/5771/4938 5682/5751/5682
f 5682/5751/5682 4938/5771/4938 4939/5772/4939 5683/5752/5683
f 5683/5752/5683 4939/5772/4939 4940/5773/4940 5684/5753/5684
f 5684/5753/5684 4940/5773/4940 4941/5774/4941 5685/5754/5685
f 5685/5754/5685 4941/5774/4941 4942/5775/4942 5686/5755/5686
f 5686/5755/5686 4942/5775/4942 4943/5776/4943 5687/5756/5687
f 5687/5756/5687 4943/5776/4943 4944/5777/4944 5688/5757/5688
f 5688/5757/5688 4944/5777/4944 4945/5778/4945 4925/5758/4925
f 4925/5758/4925 4945/5778/4945 4946/5779/4946 4926/5759/4926
f 4926/5759/4926 4946/5779/4946 4947/5780/4947 4927/5760/4927
f 4927/5760/4927 4947/5780/4947 4948/5781/4948 4928/5761/4928
f 4928/5761/4928 4948/5781/4948 4949/5782/4949 4929/5762/4929
f 4929/5762/4929 4949/5782/4949 4950/5783/4950 4930/5763/4930
f 4930/5763/4930 4950/5783/4950 4931/5764/4931 5675/5744/5675
f 4931/5764/4931 4951/5784/4951 4952/5785/4952 4932/5765/4932
f 4932/5765/4932 4952/5785/4952 4953/5786/4953 4933/5766/4933
f 4933/5766/4933 4953/5786/4953 4954/5787/4954 4934/5767/4934
f 4934/5767/4934 4954/5787/4954 4955/5788/4955 4935/5768/4935
f 4935/5768/4935 4955/5788/4955 4956/5789/4956 4936/5769/4936
f 4936/5769/4936 4956/5789/4956 4957/5790/4957 4937/5770/4937
f 4937/5770/4937 4957/5790/4957 4958/5791/4958 4938/5771/4938
f 4938/5771/4938 4958/5791/4958 4959/5792/4959 4939/5772/4939
f 4939/5772/4939 4959/5792/4959 4960/5793/4960 4940/5773/4940
f 4940/5773/4940 4960/5793/4960 4961/5794/4961 4941/5774/4941
f 4941/5774/4941 4961/5794/4961 4962/5795/4962 4942/5775/4942
f 4942/5775/4942 4962/5795/4962 4963/5796/4963 4943/5776/4943
f 4943/5776/4943 4963/5796/4963 4964/5797/4964 4944/5777/4944
f 4944/5777/4944 4964/5797/4964 4965/5798/4965 4945/5778/4945
f 4945/5778/4945 4965/5798/4965 4966/5799/4966 4946/5779/4946
f 4946/5779/4946 4966/5799/4966 4967/5800/4967 4947/5780/4947
f 4947/5780/4947 4967/5800/4967 4968/5801/4968 4948/5781/4948
f 4948/5781/4948 4968/5801/4968 4969/5802/4969 4949/5782/4949
f 4949/5782/4949 4969/5802/4969 4970/5803/4970 4950/5783/4950
f 4950/5783/4950 4970/5803/4970 4951/5784/4951 4931/5764/4931
f 4951/5784/4951 4971/5804/4971 4972/5805/4972 4952/5785/4952
f 4952/5785/4952 4972/5805/4972 4973/5806/4973 4953/5786/4953
f 4953/5786/4953 4973/5806/4973 4974/5807/4974 4954/5787/4954
f 4954/5787/4954 4974/5807/4974 4975/5808/4975 4955/5788/4955
f 4955/5788/4955 4975/5808/4975 4976/5809/4976 4956/5789/4956
f 4956/5789/4956 4976/5809/4976 4977/5810/4977 4957/5790/4957
f 4957/5790/4957 4977/5810/4977 4978/5811/4978 4958/5791/4958
f 4958/5791/4958 4978/5811/4978 4979/5812/4979 4959/5792/4959
f 4959/5792/4959 4979/5812/4979 4980/5813/4980 4960/5793/4960
f 4960/5793/4960 4980/5813/4980 4981/5814/4981 4961/5794/4961
f 4961/5794/4961 4981/5814/4981 4982/5815/4982 4962/5795/4962
f 4962/5795/4962 4982/5815/4982 4983/5816/4983 4963/5796/4963
f 4963/5796/4963 4983/5816/4983 4984/5817/4984 4964/5797/4964
f 4964/5797/4964 4984/5817/4984 4985/5818/4985 4965/5798/4965
f 4965/5798/4965 4985/5818/4985 4986/5819/4986 4966/5799/4966
f 4966/5799/4966 4986/5819/4986 4987/5820/4987 4967/5800/4967
f 4967/5800/4967 4987/5820/4987 4988/5821/4988 4968/5801/4968
f 4968/5801/4968 4988/5821/4988 4989/5822/4989 4969/5802/4969
f 4969/5802/4969 4989/5822/4989 4990/5823/4990 4970/5803/4970
f 4970/5803/4970 4990/5823/4990 4971/5804/4971 4951/5784/4951
f 4971/5804/4971 4991/5824/4991 4992/5825/4992 4972/5805/4972
f 4972/5805/4972 4992/5825/4992 4993/5826/4993 4973/5806/4973
f 4973/5806/4973 4993/5826/4993 4994/5827/4994 4974/5807/4974
f 4974/5807/4974 4994/5827/4994 4995/5828/4995 4975/5808/4975
f 4975/5808/4975 4995/5828/4995 4996/5829/4996 4976/5809/4976
f 4976/5809/4976 4996/5829/4996 4997/5830/4997 4977/5810/4977
f 4977/5810/4977 4997/5830/4997 4998/5831/4998 4978/5811/4978
f 4978/5811/4978 4998/5831/4998 4999/5832/4999 4979/5812/4979
f 4979/5812/4979 4999/5832/4999 5000/5833/5000 4980/5813/4980
f 4980/5813/4980 5000/5833/5000 5001/5834/5001 4981/5814/4981
f 4981/5814/4981 5001/5834/5001 5002/5835/5002 4982/5815/4982
f 4982/5815/4982 5002/5835/5002 5003/5836/5003 4983/5816/4983
f 4983/5816/4983 5003/5836/5003 5004/5837/5004 4984/5817/4984
f 4984/5817/4984 5004/5837/5004 5005/5838/5005 4985/5818/4985
f 4985/5818/4985 5005/5838/5005 5006/5839/5006 4986/5819/4986
f 4986/5819/4986 5006/5839/5006 5007/5840/5007 4987/5820/4987
f 4987/5820/4987 5007/5840/5007 5008/5841/5008 4988/5821/4988
f 4988/5821/4988 5008/5841/5008 5009/5842/5009 4989/5822/4989
f 4989/5822/4989 5009/5842/5009 5010/5843/5010 4990/5823/4990
f 4990/5823/4990 5010/5843/5010 4991/5824/4991 4971/5804/4971
f 4991/5824/4991 5011/5844/5011 5012/5845/5012 4992/5825/4992
f 4992/5825/4992 5012/5845/5012 5013/5846/5013 4993/5826/4993
f 4993/5826/4993 5013/5846/5013 5014/5847/5014 4994/5827/4994
f 4994/5827/4994 5014/5847/5014 5015/5848/5015 4995/5828/4995
f 4995/5828/4995 5015/5848/5015 5016/5849/5016 4996/5829/4996
f 4996/5829/4996 5016/5849/5016 5017/5850/5017 4997/5830/4997
f 4997/5830/4997 5017/5850/5017 5018/5851/5018 4998/5831/4998
f 4998/5831/4998 5018/5851/5018 5019/5852/5019 4999/5832/4999
f 4999/5832/4999 5019/5852/5019 5020/5853/5020 5000/5833/5000
f 5000/5833/5000 5020/5853/5020 5021/5854/5021 5001/5834/5001
f 5001/5834/5001 5021/5854/5021 5022/5855/5022 5002/5835/5002
f 5002/5835/5002 5022/5855/5022 5023/5856/5023 5003/5836/5003
f 5003/5836/5003 5023/5856/5023 5024/5857/5024 5004/5837/5004
f 5004/5837/5004 5024/5857/5024 5025/5858/5025 5005/5838/5005
f 5005/5838/5005 5025/5858/5025 5026/5859/5026 5006/5839/5006
f 5006/5839/5006 5026/5859/5026 5027/5860/5027 5007/5840/5007
f 5007/5840/5007 5027/5860/5027 5028/5861/5028 5008/5841/5008
f 5008/5841/5008 5028/5861/5028 5029/5862/5029 5009/5842/5009
f 5009/5842/5009 5029/5862/5029 5030/5863/5030 5010/5843/5010
f 5010/5843/5010 5030/5863/5030 5011/5844/5011 4991/5824/4991
f 5011/5844/5011 5031/5864/5031 5032/5865/5032 5012/5845/5012
f 5012/5845/5012 5032/5865/5032 5033/5866/5033 5013/5846/5013
f 5013/5846/5013 5033/5866/5033 5034/5867/5034 5014/5847/5014
f 5014/5847/5014 5034/5867/5034 5035/5868/5035 5015/5848/5015
f 5015/5848/5015 5035/5868/5035 5036/5869/5036 5016/5849/5016
f 5016/5849/5016 5036/5869/5036 5037/5870/5037 5017/5850/5017
f 5017/5850/5017 5037/5870/5037 5038/5871/5038 5018/5851/5018
f 5018/5851/5018 5038/5871/5038 5039/5872/5039 5019/5852/5019
f 5019/5852/5019 5039/5872/5039 5040/5873/5040 5020/5853/5020
f 5020/5853/5020 5040/5873/5040 5041/5874/5041 5021/5854/5021
f 5021/5854/5021 5041/5874/5041 5042/5875/5042 5022/5855/5022
f 5022/5855/5022 5042/5875/5042 5043/5876/5043 5023/5856/5023
f 5023/5856/5023 5043/5876/5043 5044/5877/5044 5024/5857/5024
f 5024/5857/5024 5044/5877/5044 5045/5878/5045 5025/5858/5025
f 5025/5858/5025 5045/5878/5045 5046/5879/5046 5026/5859/5026
f 5026/5859/5026 5046/5879/5046 5047/5880/5047 5027/5860/5027
f 5027/5860/5027 5047/5880/5047 5048/5881/5048 5028/5861/5028
f 5028/5861/5028 5048/5881/5048 5049/5882/5049 5029/5862/5029
f 5029/5862/5029 5049/5882/5049 5050/5883/5050 5030/5863/5030
f 5030/5863/5030 5050/5883/5050 5031/5864/5031 5011/5844/5011
f 5436/5487/5436 5051/5884/5051 5435/5484/5435
f 5437/5489/5437 5051/5884/5051 5436/5487/5436
f 5438/5491/5438 5051/5884/5051 5437/5489/5437
f 5439/5493/5439 5051/5884/5051 5438/5491/5438
f 5440/5495/5440 5051/5884/5051 5439/5493/5439
f 5441/5497/5441 5051/5884/5051 5440/5495/5440
f 5442/5499/5442 5051/5884/5051 5441/5497/5441
f 5443/5501/5443 5051/5884/5051 5442/5499/5442
f 5444/5503/5444 5051/5884/5051 5443/5501/5443
f 5445/5505/5445 5051/5884/5051 5444/5503/5444
f 5446/5507/5446 5051/5884/5051 5445/5505/5445
f 5447/5509/5447 5051/5884/5051 5446/5507/5446
f 5448/5511/5448 5051/5884/5051 5447/5509/5447
f 5449/5513/5449 5051/5884/5051 5448/5511/5448
f 5450/5515/5450 5051/5884/5051 5449/5513/5449
f 5451/5517/5451 5051/5884/5051 5450/5515/5450
f 5452/5519/5452 5051/5884/5051 5451/5517/5451
f 5453/5521/5453 5051/5884/5051 5452/5519/5452
f 5454/5523/5454 5051/5884/5051 5453/5521/5453
f 5435/5484/5435 5051/5884/5051 5454/5523/5454
f 5031/5864/5031 5052/5885/5052 5032/5865/5032
f 5032/5865/5032 5052/5885/5052 5033/5866/5033
f 5033/5866/5033 5052/5885/5052 5034/5867/5034
f 5034/5867/5034 5052/5885/5052 5035/5868/5035
f 5035/5868/5035 5052/5885/5052 5036/5869/5036
f 5036/5869/5036 5052/5885/5052 5037/5870/5037
f 5037/5870/5037 5052/5885/5052 5038/5871/5038
f 5038/5871/5038 5052/5885/5052 5039/5872/5039
f 5039/5872/5039 5052/5885/5052 5040/5873/5040
f 5040/5873/5040 5052/5885/5052 5041/5874/5041
f 5041/5874/5041 5052/5885/5052 5042/5875/5042
f 5042/5875/5042 5052/5885/5052 5043/5876/5043
f 5043/5876/5043 5052/5885/5052 5044/5877/5044
f 5044/5877/5044 5052/5885/5052 5045/5878/5045
f 5045/5878/5045 5052/5885/5052 5046/5879/5046
f 5046/5879/5046 5052/5885/5052 5047/5880/5047
f 5047/5880/5047 5052/5885/5052 5048/5881/5048
f 5048/5881/5048 5052/5885/5052 5049/5882/5049
f 5049/5882/5049 5052/5885/5052 5050/5883/5050
f 5050/5883/5050 5052/5885/5052 5031/5864/5031

g Eyelashes

v -4.274372 22.977839 8.016228
v -4.501982 22.744207 7.638105
v -3.795606 23.250265 8.408937
v -3.179086 23.317345 8.620018
v -2.800936 23.197495 8.521588
v -2.055133 22.614214 8.252225
v -4.681608 22.665554 7.515877
v -4.205184 22.545536 7.974513
v -4.384953 22.650225 7.806603
v -2.824000 22.377190 8.436540
v -2.037874 22.351292 8.115449
v -3.486026 23.318882 8.563837
v -3.937003 22.423618 8.174006
v -3.133464 22.319508 8.414168
v -5.015979 23.280254 8.755393
v -5.280131 23.030107 8.444661
v -4.358194 23.601025 9.320841
v -3.254382 23.689974 9.612357
v -3.822818 23.716040 9.543220
v -2.648375 23.546263 9.590319
v -1.684483 22.787230 9.288213
v -5.469277 22.802664 8.182866
v -4.655619 22.279833 8.263205
v -4.295112 22.065453 8.520246
v -4.870317 22.498590 8.024825
v -4.933054 22.612267 7.833095
v -2.763629 21.958376 8.793918
v -1.897506 22.083033 8.615858
v -3.184171 21.891556 8.838446
v -5.041685 22.680716 7.901109
v -4.889031 22.825825 8.136325
v -4.615313 23.049299 8.427062
v -4.053126 23.374237 8.871809
v -3.669960 23.461967 9.054304
v -3.206426 23.457983 9.159920
v -2.753034 23.328279 9.149195
v -1.969204 22.749849 8.907345
v -2.441424 22.967224 8.379662
v -2.354285 23.104168 9.082015
v -2.181779 23.231346 9.489705
v -3.670826 21.896999 8.766034
v -3.555362 22.309547 8.325452
v -2.421242 22.030598 8.774489
v -2.512499 22.436560 8.359097
v 4.313075 22.920856 7.936183
v 4.567927 22.769892 7.665328
v 3.792597 23.281897 8.431357
v 3.136716 23.305954 8.651458
v 2.763182 23.191093 8.599506
v 2.057153 22.611750 8.294476
v 4.710168 22.670845 7.519520
v 4.220204 22.557474 7.997120
v 4.358469 22.640400 7.862363
v 2.948911 22.363306 8.412332
v 2.018103 22.358652 8.153299
v 3.454525 23.335291 8.576099
v 3.963495 22.416866 8.164474
v 3.279356 22.297503 8.384084
v 5.033955 23.275753 8.916654
v 5.293137 23.041010 8.599445
v 4.375983 23.575872 9.436843
v 3.210116 23.554764 9.614855
v 3.759793 23.592037 9.615817
v 2.630840 23.364367 9.582481
v 1.691672 22.643974 9.267817
v 5.513924 22.794725 8.304772
v 4.688226 22.269978 8.235603
v 4.277039 22.067673 8.524560
v 4.953273 22.501207 7.914175
v 5.040617 22.627171 7.766632
v 2.786060 21.941376 8.748010
v 1.847518 22.046200 8.522902
v 3.250883 21.885382 8.794810
v 5.043067 22.678997 8.006893
v 4.886047 22.819559 8.245528
v 4.601534 23.009075 8.534819
v 4.037188 23.310547 8.970356
v 3.626020 23.365278 9.130013
v 3.183089 23.361736 9.179244
v 2.723342 23.225401 9.136549
v 1.878803 22.563116 8.867186
v 2.405558 22.970860 8.470261
v 2.313330 22.994749 9.043161
v 2.154695 23.095438 9.458048
v 3.745787 21.924829 8.707415
v 3.606735 22.328039 8.277863
v 2.414127 21.998569 8.708028
v 2.631637 22.442324 8.379782
v 4.048587 23.125198 8.252273
v 4.340693 23.193922 8.763916
v 4.733496 23.456175 9.194344
v -4.700747 23.471306 9.085464
v -4.337629 23.231560 8.661214
v -4.070176 23.124880 8.231544
v -2.154782 22.070395 8.701556
v -2.261523 22.424484 8.214099
v 2.081588 22.050032 8.605334
v 2.331791 22.470867 8.272491
vt 0.583119 0.686618
vt 0.571148 0.685095
vt 0.573381 0.672524
vt 0.584284 0.674309
vt 0.584803 0.667896
vt 0.585321 0.661483
vt 0.596340 0.662612
vt 0.595237 0.669096
vt 0.576275 0.648906
vt 0.576062 0.638748
vt 0.584965 0.637768
vt 0.585605 0.649671
vt 0.582780 0.626313
vt 0.591525 0.625134
vt 0.593658 0.636493
vt 0.581045 0.617351
vt 0.579343 0.606872
vt 0.586978 0.603773
vt 0.589297 0.615552
vt 0.595450 0.649102
vt 0.569563 0.693488
vt 0.580536 0.695102
vt 0.554823 0.629698
vt 0.567813 0.625959
vt 0.568444 0.640970
vt 0.555852 0.641334
vt 0.551678 0.614218
vt 0.562092 0.602650
vt 0.565499 0.609283
vt 0.553936 0.680915
vt 0.565674 0.685228
vt 0.564860 0.690493
vt 0.553400 0.684770
vt 0.557315 0.652701
vt 0.569003 0.653265
vt 0.568962 0.665289
vt 0.556769 0.663255
vt 0.555791 0.672737
vt 0.567726 0.676229
vt 0.592035 0.687170
vt 0.589518 0.696159
vt 0.594133 0.675579
vt 0.574020 0.666416
vt 0.574659 0.660308
vt 0.574914 0.628722
vt 0.573313 0.621497
vt 0.571130 0.612695
vt 0.516799 0.686618
vt 0.515634 0.674309
vt 0.526537 0.672524
vt 0.528771 0.685095
vt 0.515098 0.667684
vt 0.504645 0.668881
vt 0.503578 0.662612
vt 0.514597 0.661483
vt 0.523643 0.648906
vt 0.514313 0.649671
vt 0.514953 0.637768
vt 0.523856 0.638748
vt 0.506260 0.636493
vt 0.508394 0.625134
vt 0.517138 0.626313
vt 0.518873 0.617351
vt 0.510621 0.615552
vt 0.512940 0.603773
vt 0.520575 0.606872
vt 0.504468 0.649102
vt 0.530355 0.693488
vt 0.519382 0.695102
vt 0.545095 0.629698
vt 0.544066 0.641334
vt 0.531475 0.640970
vt 0.532105 0.625959
vt 0.548240 0.614218
vt 0.534420 0.609283
vt 0.537826 0.602650
vt 0.546519 0.684770
vt 0.547056 0.688624
vt 0.535873 0.695757
vt 0.535058 0.690493
vt 0.542603 0.652701
vt 0.543149 0.663255
vt 0.530956 0.665289
vt 0.530915 0.653265
vt 0.544127 0.672737
vt 0.532193 0.676229
vt 0.510400 0.696159
vt 0.507883 0.687170
vt 0.505785 0.675579
vt 0.525877 0.666214
vt 0.525259 0.660308
vt 0.525004 0.628722
vt 0.526605 0.621497
vt 0.528788 0.612695
vt 0.545982 0.680915
vt 0.534244 0.685228
vt 0.564045 0.695757
vt 0.552863 0.688624
vn 0.274817 -0.883915 0.378378
vn 0.278081 -0.893600 0.352350
vn 0.132568 -0.936069 0.325883
vn -0.157429 -0.958031 0.239569
vn -0.356751 -0.907212 0.222923
vn -0.607217 -0.760482 0.230119
vn 0.264353 -0.908692 0.323106
vn -0.038797 0.767210 0.640221
vn -0.020888 0.818640 0.573927
vn -0.060727 0.678073 0.732482
vn 0.282273 0.841956 0.459818
vn 0.004594 -0.960922 0.276782
vn -0.066337 0.743238 0.665730
vn -0.108540 0.699633 0.706210
vn 0.026850 -0.821855 0.569064
vn 0.058490 -0.812523 0.579988
vn 0.013448 -0.881437 0.472110
vn -0.155473 -0.881621 0.445616
vn -0.052193 -0.892692 0.447635
vn -0.309540 -0.834909 0.455095
vn -0.491210 -0.750856 0.441508
vn 0.078002 -0.822726 0.563061
vn -0.038797 0.767210 0.640221
vn -0.066337 0.743238 0.665730
vn -0.020888 0.818640 0.573927
vn -0.034158 0.854732 0.517944
vn -0.060727 0.678073 0.732482
vn 0.282273 0.841956 0.459818
vn -0.108540 0.699633 0.706210
vn 0.173363 -0.876709 0.448695
vn 0.170573 -0.864662 0.472509
vn 0.152830 -0.863949 0.479828
vn 0.073303 -0.913138 0.401007
vn -0.023925 -0.931115 0.363941
vn -0.157402 -0.925371 0.344837
vn -0.335728 -0.877815 0.341654
vn -0.553256 -0.761230 0.338284
vn -0.533878 -0.814813 0.225953
vn -0.494990 -0.799620 0.339988
vn -0.448949 -0.772732 0.448699
vn -0.093381 0.727831 0.679369
vn -0.093381 0.727831 0.679369
vn 0.092801 0.732977 0.673894
vn 0.092801 0.732977 0.673894
vn -0.323391 -0.902565 0.284245
vn -0.334819 -0.903550 0.267384
vn -0.199631 -0.965855 0.165142
vn 0.167927 -0.983007 0.074145
vn 0.382765 -0.919289 0.091641
vn 0.670856 -0.727723 0.142730
vn -0.365127 -0.890672 0.270897
vn 0.106685 0.747195 0.655986
vn 0.120151 0.741271 0.660364
vn 0.058425 0.626972 0.776848
vn -0.363736 0.744726 0.559535
vn -0.025506 -0.996399 0.080859
vn 0.058972 0.734300 0.676258
vn 0.091516 0.688097 0.719825
vn -0.020821 -0.825188 0.564475
vn -0.049557 -0.830296 0.555115
vn 0.051031 -0.886409 0.460081
vn 0.157749 -0.909977 0.383480
vn 0.067853 -0.906743 0.416189
vn 0.325551 -0.876281 0.355175
vn 0.555701 -0.729878 0.398090
vn -0.084430 -0.834052 0.545186
vn 0.106685 0.747195 0.655986
vn 0.058972 0.734300 0.676258
vn 0.120151 0.741271 0.660364
vn 0.109754 0.722921 0.682157
vn 0.058425 0.626972 0.776848
vn -0.363736 0.744726 0.559535
vn 0.091516 0.688097 0.719825
vn -0.229343 -0.879830 0.416294
vn -0.196419 -0.885906 0.420227
vn -0.176005 -0.883535 0.434036
vn -0.075403 -0.944630 0.319357
vn 0.021592 -0.967256 0.252881
vn 0.164933 -0.958669 0.231843
vn 0.357457 -0.906236 0.225746
vn 0.619384 -0.736056 0.273102
vn 0.580327 -0.804931 0.123720
vn 0.533541 -0.807143 0.252694
vn 0.476822 -0.794196 0.376686
vn 0.067684 0.727464 0.682799
vn 0.067684 0.727464 0.682799
vn -0.064729 0.629647 0.774180
vn -0.064729 0.629647 0.774180
vn -0.317163 -0.909126 0.269996
vn -0.162994 -0.898139 0.408387
vn -0.001763 -0.848475 0.529233
vn 0.022746 -0.856710 0.515297
vn 0.125811 -0.887546 0.443208
vn 0.226769 -0.903499 0.363683
vn 0.248163 0.809055 0.532771
vn 0.248163 0.809055 0.532771
vn -0.265999 0.706248 0.656093
vn -0.265999 0.706248 0.656093

usemtl PackedMaterial0
f 5719/6186/5719 5690/6187/5690 5689/6188/5689 5720/6189/5720
f 5781/6190/5781 5721/6191/5721 5705/6192/5705 5780/6193/5780
f 5700/6194/5700 5692/6195/5692 5723/6196/5723 5722/6197/5722
f 5723/6196/5723 5724/6198/5724 5708/6199/5708 5706/6200/5706
f 5727/6201/5727 5725/6202/5725 5709/6203/5709 5728/6204/5728
f 5721/6191/5721 5722/6197/5722 5707/6205/5707 5705/6192/5705
f 5695/6206/5695 5690/6187/5690 5719/6186/5719 5718/6207/5718
f 5696/6208/5696 5711/6209/5711 5712/6210/5712 5701/6211/5701
f 5697/6212/5697 5714/6213/5714 5713/6214/5713
f 5732/6215/5732 5731/6216/5731 5783/6217/5783 5784/6218/5784
f 5696/6208/5696 5697/6212/5697 5713/6214/5713 5711/6209/5711
f 5730/6219/5730 5729/6220/5729 5717/6221/5717 5702/6222/5702
f 5698/6223/5698 5702/6222/5702 5717/6221/5717 5715/6224/5715
f 5718/6207/5718 5719/6186/5719 5704/6225/5704 5710/6226/5710
f 5704/6225/5704 5719/6186/5719 5720/6189/5720 5703/6227/5703
f 5782/6228/5782 5691/6229/5691 5721/6191/5721 5781/6190/5781
f 5691/6229/5691 5700/6194/5700 5722/6197/5722 5721/6191/5721
f 5723/6196/5723 5706/6200/5706 5707/6205/5707 5722/6197/5722
f 5692/6195/5692 5693/6230/5693 5724/6198/5724 5723/6196/5723
f 5726/6231/5726 5694/6232/5694 5725/6202/5725 5727/6201/5727
f 5693/6230/5693 5726/6231/5726 5727/6201/5727 5724/6198/5724
f 5724/6198/5724 5727/6201/5727 5728/6204/5728 5708/6199/5708
f 5701/6211/5701 5712/6210/5712 5729/6220/5729 5730/6219/5730
f 5698/6223/5698 5715/6224/5715 5731/6216/5731 5732/6215/5732
f 5763/6233/5763 5764/6234/5764 5733/6235/5733 5734/6236/5734
f 5778/6237/5778 5779/6238/5779 5749/6239/5749 5765/6240/5765
f 5744/6241/5744 5766/6242/5766 5767/6243/5767 5736/6244/5736
f 5767/6243/5767 5750/6245/5750 5752/6246/5752 5768/6247/5768
f 5771/6248/5771 5772/6249/5772 5753/6250/5753 5769/6251/5769
f 5765/6240/5765 5749/6239/5749 5751/6252/5751 5766/6242/5766
f 5739/6253/5739 5762/6254/5762 5763/6233/5763 5734/6236/5734
f 5740/6255/5740 5745/6256/5745 5756/6257/5756 5755/6258/5755
f 5741/6259/5741 5757/6260/5757 5758/6261/5758
f 5786/6262/5786 5743/6263/5743 5760/6264/5760 5785/6265/5785
f 5740/6255/5740 5755/6258/5755 5757/6260/5757 5741/6259/5741
f 5774/6266/5774 5746/6267/5746 5761/6268/5761 5773/6269/5773
f 5742/6270/5742 5759/6271/5759 5761/6268/5761 5746/6267/5746
f 5762/6254/5762 5754/6272/5754 5748/6273/5748 5763/6233/5763
f 5748/6273/5748 5747/6274/5747 5764/6234/5764 5763/6233/5763
f 5777/6275/5777 5778/6237/5778 5765/6240/5765 5735/6276/5735
f 5735/6276/5735 5765/6240/5765 5766/6242/5766 5744/6241/5744
f 5767/6243/5767 5766/6242/5766 5751/6252/5751 5750/6245/5750
f 5736/6244/5736 5767/6243/5767 5768/6247/5768 5737/6277/5737
f 5770/6278/5770 5771/6248/5771 5769/6251/5769 5738/6279/5738
f 5737/6277/5737 5768/6247/5768 5771/6248/5771 5770/6278/5770
f 5768/6247/5768 5752/6246/5752 5772/6249/5772 5771/6248/5771
f 5745/6256/5745 5774/6266/5774 5773/6269/5773 5756/6257/5756
f 5742/6270/5742 5776/6280/5776 5775/6281/5775 5759/6271/5759
f 5733/6235/5733 5764/6234/5764 5778/6237/5778 5777/6275/5777
f 5764/6234/5764 5747/6274/5747 5779/6238/5779 5778/6237/5778
f 5720/6189/5720 5781/6190/5781 5780/6193/5780 5703/6227/5703
f 5689/6188/5689 5782/6228/5782 5781/6190/5781 5720/6189/5720
f 5784/6218/5784 5783/6217/5783 5716/6282/5716 5699/6283/5699
f 5776/6280/5776 5786/6262/5786 5785/6265/5785 5775/6281/5775
